solid OpenSCAD_Model
  facet normal -1 0 0
    outer loop
      vertex 54.75 0 0.06941374119094235
      vertex 54.75 0.4 0.06941374119094235
      vertex 54.75 0 0
    endloop
  endfacet
  facet normal -1 0 0
    outer loop
      vertex 54.75 0 0
      vertex 54.75 0.4 0.06941374119094235
      vertex 54.75 0.4 0
    endloop
  endfacet
  facet normal 0 0 -1
    outer loop
      vertex 54.75 0 0
      vertex 54.75 0.4 0
      vertex 87.25 0.4 0
    endloop
  endfacet
  facet normal 0 1 0
    outer loop
      vertex 54.75 0.4 0.06941374119094235
      vertex 86.5 0.4 1
      vertex 54.75 0.4 0
    endloop
  endfacet
  facet normal 0 1 0
    outer loop
      vertex 54.75 0.4 0.06941374119094235
      vertex 54.77778511494398 0.4 0.08426519483327866
      vertex 86.5 0.4 1
    endloop
  endfacet
  facet normal 0 1 0
    outer loop
      vertex 54.853553391993046 0.4 0.1464466080069542
      vertex 86.5 0.4 1
      vertex 54.77778511494398 0.4 0.08426519483327866
    endloop
  endfacet
  facet normal 0 1 0
    outer loop
      vertex 54.91573480516672 0.4 0.22221488505601883
      vertex 86.5 0.4 1
      vertex 54.853553391993046 0.4 0.1464466080069542
    endloop
  endfacet
  facet normal 0 1 0
    outer loop
      vertex 54.91573480516672 0.4 0.22221488505601883
      vertex 54.96193976700306 0.4 0.30865828692913055
      vertex 86.5 0.4 1
    endloop
  endfacet
  facet normal 0 1 0
    outer loop
      vertex 54.99039264023304 0.4 0.40245483815670013
      vertex 86.5 0.4 1
      vertex 54.96193976700306 0.4 0.30865828692913055
    endloop
  endfacet
  facet normal 0 1 0
    outer loop
      vertex 55 0.4 0.5
      vertex 86.5 0.4 1
      vertex 54.99039264023304 0.4 0.40245483815670013
    endloop
  endfacet
  facet normal 0 -1 0
    outer loop
      vertex 54.75 0 0.06941374119094235
      vertex 54.75 0 0
      vertex 86.5 0 15
    endloop
  endfacet
  facet normal 0 -1 0
    outer loop
      vertex 54.75 0 1.0150000000000006
      vertex 54.75 0 0.06941374119094235
      vertex 86.5 0 15
    endloop
  endfacet
  facet normal 0 1 0
    outer loop
      vertex 55 0.4 15
      vertex 86.5 0.4 1
      vertex 55 0.4 0.5
    endloop
  endfacet
  facet normal 0 -1 0
    outer loop
      vertex 55 0 15
      vertex 54.75 0 1.0150000000000006
      vertex 86.5 0 15
    endloop
  endfacet
  facet normal 0 -1 0
    outer loop
      vertex 54.75 0 0
      vertex 87.25 0 0
      vertex 87.25 0 0.033031127451437214
    endloop
  endfacet
  facet normal 0 -1 0
    outer loop
      vertex 54.75 0 0
      vertex 87.25 0 0.033031127451437214
      vertex 87.25 0 0.9501338908095107
    endloop
  endfacet
  facet normal 0 0 -1
    outer loop
      vertex 54.75 0 0
      vertex 87.25 0.4 0
      vertex 87.25 0 0
    endloop
  endfacet
  facet normal 0 1 0
    outer loop
      vertex 54.75 0.4 0
      vertex 86.6101281940937 0.4 0.543789342045784
      vertex 86.65997407585382 0.4 0.45745373517274857
    endloop
  endfacet
  facet normal 0 1 0
    outer loop
      vertex 54.75 0.4 0
      vertex 86.53737575560808 0.4 0.7291595339775085
      vertex 86.56912624835968 0.4 0.6346589773893356
    endloop
  endfacet
  facet normal 0 1 0
    outer loop
      vertex 54.75 0.4 0
      vertex 86.56912624835968 0.4 0.6346589773893356
      vertex 86.6101281940937 0.4 0.543789342045784
    endloop
  endfacet
  facet normal 0 1 0
    outer loop
      vertex 54.75 0.4 0
      vertex 86.51519224792719 0.4 0.8263518214225769
      vertex 86.53737575560808 0.4 0.7291595339775085
    endloop
  endfacet
  facet normal 0 1 0
    outer loop
      vertex 54.75 0.4 0
      vertex 86.71816851943731 0.4 0.3765101954340935
      vertex 86.78413315117359 0.4 0.3017631843686104
    endloop
  endfacet
  facet normal 0 1 0
    outer loop
      vertex 54.75 0.4 0
      vertex 86.78413315117359 0.4 0.3017631843686104
      vertex 86.85721238702536 0.4 0.23395555466413498
    endloop
  endfacet
  facet normal 0 1 0
    outer loop
      vertex 54.75 0.4 0
      vertex 86.85721238702536 0.4 0.23395555466413498
      vertex 86.93667994439602 0.4 0.17376122623682022
    endloop
  endfacet
  facet normal 0 1 0
    outer loop
      vertex 54.75 0.4 0
      vertex 86.93667994439602 0.4 0.17376122623682022
      vertex 87.0217460244894 0.4 0.12177842855453491
    endloop
  endfacet
  facet normal 0 1 0
    outer loop
      vertex 54.75 0.4 0
      vertex 87.0217460244894 0.4 0.12177842855453491
      vertex 87.1115652024746 0.4 0.07852378487586975
    endloop
  endfacet
  facet normal 0 1 0
    outer loop
      vertex 54.75 0.4 0
      vertex 87.1115652024746 0.4 0.07852378487586975
      vertex 87.20524482429028 0.4 0.04442719370126724
    endloop
  endfacet
  facet normal 0 1 0
    outer loop
      vertex 54.75 0.4 0
      vertex 86.65997407585382 0.4 0.45745373517274857
      vertex 86.71816851943731 0.4 0.3765101954340935
    endloop
  endfacet
  facet normal 0 1 0
    outer loop
      vertex 54.75 0.4 0
      vertex 86.50279620289803 0.4 0.9252699092030525
      vertex 86.51519224792719 0.4 0.8263518214225769
    endloop
  endfacet
  facet normal 0 1 0
    outer loop
      vertex 54.75 0.4 0
      vertex 86.5 0.4 1
      vertex 86.50279620289803 0.4 0.9252699092030525
    endloop
  endfacet
  facet normal 0 1 0
    outer loop
      vertex 54.75 0.4 0
      vertex 87.20524482429028 0.4 0.04442719370126724
      vertex 87.25 0.4 0.033031127451437214
    endloop
  endfacet
  facet normal 0 1 0
    outer loop
      vertex 54.75 0.4 0
      vertex 87.25 0.4 0.033031127451437214
      vertex 87.25 0.4 0
    endloop
  endfacet
  facet normal 0 -1 0
    outer loop
      vertex 54.75 0 0
      vertex 87.25 0 0.9501338908095107
      vertex 87.16172197495557 0 14.95925629613334
    endloop
  endfacet
  facet normal 0 -1 0
    outer loop
      vertex 54.75 0 0
      vertex 87.16172197495557 0 14.95925629613334
      vertex 86.5 0 15
    endloop
  endfacet
  facet normal 0 1 0
    outer loop
      vertex 55 0.4 15
      vertex 86.5 0.4 15
      vertex 86.5 0.4 1
    endloop
  endfacet
  facet normal 1 0 0
    outer loop
      vertex 87.25 0 0.033031127451437214
      vertex 87.25 0 0
      vertex 87.25 0.4 0
    endloop
  endfacet
  facet normal 1 0 0
    outer loop
      vertex 87.25 0 0.033031127451437214
      vertex 87.25 0.4 0
      vertex 87.25 0.4 0.033031127451437214
    endloop
  endfacet
  facet normal 0 -1 0
    outer loop
      vertex 87.25 0 0.9501338908095107
      vertex 87.25 0 0.033031127451437214
      vertex 87.30185385793447 0 0.01982751488685608
    endloop
  endfacet
  facet normal -0.24675736125860645 0 -0.9690772955057246
    outer loop
      vertex 87.25 0 0.033031127451437214
      vertex 87.25 0.4 0.033031127451437214
      vertex 87.30185385793447 0 0.01982751488685608
    endloop
  endfacet
  facet normal -0.24675736125860648 0 -0.9690772955057246
    outer loop
      vertex 87.25 0.4 0.033031127451437214
      vertex 87.30185385793447 1.5 0.01982751488685608
      vertex 87.30185385793447 0 0.01982751488685608
    endloop
  endfacet
  facet normal -0.9479273633584129 0 -0.3184865990844312
    outer loop
      vertex 86.53737575560808 0.4 0.7291595339775085
      vertex 86.53737575560808 1.5 0.7291595339775085
      vertex 86.56912624835968 0.4 0.6346589773893356
    endloop
  endfacet
  facet normal -0.9749279071538742 0 -0.2225209559851989
    outer loop
      vertex 86.51519224792719 0.4 0.8263518214225769
      vertex 86.51519224792719 1.5 0.8263518214225769
      vertex 86.53737575560808 0.4 0.7291595339775085
    endloop
  endfacet
  facet normal -0.9922392061094322 0 -0.12434370856349651
    outer loop
      vertex 86.50279620289803 0.4 0.9252699092030525
      vertex 86.50279620289803 1.5 0.9252699092030525
      vertex 86.51519224792719 0.4 0.8263518214225769
    endloop
  endfacet
  facet normal -0.9993007046966724 0 -0.03739119672775656
    outer loop
      vertex 86.5 0.4 1
      vertex 86.5 1.5 1
      vertex 86.50279620289803 0.4 0.9252699092030525
    endloop
  endfacet
  facet normal -0.6038043649216873 0 -0.7971325416149548
    outer loop
      vertex 86.85721238702536 0.4 0.23395555466413498
      vertex 86.85721238702536 1.5 0.23395555466413498
      vertex 86.93667994439602 0.4 0.17376122623682022
    endloop
  endfacet
  facet normal -0.7497811876234217 0 -0.6616858549840787
    outer loop
      vertex 86.71816851943731 0.4 0.3765101954340935
      vertex 86.71816851943731 1.5 0.3765101954340935
      vertex 86.78413315117359 0.4 0.3017631843686104
    endloop
  endfacet
  facet normal -0.8660254216305355 0 -0.4999999690896523
    outer loop
      vertex 86.6101281940937 0.4 0.543789342045784
      vertex 86.6101281940937 1.5 0.543789342045784
      vertex 86.65997407585382 0.4 0.45745373517274857
    endloop
  endfacet
  facet normal -0.8119379978917788 0 -0.5837436831174191
    outer loop
      vertex 86.65997407585382 0.4 0.45745373517274857
      vertex 86.65997407585382 1.5 0.45745373517274857
      vertex 86.71816851943731 0.4 0.3765101954340935
    endloop
  endfacet
  facet normal -0.6801727815643303 0 -0.7330518311954769
    outer loop
      vertex 86.78413315117359 0.4 0.3017631843686104
      vertex 86.78413315117359 1.5 0.3017631843686104
      vertex 86.85721238702536 0.4 0.23395555466413498
    endloop
  endfacet
  facet normal -0.4338837983858614 0 -0.9009688393603063
    outer loop
      vertex 87.0217460244894 0.4 0.12177842855453491
      vertex 87.0217460244894 1.5 0.12177842855453491
      vertex 87.1115652024746 0.4 0.07852378487586975
    endloop
  endfacet
  facet normal -0.5214351904535388 0 -0.8532908895310448
    outer loop
      vertex 86.93667994439602 0.4 0.17376122623682022
      vertex 86.93667994439602 1.5 0.17376122623682022
      vertex 87.0217460244894 0.4 0.12177842855453491
    endloop
  endfacet
  facet normal -0.34202011920113706 0 -0.9396926295665196
    outer loop
      vertex 87.1115652024746 0.4 0.07852378487586975
      vertex 87.1115652024746 1.5 0.07852378487586975
      vertex 87.20524482429028 0.4 0.04442719370126724
    endloop
  endfacet
  facet normal -0.24675736125844847 0 -0.9690772955057649
    outer loop
      vertex 87.20524482429028 0.4 0.04442719370126724
      vertex 87.20524482429028 1.5 0.04442719370126724
      vertex 87.25 0.4 0.033031127451437214
    endloop
  endfacet
  facet normal -0.9115058341188885 0 -0.4112871434499613
    outer loop
      vertex 86.56912624835968 0.4 0.6346589773893356
      vertex 86.56912624835968 1.5 0.6346589773893356
      vertex 86.6101281940937 0.4 0.543789342045784
    endloop
  endfacet
  facet normal -0.9479273633584129 0 -0.3184865990844312
    outer loop
      vertex 86.56912624835968 0.4 0.6346589773893356
      vertex 86.53737575560808 1.5 0.7291595339775085
      vertex 86.56912624835968 1.5 0.6346589773893356
    endloop
  endfacet
  facet normal -0.9749279071538742 0 -0.2225209559851989
    outer loop
      vertex 86.53737575560808 0.4 0.7291595339775085
      vertex 86.51519224792719 1.5 0.8263518214225769
      vertex 86.53737575560808 1.5 0.7291595339775085
    endloop
  endfacet
  facet normal -0.9922392061094322 0 -0.12434370856349651
    outer loop
      vertex 86.51519224792719 0.4 0.8263518214225769
      vertex 86.50279620289803 1.5 0.9252699092030525
      vertex 86.51519224792719 1.5 0.8263518214225769
    endloop
  endfacet
  facet normal -0.9993007046966724 0 -0.03739119672775656
    outer loop
      vertex 86.50279620289803 0.4 0.9252699092030525
      vertex 86.5 1.5 1
      vertex 86.50279620289803 1.5 0.9252699092030525
    endloop
  endfacet
  facet normal -0.6801727815643303 0 -0.7330518311954769
    outer loop
      vertex 86.85721238702536 0.4 0.23395555466413498
      vertex 86.78413315117359 1.5 0.3017631843686104
      vertex 86.85721238702536 1.5 0.23395555466413498
    endloop
  endfacet
  facet normal -0.6038043649216873 0 -0.7971325416149548
    outer loop
      vertex 86.93667994439602 0.4 0.17376122623682022
      vertex 86.85721238702536 1.5 0.23395555466413498
      vertex 86.93667994439602 1.5 0.17376122623682022
    endloop
  endfacet
  facet normal -0.8660254216305355 0 -0.4999999690896523
    outer loop
      vertex 86.65997407585382 0.4 0.45745373517274857
      vertex 86.6101281940937 1.5 0.543789342045784
      vertex 86.65997407585382 1.5 0.45745373517274857
    endloop
  endfacet
  facet normal -0.8119379978917788 0 -0.5837436831174191
    outer loop
      vertex 86.71816851943731 0.4 0.3765101954340935
      vertex 86.65997407585382 1.5 0.45745373517274857
      vertex 86.71816851943731 1.5 0.3765101954340935
    endloop
  endfacet
  facet normal -0.7497811876234217 0 -0.6616858549840787
    outer loop
      vertex 86.78413315117359 0.4 0.3017631843686104
      vertex 86.71816851943731 1.5 0.3765101954340935
      vertex 86.78413315117359 1.5 0.3017631843686104
    endloop
  endfacet
  facet normal -0.4338837983858614 0 -0.9009688393603063
    outer loop
      vertex 87.1115652024746 0.4 0.07852378487586975
      vertex 87.0217460244894 1.5 0.12177842855453491
      vertex 87.1115652024746 1.5 0.07852378487586975
    endloop
  endfacet
  facet normal -0.5214351904535388 0 -0.8532908895310448
    outer loop
      vertex 87.0217460244894 0.4 0.12177842855453491
      vertex 86.93667994439602 1.5 0.17376122623682022
      vertex 87.0217460244894 1.5 0.12177842855453491
    endloop
  endfacet
  facet normal -0.34202011920113706 0 -0.9396926295665196
    outer loop
      vertex 87.20524482429028 0.4 0.04442719370126724
      vertex 87.1115652024746 1.5 0.07852378487586975
      vertex 87.20524482429028 1.5 0.04442719370126724
    endloop
  endfacet
  facet normal -0.2467573612585333 -3.6739561957917925e-15 -0.9690772955057432
    outer loop
      vertex 87.25 0.4 0.033031127451437214
      vertex 87.20524482429028 1.5 0.04442719370126724
      vertex 87.30185385793447 1.5 0.01982751488685608
    endloop
  endfacet
  facet normal -0.9115058341188885 0 -0.4112871434499613
    outer loop
      vertex 86.6101281940937 0.4 0.543789342045784
      vertex 86.56912624835968 1.5 0.6346589773893356
      vertex 86.6101281940937 1.5 0.543789342045784
    endloop
  endfacet
  facet normal -1 0 0
    outer loop
      vertex 86.5 0.4 15
      vertex 86.5 1.5 1
      vertex 86.5 0.4 1
    endloop
  endfacet
  facet normal 0 -1 0
    outer loop
      vertex 87.30185385793447 0 0.01982751488685608
      vertex 87.40043215453625 0 0.0049692243337631226
      vertex 87.5 0 0
    endloop
  endfacet
  facet normal 0 -1 0
    outer loop
      vertex 87.25 0 0.9501338908095107
      vertex 87.30185385793447 0 0.01982751488685608
      vertex 88.3358487594149 0 0.0027164559081143125
    endloop
  endfacet
  facet normal 0 -1 0
    outer loop
      vertex 87.30185385793447 0 0.01982751488685608
      vertex 87.5 0 0
      vertex 88.3358487594149 0 0.0027164559081143125
    endloop
  endfacet
  facet normal 0 -1 0
    outer loop
      vertex 87.5 0 0
      vertex 88.5 0 0
      vertex 88.3358487594149 0 0.0027164559081143125
    endloop
  endfacet
  facet normal 0 -1 0
    outer loop
      vertex 87.25 0 0.9501338908095107
      vertex 88.3358487594149 0 0.0027164559081143125
      vertex 88.5647147987078 0 0.009958313668661845
    endloop
  endfacet
  facet normal 0 -1 0
    outer loop
      vertex 87.25 0 0.9501338908095107
      vertex 88.5647147987078 0 0.009958313668661845
      vertex 88.66053933245959 0 0.023801120758349725
    endloop
  endfacet
  facet normal 0 -1 0
    outer loop
      vertex 87.25 0 0.9501338908095107
      vertex 88.66053933245959 0 0.023801120758349725
      vertex 88.75268894346355 0 0.048269698958549156
    endloop
  endfacet
  facet normal 0 -1 0
    outer loop
      vertex 87.25 0 0.9501338908095107
      vertex 88.75268894346355 0 0.048269698958549156
      vertex 88.6418777688141 0 0.191003196722761
    endloop
  endfacet
  facet normal 0 -1 0
    outer loop
      vertex 88.5647147987078 0 0.009958313668661845
      vertex 88.67018495548457 0 0.017466624094581107
      vertex 88.66053933245959 0 0.023801120758349725
    endloop
  endfacet
  facet normal 0 -1 0
    outer loop
      vertex 88.66053933245959 0 0.023801120758349725
      vertex 88.76725980640182 0 0.03952474905688064
      vertex 88.75268894346355 0 0.048269698958549156
    endloop
  endfacet
  facet normal 0 -1 0
    outer loop
      vertex 87.25 0 0.9501338908095107
      vertex 88.6418777688141 0 0.191003196722761
      vertex 89.29067177549219 0 0.539368846656231
    endloop
  endfacet
  facet normal 0 -1 0
    outer loop
      vertex 87.25 0 0.9501338908095107
      vertex 89.29067177549219 0 0.539368846656231
      vertex 89.39541882690706 0 0.6156279758490513
    endloop
  endfacet
  facet normal 0 -1 0
    outer loop
      vertex 87.25 0 0.9501338908095107
      vertex 89.4427176145001 0 0.6699254722794734
      vertex 89.38769832664283 0 0.7127810606439056
    endloop
  endfacet
  facet normal 0 -1 0
    outer loop
      vertex 87.25 0 0.9501338908095107
      vertex 89.39541882690706 0 0.6156279758490513
      vertex 89.42965167529071 0 0.6340270964701915
    endloop
  endfacet
  facet normal 0 -1 0
    outer loop
      vertex 87.25 0 0.9501338908095107
      vertex 89.42965167529071 0 0.6340270964701915
      vertex 89.4427176145001 0 0.6699254722794734
    endloop
  endfacet
  facet normal 0 -1 0
    outer loop
      vertex 87.25 0 0.9501338908095107
      vertex 89.38769832664283 0 0.7127810606439056
      vertex 89.4536020851689 0 0.803620474554279
    endloop
  endfacet
  facet normal 0 -1 0
    outer loop
      vertex 88.6418777688141 0 0.191003196722761
      vertex 89.33734007570983 0 0.529975025156034
      vertex 89.29067177549219 0 0.539368846656231
    endloop
  endfacet
  facet normal 0 -1 0
    outer loop
      vertex 89.38769832664283 0 0.7127810606439056
      vertex 89.4427176145001 0 0.6699254722794734
      vertex 89.44480674012553 0 0.70644020169415
    endloop
  endfacet
  facet normal 0 -1 0
    outer loop
      vertex 89.49501180056569 0 1.030144683260474
      vertex 89.48678537603263 0 0.9501129440617291
      vertex 89.49793782382241 0 0.9586803844668168
    endloop
  endfacet
  facet normal -0.1490422959585343 0 -0.9888308217361595
    outer loop
      vertex 87.30185385793447 0 0.01982751488685608
      vertex 87.40043215453625 1.5 0.0049692243337631226
      vertex 87.40043215453625 0 0.0049692243337631226
    endloop
  endfacet
  facet normal -0.04984588321586722 0 -0.9987569213409387
    outer loop
      vertex 87.40043215453625 0 0.0049692243337631226
      vertex 87.5 1.5 0
      vertex 87.5 0 0
    endloop
  endfacet
  facet normal 0 0 -1
    outer loop
      vertex 87.5 0 0
      vertex 88.5 1.5 0
      vertex 88.5 0 0
    endloop
  endfacet
  facet normal 0 -1 0
    outer loop
      vertex 87.16172197495557 0 14.95925629613334
      vertex 87.25 0 0.9501338908095107
      vertex 89.4536020851689 0 0.803620474554279
    endloop
  endfacet
  facet normal 0 -1 0
    outer loop
      vertex 87.16172197495557 0 14.95925629613334
      vertex 89.48344171633848 0 0.8235437854695107
      vertex 89.49328270116843 0 0.8888344404041106
    endloop
  endfacet
  facet normal 0 -1 0
    outer loop
      vertex 87.16172197495557 0 14.95925629613334
      vertex 89.4536020851689 0 0.803620474554279
      vertex 89.48344171633848 0 0.8235437854695107
    endloop
  endfacet
  facet normal 0 -1 0
    outer loop
      vertex 87.16172197495557 0 14.95925629613334
      vertex 89.49328270116843 0 0.8888344404041106
      vertex 89.48678537603263 0 0.9501129440617291
    endloop
  endfacet
  facet normal 0 -1 0
    outer loop
      vertex 87.22911365754642 0 15
      vertex 89.49501180056569 0 1.030144683260474
      vertex 89.5 0 1.0342720072938363
    endloop
  endfacet
  facet normal 0 -1 0
    outer loop
      vertex 87.22911365754642 0 15
      vertex 89.48678537603263 0 0.9501129440617291
      vertex 89.49501180056569 0 1.030144683260474
    endloop
  endfacet
  facet normal 0 -1 0
    outer loop
      vertex 87.22911365754642 0 15
      vertex 89.5 0 1.0342720072938363
      vertex 89.5 0 1.5590032509395115
    endloop
  endfacet
  facet normal -0.1490422959585343 0 -0.9888308217361595
    outer loop
      vertex 87.30185385793447 0 0.01982751488685608
      vertex 87.30185385793447 1.5 0.01982751488685608
      vertex 87.40043215453625 1.5 0.0049692243337631226
    endloop
  endfacet
  facet normal -0.04984588321586722 0 -0.9987569213409387
    outer loop
      vertex 87.40043215453625 0 0.0049692243337631226
      vertex 87.40043215453625 1.5 0.0049692243337631226
      vertex 87.5 1.5 0
    endloop
  endfacet
  facet normal 0 0 -1
    outer loop
      vertex 87.5 0 0
      vertex 87.5 1.5 0
      vertex 88.25 1.5 0
    endloop
  endfacet
  facet normal 0 0 -1
    outer loop
      vertex 87.5 0 0
      vertex 88.25 1.5 0
      vertex 88.5 1.5 0
    endloop
  endfacet
  facet normal 0 -1 0
    outer loop
      vertex 86.5 0 15
      vertex 87.16172197495557 0 14.95925629613334
      vertex 87.22911365754642 0 15
    endloop
  endfacet
  facet normal -1 0 0
    outer loop
      vertex 86.5 0.4 15
      vertex 86.5 1.5 15
      vertex 86.5 1.5 1
    endloop
  endfacet
  facet normal 0 -1 0
    outer loop
      vertex 87.16172197495557 0 14.95925629613334
      vertex 89.48678537603263 0 0.9501129440617291
      vertex 87.22911365754642 0 15
    endloop
  endfacet
  facet normal 0 -1 0
    outer loop
      vertex 87.22911365754642 0 15
      vertex 89.5 0 1.5590032509395115
      vertex 88.93065245576346 0 15.110059711140984
    endloop
  endfacet
  facet normal 0 -1 0
    outer loop
      vertex 87.21784545036955 0 15.066694635130169
      vertex 87.22911365754642 0 15
      vertex 88.93065245576346 0 15.110059711140984
    endloop
  endfacet
  facet normal 0 1 0
    outer loop
      vertex 86.85721238702536 1.5 0.23395555466413498
      vertex 88.01903011649847 1.5 0.15432914346456528
      vertex 86.93667994439602 1.5 0.17376122623682022
    endloop
  endfacet
  facet normal 0 1 0
    outer loop
      vertex 86.78413315117359 1.5 0.3017631843686104
      vertex 88 1.5 0.25
      vertex 86.85721238702536 1.5 0.23395555466413498
    endloop
  endfacet
  facet normal 0 1 0
    outer loop
      vertex 86.93242949992418 1.5 1
      vertex 88 1.5 0.25
      vertex 86.78413315117359 1.5 0.3017631843686104
    endloop
  endfacet
  facet normal 0 1 0
    outer loop
      vertex 86.93242949992418 1.5 1
      vertex 86.65997407585382 1.5 0.45745373517274857
      vertex 86.6101281940937 1.5 0.543789342045784
    endloop
  endfacet
  facet normal 0 1 0
    outer loop
      vertex 86.56912624835968 1.5 0.6346589773893356
      vertex 86.93242949992418 1.5 1
      vertex 86.6101281940937 1.5 0.543789342045784
    endloop
  endfacet
  facet normal 0 1 0
    outer loop
      vertex 86.93242949992418 1.5 1
      vertex 86.78413315117359 1.5 0.3017631843686104
      vertex 86.71816851943731 1.5 0.3765101954340935
    endloop
  endfacet
  facet normal 0 1 0
    outer loop
      vertex 86.93242949992418 1.5 1
      vertex 86.71816851943731 1.5 0.3765101954340935
      vertex 86.65997407585382 1.5 0.45745373517274857
    endloop
  endfacet
  facet normal 0 1 0
    outer loop
      vertex 86.51519224792719 1.5 0.8263518214225769
      vertex 86.93242949992418 1.5 1
      vertex 86.53737575560808 1.5 0.7291595339775085
    endloop
  endfacet
  facet normal 0 1 0
    outer loop
      vertex 86.53737575560808 1.5 0.7291595339775085
      vertex 86.93242949992418 1.5 1
      vertex 86.56912624835968 1.5 0.6346589773893356
    endloop
  endfacet
  facet normal 0 1 0
    outer loop
      vertex 86.5 1.5 1
      vertex 86.93242949992418 1.5 1
      vertex 86.50279620289803 1.5 0.9252699092030525
    endloop
  endfacet
  facet normal 0 1 0
    outer loop
      vertex 86.50279620289803 1.5 0.9252699092030525
      vertex 86.93242949992418 1.5 1
      vertex 86.51519224792719 1.5 0.8263518214225769
    endloop
  endfacet
  facet normal 0 1 0
    outer loop
      vertex 86.5 1.5 15
      vertex 86.93242949992418 1.5 1
      vertex 86.5 1.5 1
    endloop
  endfacet
  facet normal 0 1 0
    outer loop
      vertex 87.30185385793447 1.5 0.01982751488685608
      vertex 87.5 1.5 0
      vertex 87.40043215453625 1.5 0.0049692243337631226
    endloop
  endfacet
  facet normal 0 1 0
    outer loop
      vertex 87.1115652024746 1.5 0.07852378487586975
      vertex 88.07322330772877 1.5 0.0732233077287674
      vertex 87.20524482429028 1.5 0.04442719370126724
    endloop
  endfacet
  facet normal 0 1 0
    outer loop
      vertex 87.0217460244894 1.5 0.12177842855453491
      vertex 88.07322330772877 1.5 0.0732233077287674
      vertex 87.1115652024746 1.5 0.07852378487586975
    endloop
  endfacet
  facet normal 0 1 0
    outer loop
      vertex 86.93667994439602 1.5 0.17376122623682022
      vertex 88.01903011649847 1.5 0.15432914346456528
      vertex 87.0217460244894 1.5 0.12177842855453491
    endloop
  endfacet
  facet normal 0 1 0
    outer loop
      vertex 87.20524482429028 1.5 0.04442719370126724
      vertex 88.15432914346457 1.5 0.019030116498470306
      vertex 87.30185385793447 1.5 0.01982751488685608
    endloop
  endfacet
  facet normal 0 1 0
    outer loop
      vertex 87.30185385793447 1.5 0.01982751488685608
      vertex 88.15432914346457 1.5 0.019030116498470306
      vertex 87.5 1.5 0
    endloop
  endfacet
  facet normal 0 1 0
    outer loop
      vertex 86.85721238702536 1.5 0.23395555466413498
      vertex 88 1.5 0.25
      vertex 88.01903011649847 1.5 0.15432914346456528
    endloop
  endfacet
  facet normal 0 1 0
    outer loop
      vertex 87.0217460244894 1.5 0.12177842855453491
      vertex 88.01903011649847 1.5 0.15432914346456528
      vertex 88.07322330772877 1.5 0.0732233077287674
    endloop
  endfacet
  facet normal 0 1 0
    outer loop
      vertex 87.20524482429028 1.5 0.04442719370126724
      vertex 88.07322330772877 1.5 0.0732233077287674
      vertex 88.15432914346457 1.5 0.019030116498470306
    endloop
  endfacet
  facet normal 0 1 0
    outer loop
      vertex 87.5 1.5 0
      vertex 88.15432914346457 1.5 0.019030116498470306
      vertex 88.25 1.5 0
    endloop
  endfacet
  facet normal 0 1 0
    outer loop
      vertex 86.93242949992418 1.5 1
      vertex 88 1.5 1
      vertex 88 1.5 0.25
    endloop
  endfacet
  facet normal 0 1 0
    outer loop
      vertex 86.5 1.5 15
      vertex 86.5 1.5 15.013394906936746
      vertex 86.93242949992418 1.5 1
    endloop
  endfacet
  facet normal 0 1 0
    outer loop
      vertex 86.93242949992418 1.5 19.28828633328279
      vertex 86.93242949992418 1.5 1
      vertex 86.5 1.5 15.013394906936746
    endloop
  endfacet
  facet normal 0 -1 0
    outer loop
      vertex 55 0 15.019142859851648
      vertex 55 0 15
      vertex 86.5 0 15
    endloop
  endfacet
  facet normal 0 -1 0
    outer loop
      vertex 55 0 15.989136776031067
      vertex 55 0 15.019142859851648
      vertex 89.04565499151362 0 15.21771454696571
    endloop
  endfacet
  facet normal 0 0 -1
    outer loop
      vertex 55 0.4 15
      vertex 55 1.5 15
      vertex 86.5 0.4 15
    endloop
  endfacet
  facet normal 0 1 0
    outer loop
      vertex 55 1.5 15.989136776031067
      vertex 86.5 1.5 15.013394906936746
      vertex 55 1.5 15
    endloop
  endfacet
  facet normal 0 -1 0
    outer loop
      vertex 53.33741655652204 0 65.53570160278278
      vertex 55 0 15.989136776031067
      vertex 89.04565499151362 0 15.21771454696571
    endloop
  endfacet
  facet normal 0 -1 0
    outer loop
      vertex 55 0 15.019142859851648
      vertex 86.5 0 15
      vertex 87.22911365754642 0 15
    endloop
  endfacet
  facet normal 0 -1 0
    outer loop
      vertex 55 0 15.019142859851648
      vertex 87.22911365754642 0 15
      vertex 87.21784545036955 0 15.066694635130169
    endloop
  endfacet
  facet normal 0 -1 0
    outer loop
      vertex 55 0 15.019142859851648
      vertex 87.21784545036955 0 15.066694635130169
      vertex 88.93065245576346 0 15.110059711140984
    endloop
  endfacet
  facet normal 0 -1 0
    outer loop
      vertex 55 0 15.019142859851648
      vertex 88.93065245576346 0 15.110059711140984
      vertex 88.92857511369148 0 15.159502586568657
    endloop
  endfacet
  facet normal 0 -1 0
    outer loop
      vertex 55 0 15.019142859851648
      vertex 88.92857511369148 0 15.159502586568657
      vertex 89.04565499151362 0 15.21771454696571
    endloop
  endfacet
  facet normal 0 0 -1
    outer loop
      vertex 55 1.5 15
      vertex 86.5 1.5 15
      vertex 86.5 0.4 15
    endloop
  endfacet
  facet normal 0 1 0
    outer loop
      vertex 55 1.5 15
      vertex 86.5 1.5 15.013394906936746
      vertex 86.5 1.5 15
    endloop
  endfacet
  facet normal 0 -1 0
    outer loop
      vertex 53.33741655652204 0 65.53570160278278
      vertex 89.04565499151362 0 15.21771454696571
      vertex 88.93135260733096 0 16.778936261688308
    endloop
  endfacet
  facet normal 0 1 0
    outer loop
      vertex 55 1.5 15.989136776031067
      vertex 86.93242949992418 1.5 19.28828633328279
      vertex 86.5 1.5 15.013394906936746
    endloop
  endfacet
  facet normal 0 1 0
    outer loop
      vertex 55 1.5 15.989136776031067
      vertex 86.93242949992418 1.5 29
      vertex 86.93242949992418 1.5 19.28828633328279
    endloop
  endfacet
  facet normal 0 1 0
    outer loop
      vertex 86.93242949992418 1.5 29
      vertex 88 1.5 29.5
      vertex 88 1.5 29
    endloop
  endfacet
  facet normal 0 1 0
    outer loop
      vertex 53.33741655652204 1.5 65.53570160278278
      vertex 86.93242949992418 1.5 29
      vertex 55 1.5 15.989136776031067
    endloop
  endfacet
  facet normal 0 -1 0
    outer loop
      vertex 54.50291783500155 0 66.99971261833933
      vertex 54.5 0 67
      vertex 54.49953376841684 0 66.99971455209194
    endloop
  endfacet
  facet normal 0 -1 0
    outer loop
      vertex 53.33741655652204 0 65.53570160278278
      vertex 89.46262424439192 0 66.27084046602249
      vertex 54.94456980589693 0 66.46785048742022
    endloop
  endfacet
  facet normal 0 -1 0
    outer loop
      vertex 54.50291783500155 0 66.99971261833933
      vertex 88.5 0 67
      vertex 54.5 0 67
    endloop
  endfacet
  facet normal 0 -1 0
    outer loop
      vertex 54.50291783500155 0 66.99971261833933
      vertex 54.541951777400065 0 66.99586811061944
      vertex 88.69814614206553 0 66.98017248511314
    endloop
  endfacet
  facet normal 0 -1 0
    outer loop
      vertex 54.541951777400065 0 66.99586811061944
      vertex 54.58612909864965 0 66.98343539028991
      vertex 88.8884347975254 0 66.92147621512413
    endloop
  endfacet
  facet normal 0 -1 0
    outer loop
      vertex 54.58612909864965 0 66.98343539028991
      vertex 54.58460833568517 0 66.98250859723798
      vertex 88.8884347975254 0 66.92147621512413
    endloop
  endfacet
  facet normal 0 -1 0
    outer loop
      vertex 54.63243064834447 0 66.92624207943756
      vertex 54.727979354236346 0 66.88575272585501
      vertex 89.14278761297464 0 66.76604444533587
    endloop
  endfacet
  facet normal 0 -1 0
    outer loop
      vertex 54.727979354236346 0 66.88575272585501
      vertex 54.724287030783614 0 66.88353002042834
      vertex 89.14278761297464 0 66.76604444533587
    endloop
  endfacet
  facet normal 0 -1 0
    outer loop
      vertex 54.63243064834447 0 66.92624207943756
      vertex 88.9782539755106 0 66.87822157144547
      vertex 54.688679719674695 0 66.96032670825086
    endloop
  endfacet
  facet normal 0 -1 0
    outer loop
      vertex 54.58460833568517 0 66.98250859723798
      vertex 54.688679719674695 0 66.96032670825086
      vertex 88.9782539755106 0 66.87822157144547
    endloop
  endfacet
  facet normal 0 -1 0
    outer loop
      vertex 54.90787343357851 0 66.54934352439004
      vertex 54.94456980589693 0 66.46785048742022
      vertex 89.46262424439192 0 66.27084046602249
    endloop
  endfacet
  facet normal 0 -1 0
    outer loop
      vertex 54.79324570743627 0 66.70513553911013
      vertex 54.865139830897895 0 66.6343701414543
      vertex 89.3898718059063 0 66.45621065795422
    endloop
  endfacet
  facet normal 0 -1 0
    outer loop
      vertex 54.865139830897895 0 66.6343701414543
      vertex 54.85828754935213 0 66.63033723332926
      vertex 89.3898718059063 0 66.45621065795422
    endloop
  endfacet
  facet normal 0 -1 0
    outer loop
      vertex 54.91114654269052 0 66.77506376807405
      vertex 54.79324570743627 0 66.70513553911013
      vertex 89.28183148056269 0 66.6234898045659
    endloop
  endfacet
  facet normal 0 -1 0
    outer loop
      vertex 54.85828754935213 0 66.63033723332926
      vertex 54.915518707163976 0 66.55380932963149
      vertex 89.43087375164032 0 66.36534102261066
    endloop
  endfacet
  facet normal 0 -1 0
    outer loop
      vertex 54.915518707163976 0 66.55380932963149
      vertex 54.90787343357851 0 66.54934352439004
      vertex 89.43087375164032 0 66.36534102261066
    endloop
  endfacet
  facet normal 0 -1 0
    outer loop
      vertex 54.82186619934664 0 66.83461576161109
      vertex 54.817166973387046 0 66.83180730188741
      vertex 89.21586684882641 0 66.69823681563139
    endloop
  endfacet
  facet normal 0 -1 0
    outer loop
      vertex 54.724287030783614 0 66.88353002042834
      vertex 54.82186619934664 0 66.83461576161109
      vertex 89.21586684882641 0 66.69823681563139
    endloop
  endfacet
  facet normal 0 -1 0
    outer loop
      vertex 54.817166973387046 0 66.83180730188741
      vertex 54.91114654269052 0 66.77506376807405
      vertex 89.28183148056269 0 66.6234898045659
    endloop
  endfacet
  facet normal 0 0 1
    outer loop
      vertex 54.5 0 67
      vertex 88.5 1.5 67
      vertex 54.5 1.5 67
    endloop
  endfacet
  facet normal 0 1 0
    outer loop
      vertex 53.03175779989847 1.5 65.95630002349621
      vertex 53.03181014340097 1.5 65.95633174151058
      vertex 86.93242949992418 1.5 29
    endloop
  endfacet
  facet normal 0 1 0
    outer loop
      vertex 53.01246081016866 1.5 66.08926172051143
      vertex 86.93242949992418 1.5 29
      vertex 53.04513454789283 1.5 66.04431267620143
    endloop
  endfacet
  facet normal 0 1 0
    outer loop
      vertex 53.04513454789283 1.5 66.04431267620143
      vertex 86.93242949992418 1.5 29
      vertex 53.03181014340097 1.5 65.95633174151058
    endloop
  endfacet
  facet normal 0 1 0
    outer loop
      vertex 53.03175779989847 1.5 65.95630002349621
      vertex 86.93242949992418 1.5 29
      vertex 53.33741655652204 1.5 65.53570160278278
    endloop
  endfacet
  facet normal 0 1 0
    outer loop
      vertex 53.01246081016866 1.5 66.08926172051143
      vertex 54.5 1.5 67
      vertex 86.93242949992418 1.5 29
    endloop
  endfacet
  facet normal 0 -1 0
    outer loop
      vertex 53.33741655652204 0 65.53570160278278
      vertex 88.93135260733096 0 16.778936261688308
      vertex 89.5 0 25.26820684287324
    endloop
  endfacet
  facet normal 0 -1 0
    outer loop
      vertex 53.33741655652204 0 65.53570160278278
      vertex 89.5 0 25.26820684287324
      vertex 89.5 0 30
    endloop
  endfacet
  facet normal 1 0 0
    outer loop
      vertex 89.5 1.5 66
      vertex 89.5 0 30
      vertex 89.5 1.5 30
    endloop
  endfacet
  facet normal 0 1 0
    outer loop
      vertex 89.5 1.5 66
      vertex 88 1.5 29.5
      vertex 86.93242949992418 1.5 29
    endloop
  endfacet
  facet normal 0 1 0
    outer loop
      vertex 89.5 1.5 66
      vertex 88.00960735976696 1.5 29.5975451618433
      vertex 88 1.5 29.5
    endloop
  endfacet
  facet normal 0 1 0
    outer loop
      vertex 89.5 1.5 66
      vertex 88.03806023299694 1.5 29.69134171307087
      vertex 88.00960735976696 1.5 29.5975451618433
    endloop
  endfacet
  facet normal 0 1 0
    outer loop
      vertex 89.5 1.5 66
      vertex 88.08426519483328 1.5 29.77778511494398
      vertex 88.03806023299694 1.5 29.69134171307087
    endloop
  endfacet
  facet normal 0 1 0
    outer loop
      vertex 89.5 1.5 66
      vertex 88.14644660800695 1.5 29.853553391993046
      vertex 88.08426519483328 1.5 29.77778511494398
    endloop
  endfacet
  facet normal 0 1 0
    outer loop
      vertex 89.5 1.5 66
      vertex 88.22221488505602 1.5 29.91573480516672
      vertex 88.14644660800695 1.5 29.853553391993046
    endloop
  endfacet
  facet normal 0 1 0
    outer loop
      vertex 89.5 1.5 66
      vertex 88.30865828692913 1.5 29.96193976700306
      vertex 88.22221488505602 1.5 29.91573480516672
    endloop
  endfacet
  facet normal 0 1 0
    outer loop
      vertex 89.5 1.5 66
      vertex 88.4024548381567 1.5 29.99039264023304
      vertex 88.30865828692913 1.5 29.96193976700306
    endloop
  endfacet
  facet normal 0 1 0
    outer loop
      vertex 89.5 1.5 66
      vertex 88.5 1.5 30
      vertex 88.4024548381567 1.5 29.99039264023304
    endloop
  endfacet
  facet normal 0 1 0
    outer loop
      vertex 89.5 1.5 66
      vertex 89.5 1.5 30
      vertex 88.5 1.5 30
    endloop
  endfacet
  facet normal 0 -1 0
    outer loop
      vertex 53.33741655652204 0 65.53570160278278
      vertex 89.5 0 30
      vertex 89.5 0 66
    endloop
  endfacet
  facet normal 0 -1 0
    outer loop
      vertex 53.33741655652204 0 65.53570160278278
      vertex 89.5 0 66
      vertex 89.49720379710197 0 66.07473009079695
    endloop
  endfacet
  facet normal 0 -1 0
    outer loop
      vertex 53.33741655652204 0 65.53570160278278
      vertex 89.49720379710197 0 66.07473009079695
      vertex 89.48480775207281 0 66.17364817857742
    endloop
  endfacet
  facet normal 0 -1 0
    outer loop
      vertex 53.33741655652204 0 65.53570160278278
      vertex 89.48480775207281 0 66.17364817857742
      vertex 89.46262424439192 0 66.27084046602249
    endloop
  endfacet
  facet normal 0 -1 0
    outer loop
      vertex 54.50291783500155 0 66.99971261833933
      vertex 88.69814614206553 0 66.98017248511314
      vertex 88.5 0 67
    endloop
  endfacet
  facet normal 0 -1 0
    outer loop
      vertex 54.541951777400065 0 66.99586811061944
      vertex 88.79475517570972 0 66.95557280629873
      vertex 88.69814614206553 0 66.98017248511314
    endloop
  endfacet
  facet normal 0 -1 0
    outer loop
      vertex 54.541951777400065 0 66.99586811061944
      vertex 88.8884347975254 0 66.92147621512413
      vertex 88.79475517570972 0 66.95557280629873
    endloop
  endfacet
  facet normal 0 -1 0
    outer loop
      vertex 54.79324570743627 0 66.70513553911013
      vertex 89.3898718059063 0 66.45621065795422
      vertex 89.34002592414618 0 66.54254626482725
    endloop
  endfacet
  facet normal 0 -1 0
    outer loop
      vertex 54.79324570743627 0 66.70513553911013
      vertex 89.34002592414618 0 66.54254626482725
      vertex 89.28183148056269 0 66.6234898045659
    endloop
  endfacet
  facet normal 0 -1 0
    outer loop
      vertex 54.817166973387046 0 66.83180730188741
      vertex 89.28183148056269 0 66.6234898045659
      vertex 89.21586684882641 0 66.69823681563139
    endloop
  endfacet
  facet normal 0 -1 0
    outer loop
      vertex 54.63243064834447 0 66.92624207943756
      vertex 89.14278761297464 0 66.76604444533587
      vertex 89.06332005560398 0 66.82623877376318
    endloop
  endfacet
  facet normal 0 -1 0
    outer loop
      vertex 54.58460833568517 0 66.98250859723798
      vertex 88.9782539755106 0 66.87822157144547
      vertex 88.8884347975254 0 66.92147621512413
    endloop
  endfacet
  facet normal 0 -1 0
    outer loop
      vertex 54.63243064834447 0 66.92624207943756
      vertex 89.06332005560398 0 66.82623877376318
      vertex 88.9782539755106 0 66.87822157144547
    endloop
  endfacet
  facet normal 0 -1 0
    outer loop
      vertex 54.724287030783614 0 66.88353002042834
      vertex 89.21586684882641 0 66.69823681563139
      vertex 89.14278761297464 0 66.76604444533587
    endloop
  endfacet
  facet normal 0 -1 0
    outer loop
      vertex 54.90787343357851 0 66.54934352439004
      vertex 89.46262424439192 0 66.27084046602249
      vertex 89.43087375164032 0 66.36534102261066
    endloop
  endfacet
  facet normal 0 -1 0
    outer loop
      vertex 54.85828754935213 0 66.63033723332926
      vertex 89.43087375164032 0 66.36534102261066
      vertex 89.3898718059063 0 66.45621065795422
    endloop
  endfacet
  facet normal 0 0 1
    outer loop
      vertex 54.5 0 67
      vertex 88.5 0 67
      vertex 88.5 1.5 67
    endloop
  endfacet
  facet normal 0 1 0
    outer loop
      vertex 54.5 1.5 67
      vertex 89.5 1.5 66
      vertex 86.93242949992418 1.5 29
    endloop
  endfacet
  facet normal 0 1 0
    outer loop
      vertex 54.5 1.5 67
      vertex 89.49720379710197 1.5 66.07473009079695
      vertex 89.5 1.5 66
    endloop
  endfacet
  facet normal 0 1 0
    outer loop
      vertex 54.5 1.5 67
      vertex 89.48480775207281 1.5 66.17364817857742
      vertex 89.49720379710197 1.5 66.07473009079695
    endloop
  endfacet
  facet normal 0 1 0
    outer loop
      vertex 54.5 1.5 67
      vertex 88.5 1.5 67
      vertex 88.69814614206553 1.5 66.98017248511314
    endloop
  endfacet
  facet normal 0 1 0
    outer loop
      vertex 54.5 1.5 67
      vertex 88.69814614206553 1.5 66.98017248511314
      vertex 88.79475517570972 1.5 66.95557280629873
    endloop
  endfacet
  facet normal 0 1 0
    outer loop
      vertex 54.5 1.5 67
      vertex 88.8884347975254 1.5 66.92147621512413
      vertex 88.9782539755106 1.5 66.87822157144547
    endloop
  endfacet
  facet normal 0 1 0
    outer loop
      vertex 54.5 1.5 67
      vertex 88.79475517570972 1.5 66.95557280629873
      vertex 88.8884347975254 1.5 66.92147621512413
    endloop
  endfacet
  facet normal 0 1 0
    outer loop
      vertex 54.5 1.5 67
      vertex 89.46262424439192 1.5 66.27084046602249
      vertex 89.48480775207281 1.5 66.17364817857742
    endloop
  endfacet
  facet normal 0 1 0
    outer loop
      vertex 54.5 1.5 67
      vertex 89.3898718059063 1.5 66.45621065795422
      vertex 89.43087375164032 1.5 66.36534102261066
    endloop
  endfacet
  facet normal 0 1 0
    outer loop
      vertex 54.5 1.5 67
      vertex 89.43087375164032 1.5 66.36534102261066
      vertex 89.46262424439192 1.5 66.27084046602249
    endloop
  endfacet
  facet normal 0 1 0
    outer loop
      vertex 54.5 1.5 67
      vertex 89.34002592414618 1.5 66.54254626482725
      vertex 89.3898718059063 1.5 66.45621065795422
    endloop
  endfacet
  facet normal 0 1 0
    outer loop
      vertex 54.5 1.5 67
      vertex 89.28183148056269 1.5 66.6234898045659
      vertex 89.34002592414618 1.5 66.54254626482725
    endloop
  endfacet
  facet normal 0 1 0
    outer loop
      vertex 54.5 1.5 67
      vertex 89.06332005560398 1.5 66.82623877376318
      vertex 89.14278761297464 1.5 66.76604444533587
    endloop
  endfacet
  facet normal 0 1 0
    outer loop
      vertex 54.5 1.5 67
      vertex 89.14278761297464 1.5 66.76604444533587
      vertex 89.21586684882641 1.5 66.69823681563139
    endloop
  endfacet
  facet normal 0 1 0
    outer loop
      vertex 54.5 1.5 67
      vertex 88.9782539755106 1.5 66.87822157144547
      vertex 89.06332005560398 1.5 66.82623877376318
    endloop
  endfacet
  facet normal 0 1 0
    outer loop
      vertex 54.5 1.5 67
      vertex 89.21586684882641 1.5 66.69823681563139
      vertex 89.28183148056269 1.5 66.6234898045659
    endloop
  endfacet
  facet normal 1 0 0
    outer loop
      vertex 89.5 0 66
      vertex 89.5 0 30
      vertex 89.5 1.5 66
    endloop
  endfacet
  facet normal 0 -1 0
    outer loop
      vertex 88.5 0 67
      vertex 88.69814614206553 0 66.98017248511314
      vertex 88.59956784546375 0 66.99503077566624
    endloop
  endfacet
  facet normal 0.04984588321586722 0 0.9987569213409387
    outer loop
      vertex 88.5 0 67
      vertex 88.59956784546375 0 66.99503077566624
      vertex 88.5 1.5 67
    endloop
  endfacet
  facet normal 0.1490422959585343 0 0.9888308217361595
    outer loop
      vertex 88.59956784546375 0 66.99503077566624
      vertex 88.69814614206553 0 66.98017248511314
      vertex 88.59956784546375 1.5 66.99503077566624
    endloop
  endfacet
  facet normal 0.2467573612585333 0 0.9690772955057433
    outer loop
      vertex 88.69814614206553 0 66.98017248511314
      vertex 88.79475517570972 0 66.95557280629873
      vertex 88.69814614206553 1.5 66.98017248511314
    endloop
  endfacet
  facet normal 0.9749279071538742 0 0.22252095598519886
    outer loop
      vertex 89.46262424439192 0 66.27084046602249
      vertex 89.48480775207281 0 66.17364817857742
      vertex 89.46262424439192 1.5 66.27084046602249
    endloop
  endfacet
  facet normal 0.947927363358413 0 0.3184865990844312
    outer loop
      vertex 89.43087375164032 0 66.36534102261066
      vertex 89.46262424439192 0 66.27084046602249
      vertex 89.43087375164032 1.5 66.36534102261066
    endloop
  endfacet
  facet normal 0.9115058341188887 0 0.41128714344996137
    outer loop
      vertex 89.3898718059063 0 66.45621065795422
      vertex 89.43087375164032 0 66.36534102261066
      vertex 89.3898718059063 1.5 66.45621065795422
    endloop
  endfacet
  facet normal 0.34202011920113706 0 0.9396926295665196
    outer loop
      vertex 88.79475517570972 0 66.95557280629873
      vertex 88.8884347975254 0 66.92147621512413
      vertex 88.79475517570972 1.5 66.95557280629873
    endloop
  endfacet
  facet normal 0.43388379838586133 0 0.9009688393603061
    outer loop
      vertex 88.8884347975254 0 66.92147621512413
      vertex 88.9782539755106 0 66.87822157144547
      vertex 88.8884347975254 1.5 66.92147621512413
    endloop
  endfacet
  facet normal 0.5214351904535388 0 0.8532908895310447
    outer loop
      vertex 88.9782539755106 0 66.87822157144547
      vertex 89.06332005560398 0 66.82623877376318
      vertex 88.9782539755106 1.5 66.87822157144547
    endloop
  endfacet
  facet normal 0.6038043649216873 0 0.7971325416149548
    outer loop
      vertex 89.06332005560398 0 66.82623877376318
      vertex 89.14278761297464 0 66.76604444533587
      vertex 89.06332005560398 1.5 66.82623877376318
    endloop
  endfacet
  facet normal 0.7497811876234217 0 0.6616858549840787
    outer loop
      vertex 89.21586684882641 0 66.69823681563139
      vertex 89.28183148056269 0 66.6234898045659
      vertex 89.21586684882641 1.5 66.69823681563139
    endloop
  endfacet
  facet normal 0.8660254216305355 0 0.4999999690896522
    outer loop
      vertex 89.34002592414618 0 66.54254626482725
      vertex 89.3898718059063 0 66.45621065795422
      vertex 89.34002592414618 1.5 66.54254626482725
    endloop
  endfacet
  facet normal 0.8119379978917788 0 0.5837436831174191
    outer loop
      vertex 89.28183148056269 0 66.6234898045659
      vertex 89.34002592414618 0 66.54254626482725
      vertex 89.28183148056269 1.5 66.6234898045659
    endloop
  endfacet
  facet normal 0.6801727815643303 0 0.7330518311954769
    outer loop
      vertex 89.14278761297464 0 66.76604444533587
      vertex 89.21586684882641 0 66.69823681563139
      vertex 89.14278761297464 1.5 66.76604444533587
    endloop
  endfacet
  facet normal 0.9993007046966724 0 0.03739119672775655
    outer loop
      vertex 89.49720379710197 0 66.07473009079695
      vertex 89.5 0 66
      vertex 89.49720379710197 1.5 66.07473009079695
    endloop
  endfacet
  facet normal 0.9922392061094321 0 0.12434370856349651
    outer loop
      vertex 89.48480775207281 0 66.17364817857742
      vertex 89.49720379710197 0 66.07473009079695
      vertex 89.48480775207281 1.5 66.17364817857742
    endloop
  endfacet
  facet normal 0.04984588321586722 0 0.9987569213409387
    outer loop
      vertex 88.59956784546375 0 66.99503077566624
      vertex 88.59956784546375 1.5 66.99503077566624
      vertex 88.5 1.5 67
    endloop
  endfacet
  facet normal 0.1490422959585343 0 0.9888308217361595
    outer loop
      vertex 88.69814614206553 0 66.98017248511314
      vertex 88.69814614206553 1.5 66.98017248511314
      vertex 88.59956784546375 1.5 66.99503077566624
    endloop
  endfacet
  facet normal 0.9749279071538742 0 0.22252095598519886
    outer loop
      vertex 89.48480775207281 0 66.17364817857742
      vertex 89.48480775207281 1.5 66.17364817857742
      vertex 89.46262424439192 1.5 66.27084046602249
    endloop
  endfacet
  facet normal 0.947927363358413 0 0.3184865990844312
    outer loop
      vertex 89.46262424439192 0 66.27084046602249
      vertex 89.46262424439192 1.5 66.27084046602249
      vertex 89.43087375164032 1.5 66.36534102261066
    endloop
  endfacet
  facet normal 0.9115058341188887 0 0.41128714344996137
    outer loop
      vertex 89.43087375164032 0 66.36534102261066
      vertex 89.43087375164032 1.5 66.36534102261066
      vertex 89.3898718059063 1.5 66.45621065795422
    endloop
  endfacet
  facet normal 0.2467573612585333 0 0.9690772955057433
    outer loop
      vertex 88.79475517570972 0 66.95557280629873
      vertex 88.79475517570972 1.5 66.95557280629873
      vertex 88.69814614206553 1.5 66.98017248511314
    endloop
  endfacet
  facet normal 0.34202011920113706 0 0.9396926295665196
    outer loop
      vertex 88.8884347975254 0 66.92147621512413
      vertex 88.8884347975254 1.5 66.92147621512413
      vertex 88.79475517570972 1.5 66.95557280629873
    endloop
  endfacet
  facet normal 0.6038043649216873 0 0.7971325416149548
    outer loop
      vertex 89.14278761297464 0 66.76604444533587
      vertex 89.14278761297464 1.5 66.76604444533587
      vertex 89.06332005560398 1.5 66.82623877376318
    endloop
  endfacet
  facet normal 0.5214351904535388 0 0.8532908895310447
    outer loop
      vertex 89.06332005560398 0 66.82623877376318
      vertex 89.06332005560398 1.5 66.82623877376318
      vertex 88.9782539755106 1.5 66.87822157144547
    endloop
  endfacet
  facet normal 0.43388379838586133 0 0.9009688393603061
    outer loop
      vertex 88.9782539755106 0 66.87822157144547
      vertex 88.9782539755106 1.5 66.87822157144547
      vertex 88.8884347975254 1.5 66.92147621512413
    endloop
  endfacet
  facet normal 0.6801727815643303 0 0.7330518311954769
    outer loop
      vertex 89.21586684882641 0 66.69823681563139
      vertex 89.21586684882641 1.5 66.69823681563139
      vertex 89.14278761297464 1.5 66.76604444533587
    endloop
  endfacet
  facet normal 0.7497811876234217 0 0.6616858549840787
    outer loop
      vertex 89.28183148056269 0 66.6234898045659
      vertex 89.28183148056269 1.5 66.6234898045659
      vertex 89.21586684882641 1.5 66.69823681563139
    endloop
  endfacet
  facet normal 0.8660254216305355 0 0.4999999690896522
    outer loop
      vertex 89.3898718059063 0 66.45621065795422
      vertex 89.3898718059063 1.5 66.45621065795422
      vertex 89.34002592414618 1.5 66.54254626482725
    endloop
  endfacet
  facet normal 0.8119379978917788 0 0.5837436831174191
    outer loop
      vertex 89.34002592414618 0 66.54254626482725
      vertex 89.34002592414618 1.5 66.54254626482725
      vertex 89.28183148056269 1.5 66.6234898045659
    endloop
  endfacet
  facet normal 0.9993007046966724 0 0.03739119672775655
    outer loop
      vertex 89.5 0 66
      vertex 89.5 1.5 66
      vertex 89.49720379710197 1.5 66.07473009079695
    endloop
  endfacet
  facet normal 0.9922392061094321 0 0.12434370856349651
    outer loop
      vertex 89.49720379710197 0 66.07473009079695
      vertex 89.49720379710197 1.5 66.07473009079695
      vertex 89.48480775207281 1.5 66.17364817857742
    endloop
  endfacet
  facet normal 0 1 0
    outer loop
      vertex 88.5 1.5 67
      vertex 88.59956784546375 1.5 66.99503077566624
      vertex 88.69814614206553 1.5 66.98017248511314
    endloop
  endfacet
  facet normal -0.8819212605069148 0 -0.47139674401282655
    outer loop
      vertex 0.03806023299694061 0 0.30865828692913055
      vertex 0.08426519483327866 1.5 0.22221488505601883
      vertex 0.08426519483327866 0 0.22221488505601883
    endloop
  endfacet
  facet normal -0.7730104774684329 0 -0.6343932547907689
    outer loop
      vertex 0.08426519483327866 0 0.22221488505601883
      vertex 0.1464466080069542 1.5 0.1464466080069542
      vertex 0.1464466080069542 0 0.1464466080069542
    endloop
  endfacet
  facet normal -0.6343932547907689 0 -0.7730104774684329
    outer loop
      vertex 0.1464466080069542 0 0.1464466080069542
      vertex 0.22221488505601883 1.5 0.08426519483327866
      vertex 0.22221488505601883 0 0.08426519483327866
    endloop
  endfacet
  facet normal -0.47139674401282655 0 -0.8819212605069148
    outer loop
      vertex 0.22221488505601883 0 0.08426519483327866
      vertex 0.30865828692913055 1.5 0.03806023299694061
      vertex 0.30865828692913055 0 0.03806023299694061
    endloop
  endfacet
  facet normal -0.9569403343682077 0 -0.29028468175097155
    outer loop
      vertex 0.009607359766960144 0 0.40245483815670013
      vertex 0.03806023299694061 1.5 0.30865828692913055
      vertex 0.03806023299694061 0 0.30865828692913055
    endloop
  endfacet
  facet normal -0.9951847267853376 0 -0.09801713918082348
    outer loop
      vertex 0 0 0.5
      vertex 0.009607359766960144 1.5 0.40245483815670013
      vertex 0.009607359766960144 0 0.40245483815670013
    endloop
  endfacet
  facet normal -0.29028468175097155 0 -0.9569403343682077
    outer loop
      vertex 0.30865828692913055 0 0.03806023299694061
      vertex 0.40245483815670013 1.5 0.009607359766960144
      vertex 0.40245483815670013 0 0.009607359766960144
    endloop
  endfacet
  facet normal -0.09801713918082348 0 -0.9951847267853376
    outer loop
      vertex 0.40245483815670013 0 0.009607359766960144
      vertex 0.5 1.5 0
      vertex 0.5 0 0
    endloop
  endfacet
  facet normal -0.6343932547907689 0 -0.7730104774684329
    outer loop
      vertex 0.1464466080069542 0 0.1464466080069542
      vertex 0.1464466080069542 1.5 0.1464466080069542
      vertex 0.22221488505601883 1.5 0.08426519483327866
    endloop
  endfacet
  facet normal -0.7730104774684329 0 -0.6343932547907689
    outer loop
      vertex 0.08426519483327866 0 0.22221488505601883
      vertex 0.08426519483327866 1.5 0.22221488505601883
      vertex 0.1464466080069542 1.5 0.1464466080069542
    endloop
  endfacet
  facet normal -0.47139674401282655 0 -0.8819212605069148
    outer loop
      vertex 0.22221488505601883 0 0.08426519483327866
      vertex 0.22221488505601883 1.5 0.08426519483327866
      vertex 0.30865828692913055 1.5 0.03806023299694061
    endloop
  endfacet
  facet normal -0.29028468175097155 0 -0.9569403343682077
    outer loop
      vertex 0.30865828692913055 0 0.03806023299694061
      vertex 0.30865828692913055 1.5 0.03806023299694061
      vertex 0.40245483815670013 1.5 0.009607359766960144
    endloop
  endfacet
  facet normal -0.8819212605069148 0 -0.47139674401282655
    outer loop
      vertex 0.03806023299694061 0 0.30865828692913055
      vertex 0.03806023299694061 1.5 0.30865828692913055
      vertex 0.08426519483327866 1.5 0.22221488505601883
    endloop
  endfacet
  facet normal -0.9569403343682077 0 -0.29028468175097155
    outer loop
      vertex 0.009607359766960144 0 0.40245483815670013
      vertex 0.009607359766960144 1.5 0.40245483815670013
      vertex 0.03806023299694061 1.5 0.30865828692913055
    endloop
  endfacet
  facet normal -0.9951847267853376 0 -0.09801713918082348
    outer loop
      vertex 0 0 0.5
      vertex 0 1.5 0.5
      vertex 0.009607359766960144 1.5 0.40245483815670013
    endloop
  endfacet
  facet normal -0.09801713918082348 0 -0.9951847267853376
    outer loop
      vertex 0.40245483815670013 0 0.009607359766960144
      vertex 0.40245483815670013 1.5 0.009607359766960144
      vertex 0.5 1.5 0
    endloop
  endfacet
  facet normal 0 0 -1
    outer loop
      vertex 0.5 0 0
      vertex 0.5 1.5 0
      vertex 10 1.5 0
    endloop
  endfacet
  facet normal 0 0 -1
    outer loop
      vertex 0.5 0 0
      vertex 10 1.5 0
      vertex 10 0 0
    endloop
  endfacet
  facet normal -1 0 0
    outer loop
      vertex 0 0 66.5
      vertex 0 1.5 0.5
      vertex 0 0 0.5
    endloop
  endfacet
  facet normal 0 -1 0
    outer loop
      vertex 30 0 52
      vertex 0.22221488505601883 0 0.08426519483327866
      vertex 0.30865828692913055 0 0.03806023299694061
    endloop
  endfacet
  facet normal 0 -1 0
    outer loop
      vertex 30 0 52
      vertex 0.08426519483327866 0 0.22221488505601883
      vertex 0.1464466080069542 0 0.1464466080069542
    endloop
  endfacet
  facet normal 0 -1 0
    outer loop
      vertex 30 0 52
      vertex 0.03806023299694061 0 0.30865828692913055
      vertex 0.08426519483327866 0 0.22221488505601883
    endloop
  endfacet
  facet normal 0 -1 0
    outer loop
      vertex 30 0 52
      vertex 0.1464466080069542 0 0.1464466080069542
      vertex 0.22221488505601883 0 0.08426519483327866
    endloop
  endfacet
  facet normal 0 -1 0
    outer loop
      vertex 30 0 52
      vertex 0.009607359766960144 0 0.40245483815670013
      vertex 0.03806023299694061 0 0.30865828692913055
    endloop
  endfacet
  facet normal 0 -1 0
    outer loop
      vertex 30 0 52
      vertex 0 0 0.5
      vertex 0.009607359766960144 0 0.40245483815670013
    endloop
  endfacet
  facet normal 0 -1 0
    outer loop
      vertex 30 0 52
      vertex 0.30865828692913055 0 0.03806023299694061
      vertex 0.40245483815670013 0 0.009607359766960144
    endloop
  endfacet
  facet normal 0 -1 0
    outer loop
      vertex 30 0 52
      vertex 0.40245483815670013 0 0.009607359766960144
      vertex 0.5 0 0
    endloop
  endfacet
  facet normal 0 1 0
    outer loop
      vertex 30 1.5 52
      vertex 0.30865828692913055 1.5 0.03806023299694061
      vertex 0.22221488505601883 1.5 0.08426519483327866
    endloop
  endfacet
  facet normal 0 1 0
    outer loop
      vertex 30 1.5 52
      vertex 0.1464466080069542 1.5 0.1464466080069542
      vertex 0.08426519483327866 1.5 0.22221488505601883
    endloop
  endfacet
  facet normal 0 1 0
    outer loop
      vertex 30 1.5 52
      vertex 0.08426519483327866 1.5 0.22221488505601883
      vertex 0.03806023299694061 1.5 0.30865828692913055
    endloop
  endfacet
  facet normal 0 1 0
    outer loop
      vertex 30 1.5 52
      vertex 0.22221488505601883 1.5 0.08426519483327866
      vertex 0.1464466080069542 1.5 0.1464466080069542
    endloop
  endfacet
  facet normal 0 1 0
    outer loop
      vertex 30 1.5 52
      vertex 0.03806023299694061 1.5 0.30865828692913055
      vertex 0.009607359766960144 1.5 0.40245483815670013
    endloop
  endfacet
  facet normal 0 1 0
    outer loop
      vertex 30 1.5 52
      vertex 0.009607359766960144 1.5 0.40245483815670013
      vertex 0 1.5 0.5
    endloop
  endfacet
  facet normal 0 1 0
    outer loop
      vertex 30 1.5 52
      vertex 0.40245483815670013 1.5 0.009607359766960144
      vertex 0.30865828692913055 1.5 0.03806023299694061
    endloop
  endfacet
  facet normal 0 1 0
    outer loop
      vertex 30 1.5 52
      vertex 0.5 1.5 0
      vertex 0.40245483815670013 1.5 0.009607359766960144
    endloop
  endfacet
  facet normal 0 -1 0
    outer loop
      vertex 30 0 52
      vertex 0.5 0 0
      vertex 10 0 0
    endloop
  endfacet
  facet normal 0.9333456062030595 0 -0.3589790793088691
    outer loop
      vertex 30 1.5 52
      vertex 10 0 0
      vertex 10 1.5 0
    endloop
  endfacet
  facet normal 0 1 0
    outer loop
      vertex 30 1.5 52
      vertex 10 1.5 0
      vertex 0.5 1.5 0
    endloop
  endfacet
  facet normal -0.9333456062030595 0 -0.3589790793088691
    outer loop
      vertex 30 0 52
      vertex 50 1.5 0
      vertex 50 0 0
    endloop
  endfacet
  facet normal 0 -1 0
    outer loop
      vertex 30 0 52
      vertex 50 0 0
      vertex 54.5 0 0
    endloop
  endfacet
  facet normal 0 -1 0
    outer loop
      vertex 30 0 52
      vertex 54.5 0 0
      vertex 54.5975451618433 0 0.009607359766960144
    endloop
  endfacet
  facet normal 0 -1 0
    outer loop
      vertex 30 0 52
      vertex 54.5975451618433 0 0.009607359766960144
      vertex 54.69134171307087 0 0.03806023299694061
    endloop
  endfacet
  facet normal 0 -1 0
    outer loop
      vertex 30 0 52
      vertex 54.69134171307087 0 0.03806023299694061
      vertex 54.75 0 0.06941374119094235
    endloop
  endfacet
  facet normal 0 -1 0
    outer loop
      vertex 30 0 52
      vertex 54.75 0 0.06941374119094235
      vertex 54.75 0 1.0150000000000006
    endloop
  endfacet
  facet normal 0 1 0
    outer loop
      vertex 30 1.5 52
      vertex 54.5 1.5 0
      vertex 50 1.5 0
    endloop
  endfacet
  facet normal 0 1 0
    outer loop
      vertex 30 1.5 52
      vertex 54.5975451618433 1.5 0.009607359766960144
      vertex 54.5 1.5 0
    endloop
  endfacet
  facet normal 0 1 0
    outer loop
      vertex 30 1.5 52
      vertex 54.69134171307087 1.5 0.03806023299694061
      vertex 54.5975451618433 1.5 0.009607359766960144
    endloop
  endfacet
  facet normal 0 1 0
    outer loop
      vertex 30 1.5 52
      vertex 54.77778511494398 1.5 0.08426519483327866
      vertex 54.69134171307087 1.5 0.03806023299694061
    endloop
  endfacet
  facet normal 0 1 0
    outer loop
      vertex 30 1.5 52
      vertex 54.853553391993046 1.5 0.1464466080069542
      vertex 54.77778511494398 1.5 0.08426519483327866
    endloop
  endfacet
  facet normal 0 -1 0
    outer loop
      vertex 0 0 66.5
      vertex 0 0 0.5
      vertex 30 0 52
    endloop
  endfacet
  facet normal -1 0 0
    outer loop
      vertex 0 0 66.5
      vertex 0 1.5 66.5
      vertex 0 1.5 0.5
    endloop
  endfacet
  facet normal 0 1 0
    outer loop
      vertex 0 1.5 66.5
      vertex 30 1.5 52
      vertex 0 1.5 0.5
    endloop
  endfacet
  facet normal -0.9951847267853376 0 0.09801713918082348
    outer loop
      vertex 0.009607359766960144 0 66.5975451618433
      vertex 0 1.5 66.5
      vertex 0 0 66.5
    endloop
  endfacet
  facet normal -0.9569403343682077 0 0.29028468175097155
    outer loop
      vertex 0.03806023299694061 0 66.69134171307087
      vertex 0.009607359766960144 1.5 66.5975451618433
      vertex 0.009607359766960144 0 66.5975451618433
    endloop
  endfacet
  facet normal -0.8819212605069148 0 0.47139674401282655
    outer loop
      vertex 0.08426519483327866 0 66.77778511494398
      vertex 0.03806023299694061 1.5 66.69134171307087
      vertex 0.03806023299694061 0 66.69134171307087
    endloop
  endfacet
  facet normal -0.7730104774684329 0 0.6343932547907689
    outer loop
      vertex 0.08426519483327866 0 66.77778511494398
      vertex 0.1464466080069542 0 66.85355339199305
      vertex 0.08426519483327866 1.5 66.77778511494398
    endloop
  endfacet
  facet normal -0.6343932547907689 0 0.7730104774684329
    outer loop
      vertex 0.1464466080069542 0 66.85355339199305
      vertex 0.22221488505601883 0 66.91573480516672
      vertex 0.1464466080069542 1.5 66.85355339199305
    endloop
  endfacet
  facet normal -0.47139674401282655 0 0.8819212605069148
    outer loop
      vertex 0.22221488505601883 0 66.91573480516672
      vertex 0.30865828692913055 0 66.96193976700306
      vertex 0.22221488505601883 1.5 66.91573480516672
    endloop
  endfacet
  facet normal -0.29028468175097155 0 0.9569403343682077
    outer loop
      vertex 0.30865828692913055 0 66.96193976700306
      vertex 0.40245483815670013 0 66.99039264023304
      vertex 0.30865828692913055 1.5 66.96193976700306
    endloop
  endfacet
  facet normal -0.09801713918082348 0 0.9951847267853376
    outer loop
      vertex 0.40245483815670013 0 66.99039264023304
      vertex 0.5 0 67
      vertex 0.40245483815670013 1.5 66.99039264023304
    endloop
  endfacet
  facet normal -0.9951847267853376 0 0.09801713918082348
    outer loop
      vertex 0.009607359766960144 0 66.5975451618433
      vertex 0.009607359766960144 1.5 66.5975451618433
      vertex 0 1.5 66.5
    endloop
  endfacet
  facet normal -0.9569403343682077 0 0.29028468175097155
    outer loop
      vertex 0.03806023299694061 0 66.69134171307087
      vertex 0.03806023299694061 1.5 66.69134171307087
      vertex 0.009607359766960144 1.5 66.5975451618433
    endloop
  endfacet
  facet normal -0.8819212605069148 0 0.47139674401282655
    outer loop
      vertex 0.08426519483327866 0 66.77778511494398
      vertex 0.08426519483327866 1.5 66.77778511494398
      vertex 0.03806023299694061 1.5 66.69134171307087
    endloop
  endfacet
  facet normal -0.7730104774684329 0 0.6343932547907689
    outer loop
      vertex 0.1464466080069542 0 66.85355339199305
      vertex 0.1464466080069542 1.5 66.85355339199305
      vertex 0.08426519483327866 1.5 66.77778511494398
    endloop
  endfacet
  facet normal -0.6343932547907689 0 0.7730104774684329
    outer loop
      vertex 0.22221488505601883 0 66.91573480516672
      vertex 0.22221488505601883 1.5 66.91573480516672
      vertex 0.1464466080069542 1.5 66.85355339199305
    endloop
  endfacet
  facet normal -0.47139674401282655 0 0.8819212605069148
    outer loop
      vertex 0.30865828692913055 0 66.96193976700306
      vertex 0.30865828692913055 1.5 66.96193976700306
      vertex 0.22221488505601883 1.5 66.91573480516672
    endloop
  endfacet
  facet normal -0.29028468175097155 0 0.9569403343682077
    outer loop
      vertex 0.40245483815670013 0 66.99039264023304
      vertex 0.40245483815670013 1.5 66.99039264023304
      vertex 0.30865828692913055 1.5 66.96193976700306
    endloop
  endfacet
  facet normal -0.09801713918082348 0 0.9951847267853376
    outer loop
      vertex 0.5 0 67
      vertex 0.5 1.5 67
      vertex 0.40245483815670013 1.5 66.99039264023304
    endloop
  endfacet
  facet normal 0 -1 0
    outer loop
      vertex 0.009607359766960144 0 66.5975451618433
      vertex 0 0 66.5
      vertex 30 0 52
    endloop
  endfacet
  facet normal 0 -1 0
    outer loop
      vertex 0.03806023299694061 0 66.69134171307087
      vertex 0.009607359766960144 0 66.5975451618433
      vertex 30 0 52
    endloop
  endfacet
  facet normal 0 -1 0
    outer loop
      vertex 0.08426519483327866 0 66.77778511494398
      vertex 0.03806023299694061 0 66.69134171307087
      vertex 30 0 52
    endloop
  endfacet
  facet normal 0 -1 0
    outer loop
      vertex 0.08426519483327866 0 66.77778511494398
      vertex 30 0 52
      vertex 0.1464466080069542 0 66.85355339199305
    endloop
  endfacet
  facet normal 0 -1 0
    outer loop
      vertex 0.1464466080069542 0 66.85355339199305
      vertex 30 0 52
      vertex 0.22221488505601883 0 66.91573480516672
    endloop
  endfacet
  facet normal 0 -1 0
    outer loop
      vertex 0.22221488505601883 0 66.91573480516672
      vertex 30 0 52
      vertex 0.30865828692913055 0 66.96193976700306
    endloop
  endfacet
  facet normal 0 -1 0
    outer loop
      vertex 0.30865828692913055 0 66.96193976700306
      vertex 30 0 52
      vertex 0.40245483815670013 0 66.99039264023304
    endloop
  endfacet
  facet normal 0 -1 0
    outer loop
      vertex 0.40245483815670013 0 66.99039264023304
      vertex 30 0 52
      vertex 0.5 0 67
    endloop
  endfacet
  facet normal 0 1 0
    outer loop
      vertex 0.009607359766960144 1.5 66.5975451618433
      vertex 30 1.5 52
      vertex 0 1.5 66.5
    endloop
  endfacet
  facet normal 0 1 0
    outer loop
      vertex 0.03806023299694061 1.5 66.69134171307087
      vertex 30 1.5 52
      vertex 0.009607359766960144 1.5 66.5975451618433
    endloop
  endfacet
  facet normal 0 1 0
    outer loop
      vertex 0.08426519483327866 1.5 66.77778511494398
      vertex 30 1.5 52
      vertex 0.03806023299694061 1.5 66.69134171307087
    endloop
  endfacet
  facet normal 0 1 0
    outer loop
      vertex 0.08426519483327866 1.5 66.77778511494398
      vertex 0.1464466080069542 1.5 66.85355339199305
      vertex 30 1.5 52
    endloop
  endfacet
  facet normal 0 1 0
    outer loop
      vertex 0.1464466080069542 1.5 66.85355339199305
      vertex 0.22221488505601883 1.5 66.91573480516672
      vertex 30 1.5 52
    endloop
  endfacet
  facet normal 0 1 0
    outer loop
      vertex 0.22221488505601883 1.5 66.91573480516672
      vertex 0.30865828692913055 1.5 66.96193976700306
      vertex 30 1.5 52
    endloop
  endfacet
  facet normal 0 1 0
    outer loop
      vertex 0.30865828692913055 1.5 66.96193976700306
      vertex 0.40245483815670013 1.5 66.99039264023304
      vertex 30 1.5 52
    endloop
  endfacet
  facet normal 0 1 0
    outer loop
      vertex 0.40245483815670013 1.5 66.99039264023304
      vertex 0.5 1.5 67
      vertex 30 1.5 52
    endloop
  endfacet
  facet normal 0 0 1
    outer loop
      vertex 0.5 0 67
      vertex 54.5 0 67
      vertex 0.5 1.5 67
    endloop
  endfacet
  facet normal 0.9333456062030595 0 -0.3589790793088691
    outer loop
      vertex 30 0 52
      vertex 10 0 0
      vertex 30 1.5 52
    endloop
  endfacet
  facet normal -0.9333456062030595 0 -0.3589790793088691
    outer loop
      vertex 30 0 52
      vertex 30 1.5 52
      vertex 50 1.5 0
    endloop
  endfacet
  facet normal 0 -1 0
    outer loop
      vertex 30 0 52
      vertex 55 0 15.989136776031067
      vertex 53.33741655652204 0 65.53570160278278
    endloop
  endfacet
  facet normal 0 1 0
    outer loop
      vertex 30 1.5 52
      vertex 53.33741655652204 1.5 65.53570160278278
      vertex 55 1.5 15.989136776031067
    endloop
  endfacet
  facet normal 0 -1 0
    outer loop
      vertex 0.5 0 67
      vertex 30 0 52
      vertex 54.49953376841684 0 66.99971455209194
    endloop
  endfacet
  facet normal 0 1 0
    outer loop
      vertex 0.5 1.5 67
      vertex 53.01246081016866 1.5 66.08926172051143
      vertex 30 1.5 52
    endloop
  endfacet
  facet normal 0 -1 0
    outer loop
      vertex 0.5 0 67
      vertex 54.49953376841684 0 66.99971455209194
      vertex 54.5 0 67
    endloop
  endfacet
  facet normal 0 0 1
    outer loop
      vertex 0.5 1.5 67
      vertex 54.5 0 67
      vertex 54.5 1.5 67
    endloop
  endfacet
  facet normal 0 -1 0
    outer loop
      vertex 30 0 52
      vertex 53.33741655652204 0 65.53570160278278
      vertex 54.90787343357851 0 66.54934352439004
    endloop
  endfacet
  facet normal 0 -1 0
    outer loop
      vertex 30 0 52
      vertex 54.541951777400065 0 66.99586811061944
      vertex 54.50291783500155 0 66.99971261833933
    endloop
  endfacet
  facet normal 0 -1 0
    outer loop
      vertex 30 0 52
      vertex 54.50291783500155 0 66.99971261833933
      vertex 54.49953376841684 0 66.99971455209194
    endloop
  endfacet
  facet normal 0 -1 0
    outer loop
      vertex 30 0 52
      vertex 54.58460833568517 0 66.98250859723798
      vertex 54.541951777400065 0 66.99586811061944
    endloop
  endfacet
  facet normal 0 -1 0
    outer loop
      vertex 30 0 52
      vertex 54.85828754935213 0 66.63033723332926
      vertex 54.79324570743627 0 66.70513553911013
    endloop
  endfacet
  facet normal 0 -1 0
    outer loop
      vertex 30 0 52
      vertex 54.79324570743627 0 66.70513553911013
      vertex 54.817166973387046 0 66.83180730188741
    endloop
  endfacet
  facet normal 0 -1 0
    outer loop
      vertex 30 0 52
      vertex 54.724287030783614 0 66.88353002042834
      vertex 54.63243064834447 0 66.92624207943756
    endloop
  endfacet
  facet normal 0 -1 0
    outer loop
      vertex 30 0 52
      vertex 54.63243064834447 0 66.92624207943756
      vertex 54.58460833568517 0 66.98250859723798
    endloop
  endfacet
  facet normal 0 -1 0
    outer loop
      vertex 30 0 52
      vertex 54.817166973387046 0 66.83180730188741
      vertex 54.724287030783614 0 66.88353002042834
    endloop
  endfacet
  facet normal 0 1 0
    outer loop
      vertex 0.5 1.5 67
      vertex 54.5 1.5 67
      vertex 53.01246081016866 1.5 66.08926172051143
    endloop
  endfacet
  facet normal 0 1 0
    outer loop
      vertex 30 1.5 52
      vertex 53.03175779989847 1.5 65.95630002349621
      vertex 53.33741655652204 1.5 65.53570160278278
    endloop
  endfacet
  facet normal 0 1 0
    outer loop
      vertex 30 1.5 52
      vertex 53.04513454789283 1.5 66.04431267620143
      vertex 53.03175779989847 1.5 65.95630002349621
    endloop
  endfacet
  facet normal 0 1 0
    outer loop
      vertex 30 1.5 52
      vertex 53.01246081016866 1.5 66.08926172051143
      vertex 53.04513454789283 1.5 66.04431267620143
    endloop
  endfacet
  facet normal 0 0 -1
    outer loop
      vertex 50 0 0
      vertex 50 1.5 0
      vertex 54.5 1.5 0
    endloop
  endfacet
  facet normal 0.4713967440129009 0 -0.8819212605068751
    outer loop
      vertex 54.69134171307087 0 0.03806023299694061
      vertex 54.75 0.4 0.06941374119094235
      vertex 54.75 0 0.06941374119094235
    endloop
  endfacet
  facet normal 0 0 -1
    outer loop
      vertex 50 0 0
      vertex 54.5 1.5 0
      vertex 54.5 0 0
    endloop
  endfacet
  facet normal 0.09801713918082348 0 -0.9951847267853376
    outer loop
      vertex 54.5 0 0
      vertex 54.5975451618433 1.5 0.009607359766960144
      vertex 54.5975451618433 0 0.009607359766960144
    endloop
  endfacet
  facet normal 0.29028468175097155 0 -0.9569403343682077
    outer loop
      vertex 54.5975451618433 0 0.009607359766960144
      vertex 54.69134171307087 1.5 0.03806023299694061
      vertex 54.69134171307087 0 0.03806023299694061
    endloop
  endfacet
  facet normal 0.471396744012949 -9.073055080514834e-15 -0.8819212605068495
    outer loop
      vertex 54.69134171307087 0 0.03806023299694061
      vertex 54.77778511494398 1.5 0.08426519483327866
      vertex 54.75 0.4 0.06941374119094235
    endloop
  endfacet
  facet normal 0.4713967440126697 0 -0.8819212605069986
    outer loop
      vertex 54.75 0.4 0.06941374119094235
      vertex 54.77778511494398 1.5 0.08426519483327866
      vertex 54.77778511494398 0.4 0.08426519483327866
    endloop
  endfacet
  facet normal 0.6343932547907689 0 -0.7730104774684329
    outer loop
      vertex 54.853553391993046 0.4 0.1464466080069542
      vertex 54.77778511494398 0.4 0.08426519483327866
      vertex 54.77778511494398 1.5 0.08426519483327866
    endloop
  endfacet
  facet normal 0.7730104774684329 0 -0.6343932547907689
    outer loop
      vertex 54.91573480516672 0.4 0.22221488505601883
      vertex 54.853553391993046 0.4 0.1464466080069542
      vertex 54.853553391993046 1.5 0.1464466080069542
    endloop
  endfacet
  facet normal 0.8819212605069148 0 -0.4713967440128266
    outer loop
      vertex 54.91573480516672 0.4 0.22221488505601883
      vertex 54.91573480516672 1.5 0.22221488505601883
      vertex 54.96193976700306 0.4 0.30865828692913055
    endloop
  endfacet
  facet normal 0.9569403343682077 0 -0.2902846817509715
    outer loop
      vertex 54.99039264023304 0.4 0.40245483815670013
      vertex 54.96193976700306 0.4 0.30865828692913055
      vertex 54.96193976700306 1.5 0.30865828692913055
    endloop
  endfacet
  facet normal 0.9951847267853376 0 -0.09801713918082348
    outer loop
      vertex 55 0.4 0.5
      vertex 54.99039264023304 0.4 0.40245483815670013
      vertex 54.99039264023304 1.5 0.40245483815670013
    endloop
  endfacet
  facet normal 0.09801713918082348 0 -0.9951847267853376
    outer loop
      vertex 54.5 0 0
      vertex 54.5 1.5 0
      vertex 54.5975451618433 1.5 0.009607359766960144
    endloop
  endfacet
  facet normal 0.29028468175097155 0 -0.9569403343682077
    outer loop
      vertex 54.5975451618433 0 0.009607359766960144
      vertex 54.5975451618433 1.5 0.009607359766960144
      vertex 54.69134171307087 1.5 0.03806023299694061
    endloop
  endfacet
  facet normal 0.47139674401282655 0 -0.8819212605069148
    outer loop
      vertex 54.69134171307087 0 0.03806023299694061
      vertex 54.69134171307087 1.5 0.03806023299694061
      vertex 54.77778511494398 1.5 0.08426519483327866
    endloop
  endfacet
  facet normal 0.6343932547907689 0 -0.7730104774684329
    outer loop
      vertex 54.853553391993046 0.4 0.1464466080069542
      vertex 54.77778511494398 1.5 0.08426519483327866
      vertex 54.853553391993046 1.5 0.1464466080069542
    endloop
  endfacet
  facet normal 0.7730104774684329 0 -0.6343932547907689
    outer loop
      vertex 54.91573480516672 0.4 0.22221488505601883
      vertex 54.853553391993046 1.5 0.1464466080069542
      vertex 54.91573480516672 1.5 0.22221488505601883
    endloop
  endfacet
  facet normal 0.8819212605069148 0 -0.4713967440128266
    outer loop
      vertex 54.96193976700306 0.4 0.30865828692913055
      vertex 54.91573480516672 1.5 0.22221488505601883
      vertex 54.96193976700306 1.5 0.30865828692913055
    endloop
  endfacet
  facet normal 0.9569403343682077 0 -0.2902846817509715
    outer loop
      vertex 54.99039264023304 0.4 0.40245483815670013
      vertex 54.96193976700306 1.5 0.30865828692913055
      vertex 54.99039264023304 1.5 0.40245483815670013
    endloop
  endfacet
  facet normal 0.9951847267853376 0 -0.09801713918082348
    outer loop
      vertex 55 0.4 0.5
      vertex 54.99039264023304 1.5 0.40245483815670013
      vertex 55 1.5 0.5
    endloop
  endfacet
  facet normal 1 0 0
    outer loop
      vertex 55 0.4 15
      vertex 55 0.4 0.5
      vertex 55 1.5 0.5
    endloop
  endfacet
  facet normal 1 0 0
    outer loop
      vertex 55 0.4 15
      vertex 55 1.5 0.5
      vertex 55 1.5 15
    endloop
  endfacet
  facet normal 0 -1 0
    outer loop
      vertex 30 0 52
      vertex 54.75 0 1.0150000000000006
      vertex 55 0 15
    endloop
  endfacet
  facet normal 0 -1 0
    outer loop
      vertex 30 0 52
      vertex 55 0 15
      vertex 55 0 15.019142859851648
    endloop
  endfacet
  facet normal 0 -1 0
    outer loop
      vertex 30 0 52
      vertex 55 0 15.019142859851648
      vertex 55 0 15.989136776031067
    endloop
  endfacet
  facet normal 0 1 0
    outer loop
      vertex 30 1.5 52
      vertex 54.91573480516672 1.5 0.22221488505601883
      vertex 54.853553391993046 1.5 0.1464466080069542
    endloop
  endfacet
  facet normal 0 1 0
    outer loop
      vertex 30 1.5 52
      vertex 54.96193976700306 1.5 0.30865828692913055
      vertex 54.91573480516672 1.5 0.22221488505601883
    endloop
  endfacet
  facet normal 0 1 0
    outer loop
      vertex 30 1.5 52
      vertex 54.99039264023304 1.5 0.40245483815670013
      vertex 54.96193976700306 1.5 0.30865828692913055
    endloop
  endfacet
  facet normal 0 1 0
    outer loop
      vertex 30 1.5 52
      vertex 55 1.5 0.5
      vertex 54.99039264023304 1.5 0.40245483815670013
    endloop
  endfacet
  facet normal 0 1 0
    outer loop
      vertex 30 1.5 52
      vertex 55 1.5 15
      vertex 55 1.5 0.5
    endloop
  endfacet
  facet normal 0 1 0
    outer loop
      vertex 30 1.5 52
      vertex 55 1.5 15.989136776031067
      vertex 55 1.5 15
    endloop
  endfacet
  facet normal 0 -1 0
    outer loop
      vertex 30 0 52
      vertex 54.90787343357851 0 66.54934352439004
      vertex 54.85828754935213 0 66.63033723332926
    endloop
  endfacet
  facet normal 0 -1 0
    outer loop
      vertex 53.33741655652204 0 65.53570160278278
      vertex 54.94456980589693 0 66.46785048742022
      vertex 54.90787343357851 0 66.54934352439004
    endloop
  endfacet
  facet normal 0 -1 0
    outer loop
      vertex 54.85828754935213 0 66.63033723332926
      vertex 54.90787343357851 0 66.54934352439004
      vertex 54.915518707163976 0 66.55380932963149
    endloop
  endfacet
  facet normal 0 -1 0
    outer loop
      vertex 54.79324570743627 0 66.70513553911013
      vertex 54.85828754935213 0 66.63033723332926
      vertex 54.865139830897895 0 66.6343701414543
    endloop
  endfacet
  facet normal 0 -1 0
    outer loop
      vertex 54.541951777400065 0 66.99586811061944
      vertex 54.58460833568517 0 66.98250859723798
      vertex 54.58612909864965 0 66.98343539028991
    endloop
  endfacet
  facet normal 0 -1 0
    outer loop
      vertex 54.58460833568517 0 66.98250859723798
      vertex 54.63243064834447 0 66.92624207943756
      vertex 54.688679719674695 0 66.96032670825086
    endloop
  endfacet
  facet normal 0 -1 0
    outer loop
      vertex 54.63243064834447 0 66.92624207943756
      vertex 54.724287030783614 0 66.88353002042834
      vertex 54.727979354236346 0 66.88575272585501
    endloop
  endfacet
  facet normal 0 -1 0
    outer loop
      vertex 54.724287030783614 0 66.88353002042834
      vertex 54.817166973387046 0 66.83180730188741
      vertex 54.82186619934664 0 66.83461576161109
    endloop
  endfacet
  facet normal 0 -1 0
    outer loop
      vertex 54.817166973387046 0 66.83180730188741
      vertex 54.79324570743627 0 66.70513553911013
      vertex 54.91114654269052 0 66.77506376807405
    endloop
  endfacet
  facet normal 0 1 0
    outer loop
      vertex 53.04513454789283 1.5 66.04431267620143
      vertex 53.03181014340097 1.5 65.95633174151058
      vertex 53.03175779989847 1.5 65.95630002349621
    endloop
  endfacet
  facet normal 0 -1 0
    outer loop
      vertex 88.3358487594149 0 0.0027164559081143125
      vertex 88.5 0 0
      vertex 88.5647147987078 0 0.009958313668661845
    endloop
  endfacet
  facet normal 0 -1 0
    outer loop
      vertex 88.5 0 0
      vertex 92.75 0 0
      vertex 88.5647147987078 0 0.009958313668661845
    endloop
  endfacet
  facet normal 0 -1 0
    outer loop
      vertex 88.5647147987078 0 0.009958313668661845
      vertex 92.97780927270651 0 0.14959896355867386
      vertex 88.67018495548457 0 0.017466624094581107
    endloop
  endfacet
  facet normal 0 -1 0
    outer loop
      vertex 88.66053933245959 0 0.023801120758349725
      vertex 88.67018495548457 0 0.017466624094581107
      vertex 93.02908093482256 0 0.19866111129522324
    endloop
  endfacet
  facet normal 0 -1 0
    outer loop
      vertex 88.66053933245959 0 0.023801120758349725
      vertex 93.08077222108841 0 0.28006523102521896
      vertex 88.76725980640182 0 0.03952474905688064
    endloop
  endfacet
  facet normal 0 -1 0
    outer loop
      vertex 88.6418777688141 0 0.191003196722761
      vertex 88.75268894346355 0 0.048269698958549156
      vertex 93.11942015588284 0 0.4675763174891472
    endloop
  endfacet
  facet normal 0 -1 0
    outer loop
      vertex 89.38769832664283 0 0.7127810606439056
      vertex 89.44480674012553 0 0.70644020169415
      vertex 90.65657863765955 0 1.5077491402626038
    endloop
  endfacet
  facet normal 0 -1 0
    outer loop
      vertex 89.4536020851689 0 0.803620474554279
      vertex 89.38769832664283 0 0.7127810606439056
      vertex 90.65657863765955 0 1.5077491402626038
    endloop
  endfacet
  facet normal 0 -1 0
    outer loop
      vertex 89.29067177549219 0 0.539368846656231
      vertex 89.33734007570983 0 0.529975025156034
      vertex 91.0499610081315 0 1.4511892944574356
    endloop
  endfacet
  facet normal 0 -1 0
    outer loop
      vertex 89.29067177549219 0 0.539368846656231
      vertex 91.0499610081315 0 1.4511892944574356
      vertex 89.39541882690706 0 0.6156279758490513
    endloop
  endfacet
  facet normal 0 -1 0
    outer loop
      vertex 89.42965167529071 0 0.6340270964701915
      vertex 89.39541882690706 0 0.6156279758490513
      vertex 91.0499610081315 0 1.4511892944574356
    endloop
  endfacet
  facet normal 0 -1 0
    outer loop
      vertex 89.44480674012553 0 0.70644020169415
      vertex 89.4427176145001 0 0.6699254722794734
      vertex 90.7524531185627 0 1.4795978516340256
    endloop
  endfacet
  facet normal 0 -1 0
    outer loop
      vertex 89.4427176145001 0 0.6699254722794734
      vertex 89.42965167529071 0 0.6340270964701915
      vertex 90.85056941956282 0 1.4606874883174896
    endloop
  endfacet
  facet normal 0 -1 0
    outer loop
      vertex 89.4536020851689 0 0.803620474554279
      vertex 90.65657863765955 0 1.5077491402626038
      vertex 89.48344171633848 0 0.8235437854695107
    endloop
  endfacet
  facet normal 0 -1 0
    outer loop
      vertex 89.49328270116843 0 0.8888344404041106
      vertex 89.48344171633848 0 0.8235437854695107
      vertex 90.47500000149012 0 1.5906733274459839
    endloop
  endfacet
  facet normal 0 -1 0
    outer loop
      vertex 89.48678537603263 0 0.9501129440617291
      vertex 89.49328270116843 0 0.8888344404041106
      vertex 90.47500000149012 0 1.5906733274459839
    endloop
  endfacet
  facet normal 0 -1 0
    outer loop
      vertex 89.49793782382241 0 0.9586803844668168
      vertex 89.48678537603263 0 0.9501129440617291
      vertex 90.47500000149012 0 1.5906733274459839
    endloop
  endfacet
  facet normal 0 -1 0
    outer loop
      vertex 89.5 0 1.0342720072938363
      vertex 89.49501180056569 0 1.030144683260474
      vertex 90.39094024151564 0 1.6446952521800995
    endloop
  endfacet
  facet normal 0 -1 0
    outer loop
      vertex 89.49501180056569 0 1.030144683260474
      vertex 89.49793782382241 0 0.9586803844668168
      vertex 90.39094024151564 0 1.6446952521800995
    endloop
  endfacet
  facet normal 0 -1 0
    outer loop
      vertex 90.02521367371082 0 2.1097544208168983
      vertex 89.5 0 1.5590032509395115
      vertex 89.5 0 1.0342720072938363
    endloop
  endfacet
  facet normal 0 -1 0
    outer loop
      vertex 90.174644254148 0 1.8509330675005913
      vertex 89.5 0 1.0342720072938363
      vertex 90.24007926136255 0 1.775417037308216
    endloop
  endfacet
  facet normal 0 -1 0
    outer loop
      vertex 89.5 0 1.0342720072938363
      vertex 90.31239622831345 0 1.706462949514389
      vertex 90.24007926136255 0 1.775417037308216
    endloop
  endfacet
  facet normal 0 -1 0
    outer loop
      vertex 89.48344171633848 0 0.8235437854695107
      vertex 90.56381423771381 0 1.544886402785778
      vertex 90.47500000149012 0 1.5906733274459839
    endloop
  endfacet
  facet normal 0 -1 0
    outer loop
      vertex 89.49793782382241 0 0.9586803844668168
      vertex 90.47500000149012 0 1.5906733274459839
      vertex 90.39094024151564 0 1.6446952521800995
    endloop
  endfacet
  facet normal 0 -1 0
    outer loop
      vertex 89.5 0 1.0342720072938363
      vertex 90.39094024151564 0 1.6446952521800995
      vertex 90.31239622831345 0 1.706462949514389
    endloop
  endfacet
  facet normal 0 -1 0
    outer loop
      vertex 90 0 2.1826045513153076
      vertex 89.5 0 1.5590032509395115
      vertex 90.02521367371082 0 2.1097544208168983
    endloop
  endfacet
  facet normal 0 -1 0
    outer loop
      vertex 90.11668378859758 0 1.9323271438479424
      vertex 89.5 0 1.0342720072938363
      vertex 90.174644254148 0 1.8509330675005913
    endloop
  endfacet
  facet normal 0 -1 0
    outer loop
      vertex 90.06672278046608 0 2.0188621506094933
      vertex 89.5 0 1.0342720072938363
      vertex 90.11668378859758 0 1.9323271438479424
    endloop
  endfacet
  facet normal 0 -1 0
    outer loop
      vertex 90.02521367371082 0 2.1097544208168983
      vertex 89.5 0 1.0342720072938363
      vertex 90.06672278046608 0 2.0188621506094933
    endloop
  endfacet
  facet normal 0 0 -1
    outer loop
      vertex 88.5 0 0
      vertex 88.5 1.5 0
      vertex 92.75 0 0
    endloop
  endfacet
  facet normal 0 -1 0
    outer loop
      vertex 88.75268894346355 0 0.048269698958549156
      vertex 88.76725980640182 0 0.03952474905688064
      vertex 93.11148017644882 0 0.37147441506385803
    endloop
  endfacet
  facet normal 0 -1 0
    outer loop
      vertex 88.6418777688141 0 0.191003196722761
      vertex 93.11942015588284 0 0.4675763174891472
      vertex 89.33734007570983 0 0.529975025156034
    endloop
  endfacet
  facet normal 0 -1 0
    outer loop
      vertex 88.5647147987078 0 0.009958313668661845
      vertex 92.75 0 0
      vertex 92.97780927270651 0 0.14959896355867386
    endloop
  endfacet
  facet normal 0 -1 0
    outer loop
      vertex 88.67018495548457 0 0.017466624094581107
      vertex 92.97780927270651 0 0.14959896355867386
      vertex 93.02908093482256 0 0.19866111129522324
    endloop
  endfacet
  facet normal 0 -1 0
    outer loop
      vertex 88.66053933245959 0 0.023801120758349725
      vertex 93.02908093482256 0 0.19866111129522324
      vertex 93.08077222108841 0 0.28006523102521896
    endloop
  endfacet
  facet normal 0 -1 0
    outer loop
      vertex 88.76725980640182 0 0.03952474905688064
      vertex 93.08077222108841 0 0.28006523102521896
      vertex 93.11148017644882 0 0.37147441506385803
    endloop
  endfacet
  facet normal 0 -1 0
    outer loop
      vertex 88.75268894346355 0 0.048269698958549156
      vertex 93.11148017644882 0 0.37147441506385803
      vertex 93.11942015588284 0 0.4675763174891472
    endloop
  endfacet
  facet normal 0 -1 0
    outer loop
      vertex 89.33734007570983 0 0.529975025156034
      vertex 93.11942015588284 0 0.4675763174891472
      vertex 91.34342136234045 0 1.5077491402626038
    endloop
  endfacet
  facet normal 0 -1 0
    outer loop
      vertex 89.44480674012553 0 0.70644020169415
      vertex 90.7524531185627 0 1.4795978516340256
      vertex 90.65657863765955 0 1.5077491402626038
    endloop
  endfacet
  facet normal 0 -1 0
    outer loop
      vertex 89.48344171633848 0 0.8235437854695107
      vertex 90.65657863765955 0 1.5077491402626038
      vertex 90.56381423771381 0 1.544886402785778
    endloop
  endfacet
  facet normal 0 -1 0
    outer loop
      vertex 89.4427176145001 0 0.6699254722794734
      vertex 90.85056941956282 0 1.4606874883174896
      vertex 90.7524531185627 0 1.4795978516340256
    endloop
  endfacet
  facet normal 0 -1 0
    outer loop
      vertex 89.33734007570983 0 0.529975025156034
      vertex 91.14943058043718 0 1.4606874883174896
      vertex 91.0499610081315 0 1.4511892944574356
    endloop
  endfacet
  facet normal 0 -1 0
    outer loop
      vertex 89.42965167529071 0 0.6340270964701915
      vertex 90.9500389918685 0 1.4511892944574356
      vertex 90.85056941956282 0 1.4606874883174896
    endloop
  endfacet
  facet normal 0 -1 0
    outer loop
      vertex 89.42965167529071 0 0.6340270964701915
      vertex 91.0499610081315 0 1.4511892944574356
      vertex 90.9500389918685 0 1.4511892944574356
    endloop
  endfacet
  facet normal 0 -1 0
    outer loop
      vertex 89.33734007570983 0 0.529975025156034
      vertex 91.2475468814373 0 1.4795978516340256
      vertex 91.14943058043718 0 1.4606874883174896
    endloop
  endfacet
  facet normal 0 -1 0
    outer loop
      vertex 89.33734007570983 0 0.529975025156034
      vertex 91.34342136234045 0 1.5077491402626038
      vertex 91.2475468814373 0 1.4795978516340256
    endloop
  endfacet
  facet normal 0 -1 0
    outer loop
      vertex 92.75 0 0
      vertex 92.84567085653543 0 0.019030116498470306
      vertex 92.92677669227123 0 0.0732233077287674
    endloop
  endfacet
  facet normal 0 -1 0
    outer loop
      vertex 92.75 0 0
      vertex 92.92677669227123 0 0.0732233077287674
      vertex 92.97780927270651 0 0.14959896355867386
    endloop
  endfacet
  facet normal 0 -1 0
    outer loop
      vertex 91.34342136234045 0 1.5077491402626038
      vertex 93.11942015588284 0 0.4675763174891472
      vertex 91.43618576228619 0 1.544886402785778
    endloop
  endfacet
  facet normal 0 -1 0
    outer loop
      vertex 91.52499999850988 0 1.5906733274459839
      vertex 91.43618576228619 0 1.544886402785778
      vertex 93.11942015588284 0 0.4675763174891472
    endloop
  endfacet
  facet normal 0 -1 0
    outer loop
      vertex 91.52499999850988 0 1.5906733274459839
      vertex 93.11942015588284 0 0.4675763174891472
      vertex 91.60905975848436 0 1.6446952521800995
    endloop
  endfacet
  facet normal 0 -1 0
    outer loop
      vertex 91.60905975848436 0 1.6446952521800995
      vertex 93.11942015588284 0 0.4675763174891472
      vertex 91.68760377168655 0 1.706462949514389
    endloop
  endfacet
  facet normal 0 -1 0
    outer loop
      vertex 91.68760377168655 0 1.706462949514389
      vertex 93.11942015588284 0 0.4675763174891472
      vertex 91.75992073863745 0 1.775417037308216
    endloop
  endfacet
  facet normal 0 -1 0
    outer loop
      vertex 91.825355745852 0 1.8509330675005913
      vertex 91.75992073863745 0 1.775417037308216
      vertex 93.11942015588284 0 0.4675763174891472
    endloop
  endfacet
  facet normal 0 -1 0
    outer loop
      vertex 91.825355745852 0 1.8509330675005913
      vertex 93.11942015588284 0 0.4675763174891472
      vertex 91.88331621140242 0 1.9323271438479424
    endloop
  endfacet
  facet normal 0 -1 0
    outer loop
      vertex 91.93327721953392 0 2.0188621506094933
      vertex 91.88331621140242 0 1.9323271438479424
      vertex 93.11942015588284 0 0.4675763174891472
    endloop
  endfacet
  facet normal 0 -1 0
    outer loop
      vertex 91.97478632628918 0 2.1097544208168983
      vertex 91.93327721953392 0 2.0188621506094933
      vertex 93.11942015588284 0 0.4675763174891472
    endloop
  endfacet
  facet normal 0 -1 0
    outer loop
      vertex 92.00746762007475 0 2.2041808143258095
      vertex 91.97478632628918 0 2.1097544208168983
      vertex 93.11942015588284 0 0.4675763174891472
    endloop
  endfacet
  facet normal 0 -1 0
    outer loop
      vertex 92.00746762007475 0 2.2041808143258095
      vertex 93.11942015588284 0 0.4675763174891472
      vertex 92.031025134027 0 2.3012861907482147
    endloop
  endfacet
  facet normal 0 -1 0
    outer loop
      vertex 92.04460901767015 0 2.395764224231243
      vertex 92.031025134027 0 2.3012861907482147
      vertex 93.11942015588284 0 0.4675763174891472
    endloop
  endfacet
  facet normal 0 -1 0
    outer loop
      vertex 88.93065245576346 0 15.110059711140984
      vertex 89.5 0 1.5590032509395115
      vertex 90 0 2.1826045513153076
    endloop
  endfacet
  facet normal 0 -1 0
    outer loop
      vertex 88.92857511369148 0 15.159502586568657
      vertex 88.93065245576346 0 15.110059711140984
      vertex 90 0 2.1826045513153076
    endloop
  endfacet
  facet normal 0 -1 0
    outer loop
      vertex 89.04565499151362 0 15.21771454696571
      vertex 88.92857511369148 0 15.159502586568657
      vertex 90 0 2.1826045513153076
    endloop
  endfacet
  facet normal 0 -1 0
    outer loop
      vertex 90 0 29.5
      vertex 89.04565499151362 0 15.21771454696571
      vertex 90 0 2.1826045513153076
    endloop
  endfacet
  facet normal 0 -1 0
    outer loop
      vertex 90.61535512655973 0 39.6002948358655
      vertex 92.04460901767015 0 2.395764224231243
      vertex 93.11942015588284 0 0.4675763174891472
    endloop
  endfacet
  facet normal -1 0 0
    outer loop
      vertex 88 1.5 1
      vertex 88 2.5670568346977234 1
      vertex 88 1.5 0.25
    endloop
  endfacet
  facet normal 0 -1 0
    outer loop
      vertex 89.5 0 25.26820684287324
      vertex 88.93135260733096 0 16.778936261688308
      vertex 89.04565499151362 0 15.21771454696571
    endloop
  endfacet
  facet normal 0 -1 0
    outer loop
      vertex 90 0 29.5
      vertex 89.5 0 25.26820684287324
      vertex 89.04565499151362 0 15.21771454696571
    endloop
  endfacet
  facet normal 0 -1 0
    outer loop
      vertex 89.99039264023304 0 29.5975451618433
      vertex 89.5 0 25.26820684287324
      vertex 90 0 29.5
    endloop
  endfacet
  facet normal 0 -1 0
    outer loop
      vertex 89.96193976700306 0 29.69134171307087
      vertex 89.5 0 25.26820684287324
      vertex 89.99039264023304 0 29.5975451618433
    endloop
  endfacet
  facet normal 0 -1 0
    outer loop
      vertex 89.91573480516672 0 29.77778511494398
      vertex 89.5 0 25.26820684287324
      vertex 89.96193976700306 0 29.69134171307087
    endloop
  endfacet
  facet normal 0 -1 0
    outer loop
      vertex 89.69134171307087 0 29.96193976700306
      vertex 89.5 0 25.26820684287324
      vertex 89.77778511494398 0 29.91573480516672
    endloop
  endfacet
  facet normal 0 -1 0
    outer loop
      vertex 89.5 0 30
      vertex 89.5 0 25.26820684287324
      vertex 89.5975451618433 0 29.99039264023304
    endloop
  endfacet
  facet normal 0 -1 0
    outer loop
      vertex 89.5975451618433 0 29.99039264023304
      vertex 89.5 0 25.26820684287324
      vertex 89.69134171307087 0 29.96193976700306
    endloop
  endfacet
  facet normal 0 -1 0
    outer loop
      vertex 89.77778511494398 0 29.91573480516672
      vertex 89.5 0 25.26820684287324
      vertex 89.85355339199305 0 29.853553391993046
    endloop
  endfacet
  facet normal 0 -1 0
    outer loop
      vertex 89.85355339199305 0 29.853553391993046
      vertex 89.5 0 25.26820684287324
      vertex 89.91573480516672 0 29.77778511494398
    endloop
  endfacet
  facet normal 0 -1 0
    outer loop
      vertex 90.61535512655973 0 39.6002948358655
      vertex 93.11942015588284 0 0.4675763174891472
      vertex 91.61461804062128 0 39.63868264108896
    endloop
  endfacet
  facet normal 0.09801713918082348 0 0.9951847267853376
    outer loop
      vertex 89.5 0 30
      vertex 89.5975451618433 0 29.99039264023304
      vertex 89.5 1.5 30
    endloop
  endfacet
  facet normal -1 0 0
    outer loop
      vertex 88 1.5 29.5
      vertex 88 2.5670568346977234 29
      vertex 88 1.5 29
    endloop
  endfacet
  facet normal 0.7557496012648185 0 0.6548607028888418
    outer loop
      vertex 90.174644254148 0 1.8509330675005913
      vertex 90.24007926136255 0 1.775417037308216
      vertex 90.174644254148 12 1.8509330675005913
    endloop
  endfacet
  facet normal 0.814575922888033 0 0.58005695052392
    outer loop
      vertex 90.11668378859758 0 1.9323271438479424
      vertex 90.174644254148 0 1.8509330675005913
      vertex 90.11668378859758 12 1.9323271438479424
    endloop
  endfacet
  facet normal 0.866025409489948 0 0.49999999011776786
    outer loop
      vertex 90.06672278046608 0 2.0188621506094933
      vertex 90.11668378859758 0 1.9323271438479424
      vertex 90.06672278046608 12 2.0188621506094933
    endloop
  endfacet
  facet normal 0.9096320036976236 0 0.41541499473303384
    outer loop
      vertex 90.02521367371082 0 2.1097544208168983
      vertex 90.06672278046608 0 2.0188621506094933
      vertex 90.02521367371082 12 2.1097544208168983
    endloop
  endfacet
  facet normal 0.94500082512107 0 0.32706794480733975
    outer loop
      vertex 90 0 2.1826045513153076
      vertex 90.02521367371082 0 2.1097544208168983
      vertex 90 12 2.1826045513153076
    endloop
  endfacet
  facet normal 0.37166244604260046 0 0.9283679368664296
    outer loop
      vertex 90.56381423771381 0 1.544886402785778
      vertex 90.65657863765955 0 1.5077491402626038
      vertex 90.56381423771381 12 1.544886402785778
    endloop
  endfacet
  facet normal 0.2817325664114443 0 0.9594929708044876
    outer loop
      vertex 90.65657863765955 0 1.5077491402626038
      vertex 90.7524531185627 0 1.4795978516340256
      vertex 90.65657863765955 12 1.5077491402626038
    endloop
  endfacet
  facet normal 0.18925120858891392 0 0.9819287041570968
    outer loop
      vertex 90.7524531185627 0 1.4795978516340256
      vertex 90.85056941956282 0 1.4606874883174896
      vertex 90.7524531185627 12 1.4795978516340256
    endloop
  endfacet
  facet normal 0.09505605655730592 0 0.9954719213075646
    outer loop
      vertex 90.85056941956282 0 1.4606874883174896
      vertex 90.9500389918685 0 1.4511892944574356
      vertex 90.85056941956282 12 1.4606874883174896
    endloop
  endfacet
  facet normal 0.6181590025045256 0 0.7860530819369707
    outer loop
      vertex 90.31239622831345 0 1.706462949514389
      vertex 90.39094024151564 0 1.6446952521800995
      vertex 90.31239622831345 12 1.706462949514389
    endloop
  endfacet
  facet normal 0.690079006672919 0 0.7237340426906264
    outer loop
      vertex 90.24007926136255 0 1.775417037308216
      vertex 90.31239622831345 0 1.706462949514389
      vertex 90.24007926136255 12 1.775417037308216
    endloop
  endfacet
  facet normal 0.5406407979669884 0 0.8412535453557495
    outer loop
      vertex 90.39094024151564 0 1.6446952521800995
      vertex 90.47500000149012 0 1.5906733274459839
      vertex 90.39094024151564 12 1.6446952521800995
    endloop
  endfacet
  facet normal 0.4582265499986157 0 0.8888354340801036
    outer loop
      vertex 90.47500000149012 0 1.5906733274459839
      vertex 90.56381423771381 0 1.544886402785778
      vertex 90.47500000149012 12 1.5906733274459839
    endloop
  endfacet
  facet normal 0 0 1
    outer loop
      vertex 90.9500389918685 0 1.4511892944574356
      vertex 91.0499610081315 0 1.4511892944574356
      vertex 90.9500389918685 12 1.4511892944574356
    endloop
  endfacet
  facet normal -0.09505605655730592 0 0.9954719213075646
    outer loop
      vertex 91.0499610081315 0 1.4511892944574356
      vertex 91.14943058043718 0 1.4606874883174896
      vertex 91.0499610081315 12 1.4511892944574356
    endloop
  endfacet
  facet normal -0.18925120858891392 0 0.9819287041570968
    outer loop
      vertex 91.14943058043718 0 1.4606874883174896
      vertex 91.2475468814373 0 1.4795978516340256
      vertex 91.14943058043718 12 1.4606874883174896
    endloop
  endfacet
  facet normal -0.2817325664114443 0 0.9594929708044876
    outer loop
      vertex 91.2475468814373 0 1.4795978516340256
      vertex 91.34342136234045 0 1.5077491402626038
      vertex 91.2475468814373 12 1.4795978516340256
    endloop
  endfacet
  facet normal -0.37166244604260046 0 0.9283679368664296
    outer loop
      vertex 91.34342136234045 0 1.5077491402626038
      vertex 91.43618576228619 0 1.544886402785778
      vertex 91.34342136234045 12 1.5077491402626038
    endloop
  endfacet
  facet normal -0.4582265499986157 0 0.8888354340801036
    outer loop
      vertex 91.52499999850988 0 1.5906733274459839
      vertex 91.43618576228619 12 1.544886402785778
      vertex 91.43618576228619 0 1.544886402785778
    endloop
  endfacet
  facet normal -0.5406407979669884 0 0.8412535453557495
    outer loop
      vertex 91.52499999850988 0 1.5906733274459839
      vertex 91.60905975848436 0 1.6446952521800995
      vertex 91.52499999850988 12 1.5906733274459839
    endloop
  endfacet
  facet normal -0.6181590025045256 0 0.7860530819369707
    outer loop
      vertex 91.60905975848436 0 1.6446952521800995
      vertex 91.68760377168655 0 1.706462949514389
      vertex 91.60905975848436 12 1.6446952521800995
    endloop
  endfacet
  facet normal 0.1950903213826993 0 -0.9807852805292273
    outer loop
      vertex 92.75 0 0
      vertex 92.84567085653543 12 0.019030116498470306
      vertex 92.84567085653543 0 0.019030116498470306
    endloop
  endfacet
  facet normal 0.5555702640698281 0 -0.8314695915554466
    outer loop
      vertex 92.84567085653543 0 0.019030116498470306
      vertex 92.92677669227123 12 0.0732233077287674
      vertex 92.92677669227123 0 0.0732233077287674
    endloop
  endfacet
  facet normal 0.8314696185753682 0 -0.5555702236316591
    outer loop
      vertex 92.92677669227123 0 0.0732233077287674
      vertex 92.97780927270651 12 0.14959896355867386
      vertex 92.97780927270651 0 0.14959896355867386
    endloop
  endfacet
  facet normal 0.6913675150403918 0 -0.7225032589178223
    outer loop
      vertex 92.97780927270651 0 0.14959896355867386
      vertex 93.02908093482256 12 0.19866111129522324
      vertex 93.02908093482256 0 0.19866111129522324
    endloop
  endfacet
  facet normal 0.8441840442202837 0 -0.5360534483462316
    outer loop
      vertex 93.08077222108841 0 0.28006523102521896
      vertex 93.02908093482256 0 0.19866111129522324
      vertex 93.08077222108841 12 0.28006523102521896
    endloop
  endfacet
  facet normal 0.9479395466544951 0 -0.31845033504217
    outer loop
      vertex 93.11148017644882 0 0.37147441506385803
      vertex 93.08077222108841 0 0.28006523102521896
      vertex 93.11148017644882 12 0.37147441506385803
    endloop
  endfacet
  facet normal 0.9966043079220092 0 -0.08233986538301423
    outer loop
      vertex 93.11942015588284 0 0.4675763174891472
      vertex 93.11148017644882 0 0.37147441506385803
      vertex 93.11942015588284 12 0.4675763174891472
    endloop
  endfacet
  facet normal -0.690079006672919 0 0.7237340426906264
    outer loop
      vertex 91.68760377168655 0 1.706462949514389
      vertex 91.75992073863745 0 1.775417037308216
      vertex 91.68760377168655 12 1.706462949514389
    endloop
  endfacet
  facet normal -0.7557496012648185 0 0.6548607028888418
    outer loop
      vertex 91.825355745852 0 1.8509330675005913
      vertex 91.75992073863745 12 1.775417037308216
      vertex 91.75992073863745 0 1.775417037308216
    endloop
  endfacet
  facet normal -0.814575922888033 0 0.58005695052392
    outer loop
      vertex 91.825355745852 0 1.8509330675005913
      vertex 91.88331621140242 0 1.9323271438479424
      vertex 91.825355745852 12 1.8509330675005913
    endloop
  endfacet
  facet normal -0.866025409489948 0 0.49999999011776786
    outer loop
      vertex 91.93327721953392 0 2.0188621506094933
      vertex 91.88331621140242 12 1.9323271438479424
      vertex 91.88331621140242 0 1.9323271438479424
    endloop
  endfacet
  facet normal -0.9096320036976236 0 0.41541499473303384
    outer loop
      vertex 91.97478632628918 0 2.1097544208168983
      vertex 91.93327721953392 12 2.0188621506094933
      vertex 91.93327721953392 0 2.0188621506094933
    endloop
  endfacet
  facet normal -0.9450008148664892 0 0.32706797443600527
    outer loop
      vertex 92.00746762007475 0 2.2041808143258095
      vertex 91.97478632628918 12 2.1097544208168983
      vertex 91.97478632628918 0 2.1097544208168983
    endloop
  endfacet
  facet normal -0.9718115579369646 0 0.23575897832347742
    outer loop
      vertex 92.00746762007475 0 2.2041808143258095
      vertex 92.031025134027 0 2.3012861907482147
      vertex 92.00746762007475 12 2.2041808143258095
    endloop
  endfacet
  facet normal -0.9898214519623071 0 0.14231476815576818
    outer loop
      vertex 92.04460901767015 0 2.395764224231243
      vertex 92.031025134027 12 2.3012861907482147
      vertex 92.031025134027 0 2.3012861907482147
    endloop
  endfacet
  facet normal -0.9992629164176199 0 -0.03838780890533844
    outer loop
      vertex 90.61535512655973 0 39.6002948358655
      vertex 92.04460901767015 12 2.395764224231243
      vertex 92.04460901767015 0 2.395764224231243
    endloop
  endfacet
  facet normal -0.9807852805292272 0 -0.19509032138269927
    outer loop
      vertex 88 1.5 0.25
      vertex 88.01903011649847 12 0.15432914346456528
      vertex 88.01903011649847 1.5 0.15432914346456528
    endloop
  endfacet
  facet normal -0.8314695915554466 0 -0.5555702640698281
    outer loop
      vertex 88.01903011649847 1.5 0.15432914346456528
      vertex 88.07322330772877 12 0.0732233077287674
      vertex 88.07322330772877 1.5 0.0732233077287674
    endloop
  endfacet
  facet normal -0.5555702640698281 0 -0.8314695915554466
    outer loop
      vertex 88.07322330772877 1.5 0.0732233077287674
      vertex 88.15432914346457 12 0.019030116498470306
      vertex 88.15432914346457 1.5 0.019030116498470306
    endloop
  endfacet
  facet normal -0.19509032138269927 0 -0.9807852805292272
    outer loop
      vertex 88.15432914346457 1.5 0.019030116498470306
      vertex 88.25 12 0
      vertex 88.25 1.5 0
    endloop
  endfacet
  facet normal 0 0 -1
    outer loop
      vertex 88.25 1.5 0
      vertex 88.25 12 0
      vertex 88.5 1.5 0
    endloop
  endfacet
  facet normal 0 0 -1
    outer loop
      vertex 92.75 0 0
      vertex 88.5 1.5 0
      vertex 92.75 12 0
    endloop
  endfacet
  facet normal -1 0 0
    outer loop
      vertex 88 1.5 0.25
      vertex 88 2.5670568346977234 1
      vertex 88 12 0.25
    endloop
  endfacet
  facet normal -1 0 0
    outer loop
      vertex 88 2.5670568346977234 29
      vertex 88 12 0.25
      vertex 88 2.5670568346977234 1
    endloop
  endfacet
  facet normal 1 0 0
    outer loop
      vertex 90 0 29.5
      vertex 90 0 2.1826045513153076
      vertex 90 12 29.5
    endloop
  endfacet
  facet normal 0.999262916411581 0 0.038387809062534244
    outer loop
      vertex 91.61461804062128 0 39.63868264108896
      vertex 93.11942015588284 0 0.4675763174891472
      vertex 91.61461804062128 12 39.63868264108896
    endloop
  endfacet
  facet normal 0.9951847267853376 0 0.09801713918082348
    outer loop
      vertex 89.99039264023304 0 29.5975451618433
      vertex 90 0 29.5
      vertex 89.99039264023304 12 29.5975451618433
    endloop
  endfacet
  facet normal 0.9569403343682077 0 0.29028468175097155
    outer loop
      vertex 89.96193976700306 0 29.69134171307087
      vertex 89.99039264023304 0 29.5975451618433
      vertex 89.96193976700306 12 29.69134171307087
    endloop
  endfacet
  facet normal 0.8819212605069148 0 0.47139674401282655
    outer loop
      vertex 89.91573480516672 0 29.77778511494398
      vertex 89.96193976700306 0 29.69134171307087
      vertex 89.91573480516672 12 29.77778511494398
    endloop
  endfacet
  facet normal 0.7730104774684329 0 0.6343932547907689
    outer loop
      vertex 89.85355339199305 0 29.853553391993046
      vertex 89.91573480516672 0 29.77778511494398
      vertex 89.85355339199305 12 29.853553391993046
    endloop
  endfacet
  facet normal 0.29028468175097155 0 0.9569403343682077
    outer loop
      vertex 89.5975451618433 0 29.99039264023304
      vertex 89.69134171307087 0 29.96193976700306
      vertex 89.5975451618433 12 29.99039264023304
    endloop
  endfacet
  facet normal 0.47139674401282655 0 0.8819212605069148
    outer loop
      vertex 89.69134171307087 0 29.96193976700306
      vertex 89.77778511494398 0 29.91573480516672
      vertex 89.69134171307087 12 29.96193976700306
    endloop
  endfacet
  facet normal 0.6343932547907689 0 0.7730104774684329
    outer loop
      vertex 89.77778511494398 0 29.91573480516672
      vertex 89.85355339199305 0 29.853553391993046
      vertex 89.77778511494398 12 29.91573480516672
    endloop
  endfacet
  facet normal 0.09801713918082348 0 0.9951847267853376
    outer loop
      vertex 89.5975451618433 0 29.99039264023304
      vertex 89.5 12 30
      vertex 89.5 1.5 30
    endloop
  endfacet
  facet normal -0.9951847267853376 0 0.09801713918082348
    outer loop
      vertex 88.00960735976696 1.5 29.5975451618433
      vertex 88 12 29.5
      vertex 88 1.5 29.5
    endloop
  endfacet
  facet normal -0.9569403343682077 0 0.29028468175097155
    outer loop
      vertex 88.00960735976696 1.5 29.5975451618433
      vertex 88.03806023299694 1.5 29.69134171307087
      vertex 88.00960735976696 12 29.5975451618433
    endloop
  endfacet
  facet normal -0.8819212605069148 0 0.47139674401282655
    outer loop
      vertex 88.08426519483328 1.5 29.77778511494398
      vertex 88.03806023299694 12 29.69134171307087
      vertex 88.03806023299694 1.5 29.69134171307087
    endloop
  endfacet
  facet normal -0.7730104774684329 0 0.6343932547907689
    outer loop
      vertex 88.14644660800695 1.5 29.853553391993046
      vertex 88.08426519483328 12 29.77778511494398
      vertex 88.08426519483328 1.5 29.77778511494398
    endloop
  endfacet
  facet normal -0.6343932547907689 0 0.7730104774684329
    outer loop
      vertex 88.14644660800695 1.5 29.853553391993046
      vertex 88.22221488505602 1.5 29.91573480516672
      vertex 88.14644660800695 12 29.853553391993046
    endloop
  endfacet
  facet normal -0.47139674401282655 0 0.8819212605069148
    outer loop
      vertex 88.22221488505602 1.5 29.91573480516672
      vertex 88.30865828692913 1.5 29.96193976700306
      vertex 88.22221488505602 12 29.91573480516672
    endloop
  endfacet
  facet normal -0.29028468175097155 0 0.9569403343682077
    outer loop
      vertex 88.30865828692913 1.5 29.96193976700306
      vertex 88.4024548381567 1.5 29.99039264023304
      vertex 88.30865828692913 12 29.96193976700306
    endloop
  endfacet
  facet normal -0.09801713918082348 0 0.9951847267853376
    outer loop
      vertex 88.4024548381567 1.5 29.99039264023304
      vertex 88.5 1.5 30
      vertex 88.4024548381567 12 29.99039264023304
    endloop
  endfacet
  facet normal 0 0 1
    outer loop
      vertex 88.5 1.5 30
      vertex 89.5 1.5 30
      vertex 88.5 12 30
    endloop
  endfacet
  facet normal -1 0 0
    outer loop
      vertex 88 1.5 29.5
      vertex 88 12 29.5
      vertex 88 2.5670568346977234 29
    endloop
  endfacet
  facet normal 0 -1 0
    outer loop
      vertex 90.95163798332214 0 40.010589972138405
      vertex 90.62329510599375 0 39.69639673829079
      vertex 90.61535512655973 0 39.6002948358655
    endloop
  endfacet
  facet normal 0 -1 0
    outer loop
      vertex 90.61535512655973 0 39.6002948358655
      vertex 91.61461804062128 0 39.63868264108896
      vertex 91.60985288769007 0 39.68674982339144
    endloop
  endfacet
  facet normal 0 -1 0
    outer loop
      vertex 90.61535512655973 0 39.6002948358655
      vertex 91.60985288769007 0 39.68674982339144
      vertex 91.5831986963749 0 39.77942221611738
    endloop
  endfacet
  facet normal 0 -1 0
    outer loop
      vertex 91.53514107316732 0 39.863022953271866
      vertex 90.61535512655973 0 39.6002948358655
      vertex 91.5831986963749 0 39.77942221611738
    endloop
  endfacet
  facet normal 0 -1 0
    outer loop
      vertex 90.65400306135416 0 39.787805922329426
      vertex 90.62329510599375 0 39.69639673829079
      vertex 90.95163798332214 0 40.010589972138405
    endloop
  endfacet
  facet normal 0 -1 0
    outer loop
      vertex 90.65400306135416 0 39.787805922329426
      vertex 90.77536485344172 0 39.93587815761566
      vertex 90.70569434016943 0 39.86921004205942
    endloop
  endfacet
  facet normal 0 -1 0
    outer loop
      vertex 90.65400306135416 0 39.787805922329426
      vertex 90.8589655905962 0 39.98393578082323
      vertex 90.77536485344172 0 39.93587815761566
    endloop
  endfacet
  facet normal 0 -1 0
    outer loop
      vertex 90.95163798332214 0 40.010589972138405
      vertex 90.61535512655973 0 39.6002948358655
      vertex 90.99970516562462 0 40.01535512506962
    endloop
  endfacet
  facet normal 0 -1 0
    outer loop
      vertex 90.65400306135416 0 39.787805922329426
      vertex 90.95163798332214 0 40.010589972138405
      vertex 90.8589655905962 0 39.98393578082323
    endloop
  endfacet
  facet normal 0 -1 0
    outer loop
      vertex 90.99970516562462 0 40.01535512506962
      vertex 90.61535512655973 0 39.6002948358655
      vertex 91.19955775141716 0 40.02303268760443
    endloop
  endfacet
  facet normal 0 -1 0
    outer loop
      vertex 91.19955775141716 0 40.02303268760443
      vertex 90.61535512655973 0 39.6002948358655
      vertex 91.29565965384245 0 40.01509270071983
    endloop
  endfacet
  facet normal 0 -1 0
    outer loop
      vertex 91.29565965384245 0 40.01509270071983
      vertex 90.61535512655973 0 39.6002948358655
      vertex 91.38706883788109 0 39.98438474535942
    endloop
  endfacet
  facet normal 0 -1 0
    outer loop
      vertex 91.38706883788109 0 39.98438474535942
      vertex 90.61535512655973 0 39.6002948358655
      vertex 91.46847295761108 0 39.93269346654415
    endloop
  endfacet
  facet normal 0 -1 0
    outer loop
      vertex 91.46847295761108 0 39.93269346654415
      vertex 90.61535512655973 0 39.6002948358655
      vertex 91.53514107316732 0 39.863022953271866
    endloop
  endfacet
  facet normal -0.9966043079220092 0 0.08233986538301423
    outer loop
      vertex 90.62329510599375 0 39.69639673829079
      vertex 90.61535512655973 12 39.6002948358655
      vertex 90.61535512655973 0 39.6002948358655
    endloop
  endfacet
  facet normal -0.9479395466544951 0 0.31845033504217
    outer loop
      vertex 90.65400306135416 0 39.787805922329426
      vertex 90.62329510599375 12 39.69639673829079
      vertex 90.62329510599375 0 39.69639673829079
    endloop
  endfacet
  facet normal 0.995122024983751 0 0.09865168722449026
    outer loop
      vertex 91.60985288769007 0 39.68674982339144
      vertex 91.61461804062128 0 39.63868264108896
      vertex 91.60985288769007 12 39.68674982339144
    endloop
  endfacet
  facet normal 0.9610393409353434 0 0.2764116227197413
    outer loop
      vertex 91.5831986963749 0 39.77942221611738
      vertex 91.60985288769007 0 39.68674982339144
      vertex 91.5831986963749 12 39.77942221611738
    endloop
  endfacet
  facet normal -0.8441840791846855 0 0.5360533932838265
    outer loop
      vertex 90.65400306135416 0 39.787805922329426
      vertex 90.70569434016943 0 39.86921004205942
      vertex 90.65400306135416 12 39.787805922329426
    endloop
  endfacet
  facet normal -0.6913675234518825 0 0.7225032508688185
    outer loop
      vertex 90.70569434016943 0 39.86921004205942
      vertex 90.77536485344172 0 39.93587815761566
      vertex 90.70569434016943 12 39.86921004205942
    endloop
  endfacet
  facet normal -0.4983713584527948 0 0.8669636607574253
    outer loop
      vertex 90.77536485344172 0 39.93587815761566
      vertex 90.8589655905962 0 39.98393578082323
      vertex 90.77536485344172 12 39.93587815761566
    endloop
  endfacet
  facet normal -0.2764116227197413 0 0.9610393409353434
    outer loop
      vertex 90.8589655905962 0 39.98393578082323
      vertex 90.95163798332214 0 40.010589972138405
      vertex 90.8589655905962 12 39.98393578082323
    endloop
  endfacet
  facet normal -0.09865168722449026 0 0.995122024983751
    outer loop
      vertex 90.95163798332214 0 40.010589972138405
      vertex 90.99970516562462 0 40.01535512506962
      vertex 90.95163798332214 12 40.010589972138405
    endloop
  endfacet
  facet normal -0.0383878121872684 0 0.9992629162915408
    outer loop
      vertex 90.99970516562462 0 40.01535512506962
      vertex 91.19955775141716 0 40.02303268760443
      vertex 90.99970516562462 12 40.01535512506962
    endloop
  endfacet
  facet normal 0.08233994212382943 0 0.996604301581648
    outer loop
      vertex 91.19955775141716 0 40.02303268760443
      vertex 91.29565965384245 0 40.01509270071983
      vertex 91.19955775141716 12 40.02303268760443
    endloop
  endfacet
  facet normal 0.31845033504217 0 0.9479395466544951
    outer loop
      vertex 91.29565965384245 0 40.01509270071983
      vertex 91.38706883788109 0 39.98438474535942
      vertex 91.29565965384245 12 40.01509270071983
    endloop
  endfacet
  facet normal 0.5360533932838265 0 0.8441840791846855
    outer loop
      vertex 91.38706883788109 0 39.98438474535942
      vertex 91.46847295761108 0 39.93269346654415
      vertex 91.38706883788109 12 39.98438474535942
    endloop
  endfacet
  facet normal 0.8669636607574253 0 0.4983713584527948
    outer loop
      vertex 91.53514107316732 0 39.863022953271866
      vertex 91.5831986963749 0 39.77942221611738
      vertex 91.53514107316732 12 39.863022953271866
    endloop
  endfacet
  facet normal 0.7225032508688185 0 0.6913675234518825
    outer loop
      vertex 91.46847295761108 0 39.93269346654415
      vertex 91.53514107316732 0 39.863022953271866
      vertex 91.46847295761108 12 39.93269346654415
    endloop
  endfacet
  facet normal 0.866025409489948 0 0.49999999011776786
    outer loop
      vertex 90.11668378859758 0 1.9323271438479424
      vertex 90.11668378859758 12 1.9323271438479424
      vertex 90.06672278046608 12 2.0188621506094933
    endloop
  endfacet
  facet normal 0.814575922888033 0 0.58005695052392
    outer loop
      vertex 90.174644254148 0 1.8509330675005913
      vertex 90.174644254148 12 1.8509330675005913
      vertex 90.11668378859758 12 1.9323271438479424
    endloop
  endfacet
  facet normal 0.9096320036976236 0 0.41541499473303384
    outer loop
      vertex 90.06672278046608 0 2.0188621506094933
      vertex 90.06672278046608 12 2.0188621506094933
      vertex 90.02521367371082 12 2.1097544208168983
    endloop
  endfacet
  facet normal 0.94500082512107 0 0.32706794480733975
    outer loop
      vertex 90.02521367371082 0 2.1097544208168983
      vertex 90.02521367371082 12 2.1097544208168983
      vertex 90 12 2.1826045513153076
    endloop
  endfacet
  facet normal 0.4582265499986157 0 0.8888354340801036
    outer loop
      vertex 90.56381423771381 0 1.544886402785778
      vertex 90.56381423771381 12 1.544886402785778
      vertex 90.47500000149012 12 1.5906733274459839
    endloop
  endfacet
  facet normal 0.37166244604260046 0 0.9283679368664296
    outer loop
      vertex 90.65657863765955 0 1.5077491402626038
      vertex 90.65657863765955 12 1.5077491402626038
      vertex 90.56381423771381 12 1.544886402785778
    endloop
  endfacet
  facet normal 0.2817325664114443 0 0.9594929708044876
    outer loop
      vertex 90.7524531185627 0 1.4795978516340256
      vertex 90.7524531185627 12 1.4795978516340256
      vertex 90.65657863765955 12 1.5077491402626038
    endloop
  endfacet
  facet normal 0.18925120858891392 0 0.9819287041570968
    outer loop
      vertex 90.85056941956282 0 1.4606874883174896
      vertex 90.85056941956282 12 1.4606874883174896
      vertex 90.7524531185627 12 1.4795978516340256
    endloop
  endfacet
  facet normal 0.09505605655730592 0 0.9954719213075646
    outer loop
      vertex 90.9500389918685 0 1.4511892944574356
      vertex 90.9500389918685 12 1.4511892944574356
      vertex 90.85056941956282 12 1.4606874883174896
    endloop
  endfacet
  facet normal 0.6181590025045256 0 0.7860530819369707
    outer loop
      vertex 90.39094024151564 0 1.6446952521800995
      vertex 90.39094024151564 12 1.6446952521800995
      vertex 90.31239622831345 12 1.706462949514389
    endloop
  endfacet
  facet normal 0.690079006672919 0 0.7237340426906264
    outer loop
      vertex 90.31239622831345 0 1.706462949514389
      vertex 90.31239622831345 12 1.706462949514389
      vertex 90.24007926136255 12 1.775417037308216
    endloop
  endfacet
  facet normal 0.7557496012648185 0 0.6548607028888418
    outer loop
      vertex 90.24007926136255 0 1.775417037308216
      vertex 90.24007926136255 12 1.775417037308216
      vertex 90.174644254148 12 1.8509330675005913
    endloop
  endfacet
  facet normal 0.5406407979669884 0 0.8412535453557495
    outer loop
      vertex 90.47500000149012 0 1.5906733274459839
      vertex 90.47500000149012 12 1.5906733274459839
      vertex 90.39094024151564 12 1.6446952521800995
    endloop
  endfacet
  facet normal 0 0 1
    outer loop
      vertex 91.0499610081315 0 1.4511892944574356
      vertex 91.0499610081315 12 1.4511892944574356
      vertex 90.9500389918685 12 1.4511892944574356
    endloop
  endfacet
  facet normal -0.09505605655730592 0 0.9954719213075646
    outer loop
      vertex 91.14943058043718 0 1.4606874883174896
      vertex 91.14943058043718 12 1.4606874883174896
      vertex 91.0499610081315 12 1.4511892944574356
    endloop
  endfacet
  facet normal -0.18925120858891392 0 0.9819287041570968
    outer loop
      vertex 91.2475468814373 0 1.4795978516340256
      vertex 91.2475468814373 12 1.4795978516340256
      vertex 91.14943058043718 12 1.4606874883174896
    endloop
  endfacet
  facet normal -0.2817325664114443 0 0.9594929708044876
    outer loop
      vertex 91.34342136234045 0 1.5077491402626038
      vertex 91.34342136234045 12 1.5077491402626038
      vertex 91.2475468814373 12 1.4795978516340256
    endloop
  endfacet
  facet normal -0.37166244604260046 0 0.9283679368664296
    outer loop
      vertex 91.43618576228619 0 1.544886402785778
      vertex 91.43618576228619 12 1.544886402785778
      vertex 91.34342136234045 12 1.5077491402626038
    endloop
  endfacet
  facet normal -0.4582265499986157 0 0.8888354340801036
    outer loop
      vertex 91.52499999850988 0 1.5906733274459839
      vertex 91.52499999850988 12 1.5906733274459839
      vertex 91.43618576228619 12 1.544886402785778
    endloop
  endfacet
  facet normal -0.5406407979669884 0 0.8412535453557495
    outer loop
      vertex 91.60905975848436 0 1.6446952521800995
      vertex 91.60905975848436 12 1.6446952521800995
      vertex 91.52499999850988 12 1.5906733274459839
    endloop
  endfacet
  facet normal -0.6181590025045256 0 0.7860530819369707
    outer loop
      vertex 91.68760377168655 0 1.706462949514389
      vertex 91.68760377168655 12 1.706462949514389
      vertex 91.60905975848436 12 1.6446952521800995
    endloop
  endfacet
  facet normal 0.1950903213826993 0 -0.9807852805292273
    outer loop
      vertex 92.75 0 0
      vertex 92.75 12 0
      vertex 92.84567085653543 12 0.019030116498470306
    endloop
  endfacet
  facet normal 0.5555702640698281 0 -0.8314695915554466
    outer loop
      vertex 92.84567085653543 0 0.019030116498470306
      vertex 92.84567085653543 12 0.019030116498470306
      vertex 92.92677669227123 12 0.0732233077287674
    endloop
  endfacet
  facet normal 0.8314696185753682 0 -0.5555702236316591
    outer loop
      vertex 92.92677669227123 0 0.0732233077287674
      vertex 92.92677669227123 12 0.0732233077287674
      vertex 92.97780927270651 12 0.14959896355867386
    endloop
  endfacet
  facet normal 0.6913675150403918 0 -0.7225032589178223
    outer loop
      vertex 92.97780927270651 0 0.14959896355867386
      vertex 92.97780927270651 12 0.14959896355867386
      vertex 93.02908093482256 12 0.19866111129522324
    endloop
  endfacet
  facet normal 0.8441840442202837 0 -0.5360534483462316
    outer loop
      vertex 93.02908093482256 0 0.19866111129522324
      vertex 93.02908093482256 12 0.19866111129522324
      vertex 93.08077222108841 12 0.28006523102521896
    endloop
  endfacet
  facet normal 0.9479395466544951 0 -0.31845033504217
    outer loop
      vertex 93.08077222108841 0 0.28006523102521896
      vertex 93.08077222108841 12 0.28006523102521896
      vertex 93.11148017644882 12 0.37147441506385803
    endloop
  endfacet
  facet normal 0.9966043079220092 0 -0.08233986538301423
    outer loop
      vertex 93.11148017644882 0 0.37147441506385803
      vertex 93.11148017644882 12 0.37147441506385803
      vertex 93.11942015588284 12 0.4675763174891472
    endloop
  endfacet
  facet normal -0.690079006672919 0 0.7237340426906264
    outer loop
      vertex 91.75992073863745 0 1.775417037308216
      vertex 91.75992073863745 12 1.775417037308216
      vertex 91.68760377168655 12 1.706462949514389
    endloop
  endfacet
  facet normal -0.7557496012648185 0 0.6548607028888418
    outer loop
      vertex 91.825355745852 0 1.8509330675005913
      vertex 91.825355745852 12 1.8509330675005913
      vertex 91.75992073863745 12 1.775417037308216
    endloop
  endfacet
  facet normal -0.814575922888033 0 0.58005695052392
    outer loop
      vertex 91.88331621140242 0 1.9323271438479424
      vertex 91.88331621140242 12 1.9323271438479424
      vertex 91.825355745852 12 1.8509330675005913
    endloop
  endfacet
  facet normal -0.866025409489948 0 0.49999999011776786
    outer loop
      vertex 91.93327721953392 0 2.0188621506094933
      vertex 91.93327721953392 12 2.0188621506094933
      vertex 91.88331621140242 12 1.9323271438479424
    endloop
  endfacet
  facet normal -0.9096320036976236 0 0.41541499473303384
    outer loop
      vertex 91.97478632628918 0 2.1097544208168983
      vertex 91.97478632628918 12 2.1097544208168983
      vertex 91.93327721953392 12 2.0188621506094933
    endloop
  endfacet
  facet normal -0.9450008148664892 0 0.32706797443600527
    outer loop
      vertex 92.00746762007475 0 2.2041808143258095
      vertex 92.00746762007475 12 2.2041808143258095
      vertex 91.97478632628918 12 2.1097544208168983
    endloop
  endfacet
  facet normal -0.9718115579369646 0 0.23575897832347742
    outer loop
      vertex 92.031025134027 0 2.3012861907482147
      vertex 92.031025134027 12 2.3012861907482147
      vertex 92.00746762007475 12 2.2041808143258095
    endloop
  endfacet
  facet normal -0.9898214519623071 0 0.14231476815576818
    outer loop
      vertex 92.04460901767015 0 2.395764224231243
      vertex 92.04460901767015 12 2.395764224231243
      vertex 92.031025134027 12 2.3012861907482147
    endloop
  endfacet
  facet normal -0.9807852805292272 0 -0.19509032138269927
    outer loop
      vertex 88 1.5 0.25
      vertex 88 12 0.25
      vertex 88.01903011649847 12 0.15432914346456528
    endloop
  endfacet
  facet normal -0.5555702640698281 0 -0.8314695915554466
    outer loop
      vertex 88.07322330772877 1.5 0.0732233077287674
      vertex 88.07322330772877 12 0.0732233077287674
      vertex 88.15432914346457 12 0.019030116498470306
    endloop
  endfacet
  facet normal -0.8314695915554466 0 -0.5555702640698281
    outer loop
      vertex 88.01903011649847 1.5 0.15432914346456528
      vertex 88.01903011649847 12 0.15432914346456528
      vertex 88.07322330772877 12 0.0732233077287674
    endloop
  endfacet
  facet normal -0.19509032138269927 0 -0.9807852805292272
    outer loop
      vertex 88.15432914346457 1.5 0.019030116498470306
      vertex 88.15432914346457 12 0.019030116498470306
      vertex 88.25 12 0
    endloop
  endfacet
  facet normal 0 0 -1
    outer loop
      vertex 88.5 1.5 0
      vertex 88.25 12 0
      vertex 92.75 12 0
    endloop
  endfacet
  facet normal 1 0 0
    outer loop
      vertex 90 0 2.1826045513153076
      vertex 90 12 2.1826045513153076
      vertex 90 12 29.5
    endloop
  endfacet
  facet normal 0.999262916411581 0 0.038387809062534244
    outer loop
      vertex 91.61461804062128 12 39.63868264108896
      vertex 93.11942015588284 0 0.4675763174891472
      vertex 93.11942015588284 12 0.4675763174891472
    endloop
  endfacet
  facet normal -1 0 0
    outer loop
      vertex 88 2.5670568346977234 29
      vertex 88 12 29.5
      vertex 88 12 0.25
    endloop
  endfacet
  facet normal -0.9992629164176199 0 -0.03838780890533844
    outer loop
      vertex 90.61535512655973 0 39.6002948358655
      vertex 90.61535512655973 12 39.6002948358655
      vertex 92.04460901767015 12 2.395764224231243
    endloop
  endfacet
  facet normal 0.9951847267853376 0 0.09801713918082348
    outer loop
      vertex 90 0 29.5
      vertex 90 12 29.5
      vertex 89.99039264023304 12 29.5975451618433
    endloop
  endfacet
  facet normal 0.9569403343682077 0 0.29028468175097155
    outer loop
      vertex 89.99039264023304 0 29.5975451618433
      vertex 89.99039264023304 12 29.5975451618433
      vertex 89.96193976700306 12 29.69134171307087
    endloop
  endfacet
  facet normal 0.7730104774684329 0 0.6343932547907689
    outer loop
      vertex 89.91573480516672 0 29.77778511494398
      vertex 89.91573480516672 12 29.77778511494398
      vertex 89.85355339199305 12 29.853553391993046
    endloop
  endfacet
  facet normal 0.8819212605069148 0 0.47139674401282655
    outer loop
      vertex 89.96193976700306 0 29.69134171307087
      vertex 89.96193976700306 12 29.69134171307087
      vertex 89.91573480516672 12 29.77778511494398
    endloop
  endfacet
  facet normal 0.09801713918082348 0 0.9951847267853376
    outer loop
      vertex 89.5975451618433 0 29.99039264023304
      vertex 89.5975451618433 12 29.99039264023304
      vertex 89.5 12 30
    endloop
  endfacet
  facet normal 0.29028468175097155 0 0.9569403343682077
    outer loop
      vertex 89.69134171307087 0 29.96193976700306
      vertex 89.69134171307087 12 29.96193976700306
      vertex 89.5975451618433 12 29.99039264023304
    endloop
  endfacet
  facet normal 0.47139674401282655 0 0.8819212605069148
    outer loop
      vertex 89.77778511494398 0 29.91573480516672
      vertex 89.77778511494398 12 29.91573480516672
      vertex 89.69134171307087 12 29.96193976700306
    endloop
  endfacet
  facet normal 0.6343932547907689 0 0.7730104774684329
    outer loop
      vertex 89.85355339199305 0 29.853553391993046
      vertex 89.85355339199305 12 29.853553391993046
      vertex 89.77778511494398 12 29.91573480516672
    endloop
  endfacet
  facet normal -0.9951847267853376 0 0.09801713918082348
    outer loop
      vertex 88.00960735976696 1.5 29.5975451618433
      vertex 88.00960735976696 12 29.5975451618433
      vertex 88 12 29.5
    endloop
  endfacet
  facet normal -0.9569403343682077 0 0.29028468175097155
    outer loop
      vertex 88.03806023299694 1.5 29.69134171307087
      vertex 88.03806023299694 12 29.69134171307087
      vertex 88.00960735976696 12 29.5975451618433
    endloop
  endfacet
  facet normal -0.8819212605069148 0 0.47139674401282655
    outer loop
      vertex 88.08426519483328 1.5 29.77778511494398
      vertex 88.08426519483328 12 29.77778511494398
      vertex 88.03806023299694 12 29.69134171307087
    endloop
  endfacet
  facet normal -0.7730104774684329 0 0.6343932547907689
    outer loop
      vertex 88.14644660800695 1.5 29.853553391993046
      vertex 88.14644660800695 12 29.853553391993046
      vertex 88.08426519483328 12 29.77778511494398
    endloop
  endfacet
  facet normal -0.6343932547907689 0 0.7730104774684329
    outer loop
      vertex 88.22221488505602 1.5 29.91573480516672
      vertex 88.22221488505602 12 29.91573480516672
      vertex 88.14644660800695 12 29.853553391993046
    endloop
  endfacet
  facet normal -0.47139674401282655 0 0.8819212605069148
    outer loop
      vertex 88.30865828692913 1.5 29.96193976700306
      vertex 88.30865828692913 12 29.96193976700306
      vertex 88.22221488505602 12 29.91573480516672
    endloop
  endfacet
  facet normal -0.29028468175097155 0 0.9569403343682077
    outer loop
      vertex 88.4024548381567 1.5 29.99039264023304
      vertex 88.4024548381567 12 29.99039264023304
      vertex 88.30865828692913 12 29.96193976700306
    endloop
  endfacet
  facet normal -0.09801713918082348 0 0.9951847267853376
    outer loop
      vertex 88.5 1.5 30
      vertex 88.5 12 30
      vertex 88.4024548381567 12 29.99039264023304
    endloop
  endfacet
  facet normal 0 0 1
    outer loop
      vertex 89.5 1.5 30
      vertex 89.5 12 30
      vertex 88.5 12 30
    endloop
  endfacet
  facet normal 0 1 0
    outer loop
      vertex 88.01903011649847 12 0.15432914346456528
      vertex 88.25 12 0
      vertex 88.07322330772877 12 0.0732233077287674
    endloop
  endfacet
  facet normal 0 1 0
    outer loop
      vertex 88.07322330772877 12 0.0732233077287674
      vertex 88.25 12 0
      vertex 88.15432914346457 12 0.019030116498470306
    endloop
  endfacet
  facet normal 0 1 0
    outer loop
      vertex 88 12 0.25
      vertex 88.25 12 0
      vertex 88.01903011649847 12 0.15432914346456528
    endloop
  endfacet
  facet normal 0 1 0
    outer loop
      vertex 88.25 12 0
      vertex 90.47500000149012 12 1.5906733274459839
      vertex 90.56381423771381 12 1.544886402785778
    endloop
  endfacet
  facet normal 0 1 0
    outer loop
      vertex 88.25 12 0
      vertex 90.56381423771381 12 1.544886402785778
      vertex 90.65657863765955 12 1.5077491402626038
    endloop
  endfacet
  facet normal 0 1 0
    outer loop
      vertex 88.25 12 0
      vertex 90.65657863765955 12 1.5077491402626038
      vertex 90.7524531185627 12 1.4795978516340256
    endloop
  endfacet
  facet normal 0 1 0
    outer loop
      vertex 88.25 12 0
      vertex 90.7524531185627 12 1.4795978516340256
      vertex 90.85056941956282 12 1.4606874883174896
    endloop
  endfacet
  facet normal 0 1 0
    outer loop
      vertex 88.25 12 0
      vertex 90.85056941956282 12 1.4606874883174896
      vertex 90.9500389918685 12 1.4511892944574356
    endloop
  endfacet
  facet normal 0 1 0
    outer loop
      vertex 88.25 12 0
      vertex 90.9500389918685 12 1.4511892944574356
      vertex 91.0499610081315 12 1.4511892944574356
    endloop
  endfacet
  facet normal 0 1 0
    outer loop
      vertex 88.25 12 0
      vertex 91.0499610081315 12 1.4511892944574356
      vertex 91.14943058043718 12 1.4606874883174896
    endloop
  endfacet
  facet normal 0 1 0
    outer loop
      vertex 88.25 12 0
      vertex 90.06672278046608 12 2.0188621506094933
      vertex 90.11668378859758 12 1.9323271438479424
    endloop
  endfacet
  facet normal 0 1 0
    outer loop
      vertex 90 12 2.1826045513153076
      vertex 90.02521367371082 12 2.1097544208168983
      vertex 88.25 12 0
    endloop
  endfacet
  facet normal 0 1 0
    outer loop
      vertex 90.02521367371082 12 2.1097544208168983
      vertex 90.06672278046608 12 2.0188621506094933
      vertex 88.25 12 0
    endloop
  endfacet
  facet normal 0 1 0
    outer loop
      vertex 88.25 12 0
      vertex 90.24007926136255 12 1.775417037308216
      vertex 90.31239622831345 12 1.706462949514389
    endloop
  endfacet
  facet normal 0 1 0
    outer loop
      vertex 88.25 12 0
      vertex 90.31239622831345 12 1.706462949514389
      vertex 90.39094024151564 12 1.6446952521800995
    endloop
  endfacet
  facet normal 0 1 0
    outer loop
      vertex 88.25 12 0
      vertex 90.174644254148 12 1.8509330675005913
      vertex 90.24007926136255 12 1.775417037308216
    endloop
  endfacet
  facet normal 0 1 0
    outer loop
      vertex 88.25 12 0
      vertex 90.11668378859758 12 1.9323271438479424
      vertex 90.174644254148 12 1.8509330675005913
    endloop
  endfacet
  facet normal 0 1 0
    outer loop
      vertex 88.25 12 0
      vertex 90.39094024151564 12 1.6446952521800995
      vertex 90.47500000149012 12 1.5906733274459839
    endloop
  endfacet
  facet normal 0 1 0
    outer loop
      vertex 88.25 12 0
      vertex 91.14943058043718 12 1.4606874883174896
      vertex 91.2475468814373 12 1.4795978516340256
    endloop
  endfacet
  facet normal 0 1 0
    outer loop
      vertex 88.25 12 0
      vertex 91.2475468814373 12 1.4795978516340256
      vertex 91.34342136234045 12 1.5077491402626038
    endloop
  endfacet
  facet normal 0 1 0
    outer loop
      vertex 88.25 12 0
      vertex 91.34342136234045 12 1.5077491402626038
      vertex 93.11942015588284 12 0.4675763174891472
    endloop
  endfacet
  facet normal 0 1 0
    outer loop
      vertex 88.25 12 0
      vertex 92.97780927270651 12 0.14959896355867386
      vertex 92.75 12 0
    endloop
  endfacet
  facet normal 0 1 0
    outer loop
      vertex 88.25 12 0
      vertex 93.02908093482256 12 0.19866111129522324
      vertex 92.97780927270651 12 0.14959896355867386
    endloop
  endfacet
  facet normal 0 1 0
    outer loop
      vertex 88.25 12 0
      vertex 93.08077222108841 12 0.28006523102521896
      vertex 93.02908093482256 12 0.19866111129522324
    endloop
  endfacet
  facet normal 0 1 0
    outer loop
      vertex 88.25 12 0
      vertex 93.11148017644882 12 0.37147441506385803
      vertex 93.08077222108841 12 0.28006523102521896
    endloop
  endfacet
  facet normal 0 1 0
    outer loop
      vertex 88.25 12 0
      vertex 93.11942015588284 12 0.4675763174891472
      vertex 93.11148017644882 12 0.37147441506385803
    endloop
  endfacet
  facet normal 0 1 0
    outer loop
      vertex 92.75 12 0
      vertex 92.92677669227123 12 0.0732233077287674
      vertex 92.84567085653543 12 0.019030116498470306
    endloop
  endfacet
  facet normal 0 1 0
    outer loop
      vertex 92.75 12 0
      vertex 92.97780927270651 12 0.14959896355867386
      vertex 92.92677669227123 12 0.0732233077287674
    endloop
  endfacet
  facet normal 0 1 0
    outer loop
      vertex 91.34342136234045 12 1.5077491402626038
      vertex 91.43618576228619 12 1.544886402785778
      vertex 93.11942015588284 12 0.4675763174891472
    endloop
  endfacet
  facet normal 0 1 0
    outer loop
      vertex 91.52499999850988 12 1.5906733274459839
      vertex 93.11942015588284 12 0.4675763174891472
      vertex 91.43618576228619 12 1.544886402785778
    endloop
  endfacet
  facet normal 0 1 0
    outer loop
      vertex 91.52499999850988 12 1.5906733274459839
      vertex 91.60905975848436 12 1.6446952521800995
      vertex 93.11942015588284 12 0.4675763174891472
    endloop
  endfacet
  facet normal 0 1 0
    outer loop
      vertex 91.60905975848436 12 1.6446952521800995
      vertex 91.68760377168655 12 1.706462949514389
      vertex 93.11942015588284 12 0.4675763174891472
    endloop
  endfacet
  facet normal 0 1 0
    outer loop
      vertex 91.68760377168655 12 1.706462949514389
      vertex 91.75992073863745 12 1.775417037308216
      vertex 93.11942015588284 12 0.4675763174891472
    endloop
  endfacet
  facet normal 0 1 0
    outer loop
      vertex 91.825355745852 12 1.8509330675005913
      vertex 93.11942015588284 12 0.4675763174891472
      vertex 91.75992073863745 12 1.775417037308216
    endloop
  endfacet
  facet normal 0 1 0
    outer loop
      vertex 91.825355745852 12 1.8509330675005913
      vertex 91.88331621140242 12 1.9323271438479424
      vertex 93.11942015588284 12 0.4675763174891472
    endloop
  endfacet
  facet normal 0 1 0
    outer loop
      vertex 91.93327721953392 12 2.0188621506094933
      vertex 93.11942015588284 12 0.4675763174891472
      vertex 91.88331621140242 12 1.9323271438479424
    endloop
  endfacet
  facet normal 0 1 0
    outer loop
      vertex 91.97478632628918 12 2.1097544208168983
      vertex 93.11942015588284 12 0.4675763174891472
      vertex 91.93327721953392 12 2.0188621506094933
    endloop
  endfacet
  facet normal 0 1 0
    outer loop
      vertex 92.00746762007475 12 2.2041808143258095
      vertex 93.11942015588284 12 0.4675763174891472
      vertex 91.97478632628918 12 2.1097544208168983
    endloop
  endfacet
  facet normal 0 1 0
    outer loop
      vertex 92.00746762007475 12 2.2041808143258095
      vertex 92.031025134027 12 2.3012861907482147
      vertex 93.11942015588284 12 0.4675763174891472
    endloop
  endfacet
  facet normal 0 1 0
    outer loop
      vertex 92.04460901767015 12 2.395764224231243
      vertex 93.11942015588284 12 0.4675763174891472
      vertex 92.031025134027 12 2.3012861907482147
    endloop
  endfacet
  facet normal 0 1 0
    outer loop
      vertex 88 12 29.5
      vertex 88.25 12 0
      vertex 88 12 0.25
    endloop
  endfacet
  facet normal 0 1 0
    outer loop
      vertex 88 12 29.5
      vertex 90 12 2.1826045513153076
      vertex 88.25 12 0
    endloop
  endfacet
  facet normal 0 1 0
    outer loop
      vertex 90.61535512655973 12 39.6002948358655
      vertex 93.11942015588284 12 0.4675763174891472
      vertex 92.04460901767015 12 2.395764224231243
    endloop
  endfacet
  facet normal 0 1 0
    outer loop
      vertex 88 12 29.5
      vertex 90 12 29.5
      vertex 90 12 2.1826045513153076
    endloop
  endfacet
  facet normal 0 1 0
    outer loop
      vertex 90.61535512655973 12 39.6002948358655
      vertex 91.61461804062128 12 39.63868264108896
      vertex 93.11942015588284 12 0.4675763174891472
    endloop
  endfacet
  facet normal 0 1 0
    outer loop
      vertex 88.00960735976696 12 29.5975451618433
      vertex 89.99039264023304 12 29.5975451618433
      vertex 88 12 29.5
    endloop
  endfacet
  facet normal 0 1 0
    outer loop
      vertex 88.00960735976696 12 29.5975451618433
      vertex 88.03806023299694 12 29.69134171307087
      vertex 89.96193976700306 12 29.69134171307087
    endloop
  endfacet
  facet normal 0 1 0
    outer loop
      vertex 88.08426519483328 12 29.77778511494398
      vertex 89.91573480516672 12 29.77778511494398
      vertex 88.03806023299694 12 29.69134171307087
    endloop
  endfacet
  facet normal 0 1 0
    outer loop
      vertex 88.14644660800695 12 29.853553391993046
      vertex 89.85355339199305 12 29.853553391993046
      vertex 88.08426519483328 12 29.77778511494398
    endloop
  endfacet
  facet normal 0 1 0
    outer loop
      vertex 88.14644660800695 12 29.853553391993046
      vertex 88.22221488505602 12 29.91573480516672
      vertex 89.77778511494398 12 29.91573480516672
    endloop
  endfacet
  facet normal 0 1 0
    outer loop
      vertex 88.22221488505602 12 29.91573480516672
      vertex 88.30865828692913 12 29.96193976700306
      vertex 89.69134171307087 12 29.96193976700306
    endloop
  endfacet
  facet normal 0 1 0
    outer loop
      vertex 88 12 29.5
      vertex 89.99039264023304 12 29.5975451618433
      vertex 90 12 29.5
    endloop
  endfacet
  facet normal 0 1 0
    outer loop
      vertex 88.08426519483328 12 29.77778511494398
      vertex 89.85355339199305 12 29.853553391993046
      vertex 89.91573480516672 12 29.77778511494398
    endloop
  endfacet
  facet normal 0 1 0
    outer loop
      vertex 88.00960735976696 12 29.5975451618433
      vertex 89.96193976700306 12 29.69134171307087
      vertex 89.99039264023304 12 29.5975451618433
    endloop
  endfacet
  facet normal 0 1 0
    outer loop
      vertex 88.03806023299694 12 29.69134171307087
      vertex 89.91573480516672 12 29.77778511494398
      vertex 89.96193976700306 12 29.69134171307087
    endloop
  endfacet
  facet normal 0 1 0
    outer loop
      vertex 88.30865828692913 12 29.96193976700306
      vertex 88.4024548381567 12 29.99039264023304
      vertex 89.5975451618433 12 29.99039264023304
    endloop
  endfacet
  facet normal 0 1 0
    outer loop
      vertex 88.4024548381567 12 29.99039264023304
      vertex 88.5 12 30
      vertex 89.5 12 30
    endloop
  endfacet
  facet normal 0 1 0
    outer loop
      vertex 88.14644660800695 12 29.853553391993046
      vertex 89.77778511494398 12 29.91573480516672
      vertex 89.85355339199305 12 29.853553391993046
    endloop
  endfacet
  facet normal 0 1 0
    outer loop
      vertex 88.22221488505602 12 29.91573480516672
      vertex 89.69134171307087 12 29.96193976700306
      vertex 89.77778511494398 12 29.91573480516672
    endloop
  endfacet
  facet normal 0 1 0
    outer loop
      vertex 88.4024548381567 12 29.99039264023304
      vertex 89.5 12 30
      vertex 89.5975451618433 12 29.99039264023304
    endloop
  endfacet
  facet normal 0 1 0
    outer loop
      vertex 88.30865828692913 12 29.96193976700306
      vertex 89.5975451618433 12 29.99039264023304
      vertex 89.69134171307087 12 29.96193976700306
    endloop
  endfacet
  facet normal -0.9966043079220092 0 0.08233986538301423
    outer loop
      vertex 90.62329510599375 0 39.69639673829079
      vertex 90.62329510599375 12 39.69639673829079
      vertex 90.61535512655973 12 39.6002948358655
    endloop
  endfacet
  facet normal -0.9479395466544951 0 0.31845033504217
    outer loop
      vertex 90.65400306135416 0 39.787805922329426
      vertex 90.65400306135416 12 39.787805922329426
      vertex 90.62329510599375 12 39.69639673829079
    endloop
  endfacet
  facet normal 0.995122024983751 0 0.09865168722449026
    outer loop
      vertex 91.61461804062128 0 39.63868264108896
      vertex 91.61461804062128 12 39.63868264108896
      vertex 91.60985288769007 12 39.68674982339144
    endloop
  endfacet
  facet normal 0.9610393409353434 0 0.2764116227197413
    outer loop
      vertex 91.60985288769007 0 39.68674982339144
      vertex 91.60985288769007 12 39.68674982339144
      vertex 91.5831986963749 12 39.77942221611738
    endloop
  endfacet
  facet normal -0.8441840791846855 0 0.5360533932838265
    outer loop
      vertex 90.70569434016943 0 39.86921004205942
      vertex 90.70569434016943 12 39.86921004205942
      vertex 90.65400306135416 12 39.787805922329426
    endloop
  endfacet
  facet normal -0.6913675234518825 0 0.7225032508688185
    outer loop
      vertex 90.77536485344172 0 39.93587815761566
      vertex 90.77536485344172 12 39.93587815761566
      vertex 90.70569434016943 12 39.86921004205942
    endloop
  endfacet
  facet normal -0.4983713584527948 0 0.8669636607574253
    outer loop
      vertex 90.8589655905962 0 39.98393578082323
      vertex 90.8589655905962 12 39.98393578082323
      vertex 90.77536485344172 12 39.93587815761566
    endloop
  endfacet
  facet normal -0.2764116227197413 0 0.9610393409353434
    outer loop
      vertex 90.95163798332214 0 40.010589972138405
      vertex 90.95163798332214 12 40.010589972138405
      vertex 90.8589655905962 12 39.98393578082323
    endloop
  endfacet
  facet normal -0.09865168722449026 0 0.995122024983751
    outer loop
      vertex 90.99970516562462 0 40.01535512506962
      vertex 90.99970516562462 12 40.01535512506962
      vertex 90.95163798332214 12 40.010589972138405
    endloop
  endfacet
  facet normal -0.0383878121872684 0 0.9992629162915408
    outer loop
      vertex 91.19955775141716 0 40.02303268760443
      vertex 91.19955775141716 12 40.02303268760443
      vertex 90.99970516562462 12 40.01535512506962
    endloop
  endfacet
  facet normal 0.08233994212382943 0 0.996604301581648
    outer loop
      vertex 91.29565965384245 0 40.01509270071983
      vertex 91.29565965384245 12 40.01509270071983
      vertex 91.19955775141716 12 40.02303268760443
    endloop
  endfacet
  facet normal 0.31845033504217 0 0.9479395466544951
    outer loop
      vertex 91.38706883788109 0 39.98438474535942
      vertex 91.38706883788109 12 39.98438474535942
      vertex 91.29565965384245 12 40.01509270071983
    endloop
  endfacet
  facet normal 0.5360533932838265 0 0.8441840791846855
    outer loop
      vertex 91.46847295761108 0 39.93269346654415
      vertex 91.46847295761108 12 39.93269346654415
      vertex 91.38706883788109 12 39.98438474535942
    endloop
  endfacet
  facet normal 0.8669636607574253 0 0.4983713584527948
    outer loop
      vertex 91.5831986963749 0 39.77942221611738
      vertex 91.5831986963749 12 39.77942221611738
      vertex 91.53514107316732 12 39.863022953271866
    endloop
  endfacet
  facet normal 0.7225032508688185 0 0.6913675234518825
    outer loop
      vertex 91.53514107316732 0 39.863022953271866
      vertex 91.53514107316732 12 39.863022953271866
      vertex 91.46847295761108 12 39.93269346654415
    endloop
  endfacet
  facet normal 0 1 0
    outer loop
      vertex 90.95163798332214 12 40.010589972138405
      vertex 90.61535512655973 12 39.6002948358655
      vertex 90.62329510599375 12 39.69639673829079
    endloop
  endfacet
  facet normal 0 1 0
    outer loop
      vertex 90.61535512655973 12 39.6002948358655
      vertex 91.60985288769007 12 39.68674982339144
      vertex 91.61461804062128 12 39.63868264108896
    endloop
  endfacet
  facet normal 0 1 0
    outer loop
      vertex 90.61535512655973 12 39.6002948358655
      vertex 91.5831986963749 12 39.77942221611738
      vertex 91.60985288769007 12 39.68674982339144
    endloop
  endfacet
  facet normal 0 1 0
    outer loop
      vertex 91.53514107316732 12 39.863022953271866
      vertex 91.5831986963749 12 39.77942221611738
      vertex 90.61535512655973 12 39.6002948358655
    endloop
  endfacet
  facet normal 0 1 0
    outer loop
      vertex 90.65400306135416 12 39.787805922329426
      vertex 90.95163798332214 12 40.010589972138405
      vertex 90.62329510599375 12 39.69639673829079
    endloop
  endfacet
  facet normal 0 1 0
    outer loop
      vertex 90.65400306135416 12 39.787805922329426
      vertex 90.70569434016943 12 39.86921004205942
      vertex 90.77536485344172 12 39.93587815761566
    endloop
  endfacet
  facet normal 0 1 0
    outer loop
      vertex 90.65400306135416 12 39.787805922329426
      vertex 90.77536485344172 12 39.93587815761566
      vertex 90.8589655905962 12 39.98393578082323
    endloop
  endfacet
  facet normal 0 1 0
    outer loop
      vertex 90.95163798332214 12 40.010589972138405
      vertex 90.99970516562462 12 40.01535512506962
      vertex 90.61535512655973 12 39.6002948358655
    endloop
  endfacet
  facet normal 0 1 0
    outer loop
      vertex 90.65400306135416 12 39.787805922329426
      vertex 90.8589655905962 12 39.98393578082323
      vertex 90.95163798332214 12 40.010589972138405
    endloop
  endfacet
  facet normal 0 1 0
    outer loop
      vertex 90.99970516562462 12 40.01535512506962
      vertex 91.19955775141716 12 40.02303268760443
      vertex 90.61535512655973 12 39.6002948358655
    endloop
  endfacet
  facet normal 0 1 0
    outer loop
      vertex 91.19955775141716 12 40.02303268760443
      vertex 91.29565965384245 12 40.01509270071983
      vertex 90.61535512655973 12 39.6002948358655
    endloop
  endfacet
  facet normal 0 1 0
    outer loop
      vertex 91.29565965384245 12 40.01509270071983
      vertex 91.38706883788109 12 39.98438474535942
      vertex 90.61535512655973 12 39.6002948358655
    endloop
  endfacet
  facet normal 0 1 0
    outer loop
      vertex 91.38706883788109 12 39.98438474535942
      vertex 91.46847295761108 12 39.93269346654415
      vertex 90.61535512655973 12 39.6002948358655
    endloop
  endfacet
  facet normal 0 1 0
    outer loop
      vertex 91.46847295761108 12 39.93269346654415
      vertex 91.53514107316732 12 39.863022953271866
      vertex 90.61535512655973 12 39.6002948358655
    endloop
  endfacet
  facet normal 0 0 -1
    outer loop
      vertex 86.93242949992418 1.5 1
      vertex 87.01352549344301 1.5234152227640152 1
      vertex 88 1.5 1
    endloop
  endfacet
  facet normal 0 0 -1
    outer loop
      vertex 87.01352549344301 1.5234152227640152 1
      vertex 87.10679586976767 1.5571689456701279 1
      vertex 88 1.5 1
    endloop
  endfacet
  facet normal 0 0 -1
    outer loop
      vertex 87.10679586976767 1.5571689456701279 1
      vertex 87.1976315304637 1.5970131531357765 1
      vertex 88 1.5 1
    endloop
  endfacet
  facet normal 0 0 -1
    outer loop
      vertex 87.1976315304637 1.5970131531357765 1
      vertex 87.28563525527716 1.6427736356854439 1
      vertex 88 1.5 1
    endloop
  endfacet
  facet normal 0 0 -1
    outer loop
      vertex 87.28563525527716 1.6427736356854439 1
      vertex 87.37042223662138 1.6942502856254578 1
      vertex 88 1.5 1
    endloop
  endfacet
  facet normal 0 0 -1
    outer loop
      vertex 88 1.5 1
      vertex 87.37042223662138 1.6942502856254578 1
      vertex 87.4516217187047 1.751218006014824 1
    endloop
  endfacet
  facet normal 0 0 -1
    outer loop
      vertex 88 1.5 1
      vertex 87.4516217187047 1.751218006014824 1
      vertex 87.52887864410877 1.8134276941418648 1
    endloop
  endfacet
  facet normal 0 0 -1
    outer loop
      vertex 88 1.5 1
      vertex 87.52887864410877 1.8134276941418648 1
      vertex 87.60185517370701 1.8806073293089867 1
    endloop
  endfacet
  facet normal 0 0 -1
    outer loop
      vertex 88 1.5 1
      vertex 87.60185517370701 1.8806073293089867 1
      vertex 87.6702322140336 1.9524631425738335 1
    endloop
  endfacet
  facet normal 0 0 -1
    outer loop
      vertex 88 1.5 1
      vertex 87.6702322140336 1.9524631425738335 1
      vertex 87.73371076583862 2.0286809280514717 1
    endloop
  endfacet
  facet normal 0 0 -1
    outer loop
      vertex 88 1.5 1
      vertex 87.73371076583862 2.0286809280514717 1
      vertex 87.79201325029135 2.1089274138212204 1
    endloop
  endfacet
  facet normal 0 0 -1
    outer loop
      vertex 88 1.5 1
      vertex 87.79201325029135 2.1089274138212204 1
      vertex 87.84488472342491 2.1928516924381256 1
    endloop
  endfacet
  facet normal 0 0 -1
    outer loop
      vertex 88 1.5 1
      vertex 87.84488472342491 2.1928516924381256 1
      vertex 87.89209399372339 2.2800867930054665 1
    endloop
  endfacet
  facet normal 0 0 -1
    outer loop
      vertex 88 1.5 1
      vertex 87.89209399372339 2.2800867930054665 1
      vertex 87.93343463540077 2.3702512457966805 1
    endloop
  endfacet
  facet normal 0 0 -1
    outer loop
      vertex 88 1.5 1
      vertex 87.93343463540077 2.3702512457966805 1
      vertex 87.96872586011887 2.4629507958889008 1
    endloop
  endfacet
  facet normal 0 0 -1
    outer loop
      vertex 88 1.5 1
      vertex 87.96872586011887 2.4629507958889008 1
      vertex 87.99781336635351 2.557780086994171 1
    endloop
  endfacet
  facet normal 0 0 -1
    outer loop
      vertex 88 1.5 1
      vertex 87.99781336635351 2.557780086994171 1
      vertex 88 2.5670568346977234 1
    endloop
  endfacet
  facet normal -0.2774028729881212 0.9607536864659623 0
    outer loop
      vertex 87.01352549344301 1.5234152227640152 29
      vertex 87.01352549344301 1.5234152227640152 1
      vertex 86.93242949992418 1.5 1
    endloop
  endfacet
  facet normal -0.3402932474027534 0.940319363712185 0
    outer loop
      vertex 87.10679586976767 1.5571689456701279 29
      vertex 87.10679586976767 1.5571689456701279 1
      vertex 87.01352549344301 1.5234152227640152 1
    endloop
  endfacet
  facet normal -0.40169536115018967 0.9157733545099567 0
    outer loop
      vertex 87.1976315304637 1.5970131531357765 29
      vertex 87.1976315304637 1.5970131531357765 1
      vertex 87.10679586976767 1.5571689456701279 1
    endloop
  endfacet
  facet normal -0.4613411951340392 0.8872228027233613 0
    outer loop
      vertex 87.28563525527716 1.6427736356854439 29
      vertex 87.28563525527716 1.6427736356854439 1
      vertex 87.1976315304637 1.5970131531357765 1
    endloop
  endfacet
  facet normal -0.27740287298812116 0.9607536864659622 0
    outer loop
      vertex 87.01352549344301 1.5234152227640152 29
      vertex 86.93242949992418 1.5 1
      vertex 86.93242949992418 1.5 19.28828633328279
    endloop
  endfacet
  facet normal -0.5189695881437975 0.8547927038655965 0
    outer loop
      vertex 87.37042223662138 1.6942502856254578 29
      vertex 87.37042223662138 1.6942502856254578 1
      vertex 87.28563525527716 1.6427736356854439 1
    endloop
  endfacet
  facet normal -0.574328659310789 0.8186248170525198 0
    outer loop
      vertex 87.4516217187047 1.751218006014824 29
      vertex 87.4516217187047 1.751218006014824 1
      vertex 87.37042223662138 1.6942502856254578 1
    endloop
  endfacet
  facet normal -0.6271763228178305 0.7788773074732017 0
    outer loop
      vertex 87.52887864410877 1.8134276941418648 29
      vertex 87.52887864410877 1.8134276941418648 1
      vertex 87.4516217187047 1.751218006014824 1
    endloop
  endfacet
  facet normal -0.6772816105270419 0.7357238748619596 0
    outer loop
      vertex 87.60185517370701 1.8806073293089867 29
      vertex 87.60185517370701 1.8806073293089867 1
      vertex 87.52887864410877 1.8134276941418648 1
    endloop
  endfacet
  facet normal -0.7244251936540497 0.6893534208222168 0
    outer loop
      vertex 87.6702322140336 1.9524631425738335 29
      vertex 87.6702322140336 1.9524631425738335 1
      vertex 87.60185517370701 1.8806073293089867 1
    endloop
  endfacet
  facet normal -0.768401079951795 0.639968577610585 0
    outer loop
      vertex 87.73371076583862 2.0286809280514717 29
      vertex 87.73371076583862 2.0286809280514717 1
      vertex 87.6702322140336 1.9524631425738335 1
    endloop
  endfacet
  facet normal -0.8090169952473554 0.5877852510917067 0
    outer loop
      vertex 87.79201325029135 2.1089274138212204 29
      vertex 87.79201325029135 2.1089274138212204 1
      vertex 87.73371076583862 2.0286809280514717 1
    endloop
  endfacet
  facet normal -0.8460952572929082 0.5330317209945835 0
    outer loop
      vertex 87.84488472342491 2.1928516924381256 29
      vertex 87.84488472342491 2.1928516924381256 1
      vertex 87.79201325029135 2.1089274138212204 1
    endloop
  endfacet
  facet normal -0.8794737735438257 0.4759473517612882 0
    outer loop
      vertex 87.89209399372339 2.2800867930054665 29
      vertex 87.89209399372339 2.2800867930054665 1
      vertex 87.84488472342491 2.1928516924381256 1
    endloop
  endfacet
  facet normal -0.9090065137751914 0.41678190689408884 0
    outer loop
      vertex 87.93343463540077 2.3702512457966805 29
      vertex 87.93343463540077 2.3702512457966805 1
      vertex 87.89209399372339 2.2800867930054665 1
    endloop
  endfacet
  facet normal -0.9345644825400481 0.3557937997979337 0
    outer loop
      vertex 87.96872586011887 2.4629507958889008 29
      vertex 87.96872586011887 2.4629507958889008 1
      vertex 87.93343463540077 2.3702512457966805 1
    endloop
  endfacet
  facet normal -0.9560357709084161 0.2932500720265055 0
    outer loop
      vertex 87.99781336635351 2.557780086994171 29
      vertex 87.99781336635351 2.557780086994171 1
      vertex 87.96872586011887 2.4629507958889008 1
    endloop
  endfacet
  facet normal -0.973326576471229 0.2294240081918126 0
    outer loop
      vertex 88 2.5670568346977234 29
      vertex 88 2.5670568346977234 1
      vertex 87.99781336635351 2.557780086994171 1
    endloop
  endfacet
  facet normal -0.3402932474027534 0.940319363712185 0
    outer loop
      vertex 87.01352549344301 1.5234152227640152 29
      vertex 87.10679586976767 1.5571689456701279 29
      vertex 87.01352549344301 1.5234152227640152 1
    endloop
  endfacet
  facet normal -0.40169536115018967 0.9157733545099567 0
    outer loop
      vertex 87.10679586976767 1.5571689456701279 29
      vertex 87.1976315304637 1.5970131531357765 29
      vertex 87.10679586976767 1.5571689456701279 1
    endloop
  endfacet
  facet normal -0.4613411951340392 0.8872228027233613 0
    outer loop
      vertex 87.1976315304637 1.5970131531357765 29
      vertex 87.28563525527716 1.6427736356854439 29
      vertex 87.1976315304637 1.5970131531357765 1
    endloop
  endfacet
  facet normal -0.5189695881437975 0.8547927038655965 0
    outer loop
      vertex 87.28563525527716 1.6427736356854439 29
      vertex 87.37042223662138 1.6942502856254578 29
      vertex 87.28563525527716 1.6427736356854439 1
    endloop
  endfacet
  facet normal -0.574328659310789 0.8186248170525198 0
    outer loop
      vertex 87.37042223662138 1.6942502856254578 29
      vertex 87.4516217187047 1.751218006014824 29
      vertex 87.37042223662138 1.6942502856254578 1
    endloop
  endfacet
  facet normal -0.6271763228178305 0.7788773074732017 0
    outer loop
      vertex 87.4516217187047 1.751218006014824 29
      vertex 87.52887864410877 1.8134276941418648 29
      vertex 87.4516217187047 1.751218006014824 1
    endloop
  endfacet
  facet normal -0.6772816105270419 0.7357238748619596 0
    outer loop
      vertex 87.52887864410877 1.8134276941418648 29
      vertex 87.60185517370701 1.8806073293089867 29
      vertex 87.52887864410877 1.8134276941418648 1
    endloop
  endfacet
  facet normal -0.7244251936540497 0.6893534208222168 0
    outer loop
      vertex 87.60185517370701 1.8806073293089867 29
      vertex 87.6702322140336 1.9524631425738335 29
      vertex 87.60185517370701 1.8806073293089867 1
    endloop
  endfacet
  facet normal -0.768401079951795 0.639968577610585 0
    outer loop
      vertex 87.6702322140336 1.9524631425738335 29
      vertex 87.73371076583862 2.0286809280514717 29
      vertex 87.6702322140336 1.9524631425738335 1
    endloop
  endfacet
  facet normal -0.8090169952473554 0.5877852510917067 0
    outer loop
      vertex 87.73371076583862 2.0286809280514717 29
      vertex 87.79201325029135 2.1089274138212204 29
      vertex 87.73371076583862 2.0286809280514717 1
    endloop
  endfacet
  facet normal -0.8460952572929082 0.5330317209945835 0
    outer loop
      vertex 87.79201325029135 2.1089274138212204 29
      vertex 87.84488472342491 2.1928516924381256 29
      vertex 87.79201325029135 2.1089274138212204 1
    endloop
  endfacet
  facet normal -0.8794737735438257 0.4759473517612882 0
    outer loop
      vertex 87.84488472342491 2.1928516924381256 29
      vertex 87.89209399372339 2.2800867930054665 29
      vertex 87.84488472342491 2.1928516924381256 1
    endloop
  endfacet
  facet normal -0.9090065137751914 0.41678190689408884 0
    outer loop
      vertex 87.89209399372339 2.2800867930054665 29
      vertex 87.93343463540077 2.3702512457966805 29
      vertex 87.89209399372339 2.2800867930054665 1
    endloop
  endfacet
  facet normal -0.9345644825400481 0.3557937997979337 0
    outer loop
      vertex 87.93343463540077 2.3702512457966805 29
      vertex 87.96872586011887 2.4629507958889008 29
      vertex 87.93343463540077 2.3702512457966805 1
    endloop
  endfacet
  facet normal -0.9560357709084161 0.2932500720265055 0
    outer loop
      vertex 87.96872586011887 2.4629507958889008 29
      vertex 87.99781336635351 2.557780086994171 29
      vertex 87.96872586011887 2.4629507958889008 1
    endloop
  endfacet
  facet normal -0.973326576471229 0.2294240081918126 0
    outer loop
      vertex 87.99781336635351 2.557780086994171 29
      vertex 88 2.5670568346977234 29
      vertex 87.99781336635351 2.557780086994171 1
    endloop
  endfacet
  facet normal -0.2774028729881212 0.9607536864659622 0
    outer loop
      vertex 86.93242949992418 1.5 29
      vertex 87.01352549344301 1.5234152227640152 29
      vertex 86.93242949992418 1.5 19.28828633328279
    endloop
  endfacet
  facet normal 0 0 1
    outer loop
      vertex 86.93242949992418 1.5 29
      vertex 88 1.5 29
      vertex 87.01352549344301 1.5234152227640152 29
    endloop
  endfacet
  facet normal 0 0 1
    outer loop
      vertex 87.01352549344301 1.5234152227640152 29
      vertex 88 1.5 29
      vertex 87.10679586976767 1.5571689456701279 29
    endloop
  endfacet
  facet normal 0 0 1
    outer loop
      vertex 87.10679586976767 1.5571689456701279 29
      vertex 88 1.5 29
      vertex 87.1976315304637 1.5970131531357765 29
    endloop
  endfacet
  facet normal 0 0 1
    outer loop
      vertex 87.1976315304637 1.5970131531357765 29
      vertex 88 1.5 29
      vertex 87.28563525527716 1.6427736356854439 29
    endloop
  endfacet
  facet normal 0 0 1
    outer loop
      vertex 87.28563525527716 1.6427736356854439 29
      vertex 88 1.5 29
      vertex 87.37042223662138 1.6942502856254578 29
    endloop
  endfacet
  facet normal 0 0 1
    outer loop
      vertex 88 1.5 29
      vertex 87.4516217187047 1.751218006014824 29
      vertex 87.37042223662138 1.6942502856254578 29
    endloop
  endfacet
  facet normal 0 0 1
    outer loop
      vertex 88 1.5 29
      vertex 87.52887864410877 1.8134276941418648 29
      vertex 87.4516217187047 1.751218006014824 29
    endloop
  endfacet
  facet normal 0 0 1
    outer loop
      vertex 88 1.5 29
      vertex 87.60185517370701 1.8806073293089867 29
      vertex 87.52887864410877 1.8134276941418648 29
    endloop
  endfacet
  facet normal 0 0 1
    outer loop
      vertex 88 1.5 29
      vertex 87.6702322140336 1.9524631425738335 29
      vertex 87.60185517370701 1.8806073293089867 29
    endloop
  endfacet
  facet normal 0 0 1
    outer loop
      vertex 88 1.5 29
      vertex 87.73371076583862 2.0286809280514717 29
      vertex 87.6702322140336 1.9524631425738335 29
    endloop
  endfacet
  facet normal 0 0 1
    outer loop
      vertex 88 1.5 29
      vertex 87.79201325029135 2.1089274138212204 29
      vertex 87.73371076583862 2.0286809280514717 29
    endloop
  endfacet
  facet normal 0 0 1
    outer loop
      vertex 88 1.5 29
      vertex 87.84488472342491 2.1928516924381256 29
      vertex 87.79201325029135 2.1089274138212204 29
    endloop
  endfacet
  facet normal 0 0 1
    outer loop
      vertex 88 1.5 29
      vertex 87.89209399372339 2.2800867930054665 29
      vertex 87.84488472342491 2.1928516924381256 29
    endloop
  endfacet
  facet normal 0 0 1
    outer loop
      vertex 88 1.5 29
      vertex 87.93343463540077 2.3702512457966805 29
      vertex 87.89209399372339 2.2800867930054665 29
    endloop
  endfacet
  facet normal 0 0 1
    outer loop
      vertex 88 1.5 29
      vertex 87.96872586011887 2.4629507958889008 29
      vertex 87.93343463540077 2.3702512457966805 29
    endloop
  endfacet
  facet normal 0 0 1
    outer loop
      vertex 88 1.5 29
      vertex 87.99781336635351 2.557780086994171 29
      vertex 87.96872586011887 2.4629507958889008 29
    endloop
  endfacet
  facet normal 0 0 1
    outer loop
      vertex 88 1.5 29
      vertex 88 2.5670568346977234 29
      vertex 87.99781336635351 2.557780086994171 29
    endloop
  endfacet
  facet normal 0 -1 0
    outer loop
      vertex 56.899999998509884 0.6999999985098839 0
      vertex 57.100000001490116 0.6999999985098839 0
      vertex 56.899999998509884 0.6999999985098839 14.8
    endloop
  endfacet
  facet normal 0 -1 0
    outer loop
      vertex 57.100000001490116 0.6999999985098839 0
      vertex 57.100000001490116 0.6999999985098839 14.8
      vertex 56.899999998509884 0.6999999985098839 14.8
    endloop
  endfacet
  facet normal 0 0 -1
    outer loop
      vertex 56.899999998509884 0.6999999985098839 0
      vertex 57.100000001490116 5.699999998509884 0
      vertex 57.100000001490116 0.6999999985098839 0
    endloop
  endfacet
  facet normal 1 0 0
    outer loop
      vertex 57.100000001490116 0.6999999985098839 0
      vertex 57.100000001490116 5.699999998509884 0
      vertex 57.100000001490116 0.6999999985098839 14.8
    endloop
  endfacet
  facet normal -1 0 0
    outer loop
      vertex 56.899999998509884 0.6999999985098839 0
      vertex 56.899999998509884 0.6999999985098839 14.8
      vertex 56.899999998509884 5.8 14.8
    endloop
  endfacet
  facet normal 0 0 1
    outer loop
      vertex 56.899999998509884 0.6999999985098839 14.8
      vertex 57.100000001490116 0.6999999985098839 14.8
      vertex 57.100000001490116 5.699999998509884 14.8
    endloop
  endfacet
  facet normal -0.7518400178018776 -0.6593455752726884 0
    outer loop
      vertex 58.92928931862116 0.7292893186211586 0
      vertex 58.92066466808319 0.7391238540410996 14.8
      vertex 58.92066466808319 0.7391238540410996 0
    endloop
  endfacet
  facet normal -0.8314697350809236 -0.5555700492687295 0
    outer loop
      vertex 58.92066466808319 0.7391238540410996 0
      vertex 58.91339746117592 0.7500000029802323 14.8
      vertex 58.91339746117592 0.7500000029802323 0
    endloop
  endfacet
  facet normal -0.19509054835722983 -0.9807852353811589 0
    outer loop
      vertex 58.9741180986166 0.7034074172377587 0
      vertex 58.98694738000631 0.7008555114269257 0
      vertex 58.9741180986166 0.7034074172377587 14.8
    endloop
  endfacet
  facet normal -0.06540305340084453 -0.9978589282087154 0
    outer loop
      vertex 58.98694738000631 0.7008555114269257 0
      vertex 59 0.6999999985098839 0
      vertex 58.98694738000631 0.7008555114269257 14.8
    endloop
  endfacet
  facet normal -0.32143950806452687 -0.946930114979577 0
    outer loop
      vertex 58.961731657385826 0.7076120480895043 0
      vertex 58.9741180986166 0.7034074172377587 0
      vertex 58.961731657385826 0.7076120480895043 14.8
    endloop
  endfacet
  facet normal -0.44228877486654466 -0.8968726997891344 0
    outer loop
      vertex 58.961731657385826 0.7076120480895043 0
      vertex 58.95000000298023 0.7133974611759186 14.8
      vertex 58.95000000298023 0.7133974611759186 0
    endloop
  endfacet
  facet normal -0.5555700492687295 -0.8314697350809236 0
    outer loop
      vertex 58.95000000298023 0.7133974611759186 0
      vertex 58.9391238540411 0.720664668083191 14.8
      vertex 58.9391238540411 0.720664668083191 0
    endloop
  endfacet
  facet normal -0.6593455752726884 -0.7518400178018776 0
    outer loop
      vertex 58.92928931862116 0.7292893186211586 0
      vertex 58.9391238540411 0.720664668083191 0
      vertex 58.92928931862116 0.7292893186211586 14.8
    endloop
  endfacet
  facet normal 0 -1 0
    outer loop
      vertex 59 0.6999999985098839 0
      vertex 61 0.6999999985098839 0
      vertex 59 0.6999999985098839 14.8
    endloop
  endfacet
  facet normal 0.06540305340084453 -0.9978589282087154 0
    outer loop
      vertex 61 0.6999999985098839 0
      vertex 61.01305261999369 0.7008555114269257 0
      vertex 61 0.6999999985098839 14.8
    endloop
  endfacet
  facet normal 0.19509054835722983 -0.9807852353811589 0
    outer loop
      vertex 61.01305261999369 0.7008555114269257 0
      vertex 61.0258819013834 0.7034074172377587 0
      vertex 61.01305261999369 0.7008555114269257 14.8
    endloop
  endfacet
  facet normal 0.32143950806452687 -0.946930114979577 0
    outer loop
      vertex 61.0258819013834 0.7034074172377587 0
      vertex 61.038268342614174 0.7076120480895043 0
      vertex 61.0258819013834 0.7034074172377587 14.8
    endloop
  endfacet
  facet normal 0.44228877486654466 -0.8968726997891344 0
    outer loop
      vertex 61.038268342614174 0.7076120480895043 0
      vertex 61.04999999701977 0.7133974611759186 0
      vertex 61.038268342614174 0.7076120480895043 14.8
    endloop
  endfacet
  facet normal 0.5555700492687295 -0.8314697350809236 0
    outer loop
      vertex 61.04999999701977 0.7133974611759186 0
      vertex 61.0608761459589 0.720664668083191 0
      vertex 61.04999999701977 0.7133974611759186 14.8
    endloop
  endfacet
  facet normal 0.6593455752726884 -0.7518400178018776 0
    outer loop
      vertex 61.0608761459589 0.720664668083191 0
      vertex 61.07071068137884 0.7292893186211586 0
      vertex 61.0608761459589 0.720664668083191 14.8
    endloop
  endfacet
  facet normal 0.7518400178018776 -0.6593455752726884 0
    outer loop
      vertex 61.07071068137884 0.7292893186211586 0
      vertex 61.07933533191681 0.7391238540410996 0
      vertex 61.07071068137884 0.7292893186211586 14.8
    endloop
  endfacet
  facet normal 0.8314697350809236 -0.5555700492687295 0
    outer loop
      vertex 61.07933533191681 0.7391238540410996 0
      vertex 61.08660253882408 0.7500000029802323 0
      vertex 61.07933533191681 0.7391238540410996 14.8
    endloop
  endfacet
  facet normal -0.7518400178018776 -0.6593455752726884 0
    outer loop
      vertex 62.92928931862116 0.7292893186211586 0
      vertex 62.92066466808319 0.7391238540410996 14.8
      vertex 62.92066466808319 0.7391238540410996 0
    endloop
  endfacet
  facet normal -0.8314697350809236 -0.5555700492687295 0
    outer loop
      vertex 62.92066466808319 0.7391238540410996 0
      vertex 62.91339746117592 0.7500000029802323 14.8
      vertex 62.91339746117592 0.7500000029802323 0
    endloop
  endfacet
  facet normal -0.19509054835722983 -0.9807852353811589 0
    outer loop
      vertex 62.9741180986166 0.7034074172377587 0
      vertex 62.98694738000631 0.7008555114269257 0
      vertex 62.9741180986166 0.7034074172377587 14.8
    endloop
  endfacet
  facet normal -0.06540305340084453 -0.9978589282087154 0
    outer loop
      vertex 62.98694738000631 0.7008555114269257 0
      vertex 63 0.6999999985098839 0
      vertex 62.98694738000631 0.7008555114269257 14.8
    endloop
  endfacet
  facet normal -0.44228877486654466 -0.8968726997891344 0
    outer loop
      vertex 62.95000000298023 0.7133974611759186 0
      vertex 62.961731657385826 0.7076120480895043 0
      vertex 62.95000000298023 0.7133974611759186 14.8
    endloop
  endfacet
  facet normal -0.32143950806452687 -0.946930114979577 0
    outer loop
      vertex 62.9741180986166 0.7034074172377587 0
      vertex 62.961731657385826 0.7076120480895043 14.8
      vertex 62.961731657385826 0.7076120480895043 0
    endloop
  endfacet
  facet normal -0.5555700492687295 -0.8314697350809236 0
    outer loop
      vertex 62.95000000298023 0.7133974611759186 0
      vertex 62.9391238540411 0.720664668083191 14.8
      vertex 62.9391238540411 0.720664668083191 0
    endloop
  endfacet
  facet normal -0.6593455752726884 -0.7518400178018776 0
    outer loop
      vertex 62.92928931862116 0.7292893186211586 0
      vertex 62.9391238540411 0.720664668083191 0
      vertex 62.92928931862116 0.7292893186211586 14.8
    endloop
  endfacet
  facet normal 0 -1 0
    outer loop
      vertex 63 0.6999999985098839 0
      vertex 65 0.6999999985098839 0
      vertex 63 0.6999999985098839 14.8
    endloop
  endfacet
  facet normal 0 0 -1
    outer loop
      vertex 58.961731657385826 0.7076120480895043 0
      vertex 59.100000001490116 0.9000000014901162 0
      vertex 58.9741180986166 0.7034074172377587 0
    endloop
  endfacet
  facet normal 0 0 -1
    outer loop
      vertex 58.9741180986166 0.7034074172377587 0
      vertex 59.100000001490116 0.9000000014901162 0
      vertex 58.98694738000631 0.7008555114269257 0
    endloop
  endfacet
  facet normal 0 0 -1
    outer loop
      vertex 58.98694738000631 0.7008555114269257 0
      vertex 59.100000001490116 0.9000000014901162 0
      vertex 59 0.6999999985098839 0
    endloop
  endfacet
  facet normal 0 0 -1
    outer loop
      vertex 58.961731657385826 0.7076120480895043 0
      vertex 58.95000000298023 0.7133974611759186 0
      vertex 59.100000001490116 0.9000000014901162 0
    endloop
  endfacet
  facet normal 0 0 -1
    outer loop
      vertex 58.95000000298023 0.7133974611759186 0
      vertex 58.9391238540411 0.720664668083191 0
      vertex 59.100000001490116 0.9000000014901162 0
    endloop
  endfacet
  facet normal 0 0 -1
    outer loop
      vertex 58.92928931862116 0.7292893186211586 0
      vertex 59.100000001490116 0.9000000014901162 0
      vertex 58.9391238540411 0.720664668083191 0
    endloop
  endfacet
  facet normal 0 0 -1
    outer loop
      vertex 58.92928931862116 0.7292893186211586 0
      vertex 58.92066466808319 0.7391238540410996 0
      vertex 59.100000001490116 0.9000000014901162 0
    endloop
  endfacet
  facet normal 0 0 -1
    outer loop
      vertex 58.92066466808319 0.7391238540410996 0
      vertex 58.91339746117592 0.7500000029802323 0
      vertex 59.100000001490116 0.9000000014901162 0
    endloop
  endfacet
  facet normal 0 0 -1
    outer loop
      vertex 58.91339746117592 0.7500000029802323 0
      vertex 58.907612048089504 0.7617316573858262 0
      vertex 59.100000001490116 0.9000000014901162 0
    endloop
  endfacet
  facet normal 0 0 -1
    outer loop
      vertex 58.907612048089504 0.7617316573858262 0
      vertex 58.90340741723776 0.7741180986166001 0
      vertex 59.100000001490116 0.9000000014901162 0
    endloop
  endfacet
  facet normal 0 0 -1
    outer loop
      vertex 58.90340741723776 0.7741180986166001 0
      vertex 58.900855511426926 0.7869473800063134 0
      vertex 59.100000001490116 0.9000000014901162 0
    endloop
  endfacet
  facet normal 0 0 -1
    outer loop
      vertex 58.900855511426926 0.7869473800063134 0
      vertex 58.899999998509884 0.8 0
      vertex 59.100000001490116 0.9000000014901162 0
    endloop
  endfacet
  facet normal 0 0 -1
    outer loop
      vertex 59 0.6999999985098839 0
      vertex 59.100000001490116 0.9000000014901162 0
      vertex 61 0.6999999985098839 0
    endloop
  endfacet
  facet normal 0 0 -1
    outer loop
      vertex 59.100000001490116 0.9000000014901162 0
      vertex 60.899999998509884 0.9000000014901162 0
      vertex 61 0.6999999985098839 0
    endloop
  endfacet
  facet normal 0 0 -1
    outer loop
      vertex 61 0.6999999985098839 0
      vertex 60.899999998509884 0.9000000014901162 0
      vertex 61.01305261999369 0.7008555114269257 0
    endloop
  endfacet
  facet normal 0 0 -1
    outer loop
      vertex 61.01305261999369 0.7008555114269257 0
      vertex 60.899999998509884 0.9000000014901162 0
      vertex 61.0258819013834 0.7034074172377587 0
    endloop
  endfacet
  facet normal 0 0 -1
    outer loop
      vertex 61.0258819013834 0.7034074172377587 0
      vertex 60.899999998509884 0.9000000014901162 0
      vertex 61.038268342614174 0.7076120480895043 0
    endloop
  endfacet
  facet normal 0 0 -1
    outer loop
      vertex 61.038268342614174 0.7076120480895043 0
      vertex 60.899999998509884 0.9000000014901162 0
      vertex 61.04999999701977 0.7133974611759186 0
    endloop
  endfacet
  facet normal 0 0 -1
    outer loop
      vertex 61.04999999701977 0.7133974611759186 0
      vertex 60.899999998509884 0.9000000014901162 0
      vertex 61.0608761459589 0.720664668083191 0
    endloop
  endfacet
  facet normal 0 0 -1
    outer loop
      vertex 61.0608761459589 0.720664668083191 0
      vertex 60.899999998509884 0.9000000014901162 0
      vertex 61.07071068137884 0.7292893186211586 0
    endloop
  endfacet
  facet normal 0 0 -1
    outer loop
      vertex 61.07071068137884 0.7292893186211586 0
      vertex 60.899999998509884 0.9000000014901162 0
      vertex 61.07933533191681 0.7391238540410996 0
    endloop
  endfacet
  facet normal 0 0 -1
    outer loop
      vertex 61.07933533191681 0.7391238540410996 0
      vertex 60.899999998509884 0.9000000014901162 0
      vertex 61.08660253882408 0.7500000029802323 0
    endloop
  endfacet
  facet normal 0 0 -1
    outer loop
      vertex 61.08660253882408 0.7500000029802323 0
      vertex 60.899999998509884 0.9000000014901162 0
      vertex 61.092387951910496 0.7617316573858262 0
    endloop
  endfacet
  facet normal 0 0 -1
    outer loop
      vertex 61.092387951910496 0.7617316573858262 0
      vertex 60.899999998509884 0.9000000014901162 0
      vertex 61.09659258276224 0.7741180986166001 0
    endloop
  endfacet
  facet normal 0 0 -1
    outer loop
      vertex 61.09659258276224 0.7741180986166001 0
      vertex 60.899999998509884 0.9000000014901162 0
      vertex 61.099144488573074 0.7869473800063134 0
    endloop
  endfacet
  facet normal 0 0 -1
    outer loop
      vertex 61.099144488573074 0.7869473800063134 0
      vertex 60.899999998509884 0.9000000014901162 0
      vertex 61.100000001490116 0.8 0
    endloop
  endfacet
  facet normal 0 0 -1
    outer loop
      vertex 62.9741180986166 0.7034074172377587 0
      vertex 62.961731657385826 0.7076120480895043 0
      vertex 63.100000001490116 0.9000000014901162 0
    endloop
  endfacet
  facet normal 0 0 -1
    outer loop
      vertex 62.9741180986166 0.7034074172377587 0
      vertex 63.100000001490116 0.9000000014901162 0
      vertex 62.98694738000631 0.7008555114269257 0
    endloop
  endfacet
  facet normal 0 0 -1
    outer loop
      vertex 62.98694738000631 0.7008555114269257 0
      vertex 63.100000001490116 0.9000000014901162 0
      vertex 63 0.6999999985098839 0
    endloop
  endfacet
  facet normal 0 0 -1
    outer loop
      vertex 62.95000000298023 0.7133974611759186 0
      vertex 63.100000001490116 0.9000000014901162 0
      vertex 62.961731657385826 0.7076120480895043 0
    endloop
  endfacet
  facet normal 0 0 -1
    outer loop
      vertex 62.95000000298023 0.7133974611759186 0
      vertex 62.9391238540411 0.720664668083191 0
      vertex 63.100000001490116 0.9000000014901162 0
    endloop
  endfacet
  facet normal 0 0 -1
    outer loop
      vertex 62.92928931862116 0.7292893186211586 0
      vertex 63.100000001490116 0.9000000014901162 0
      vertex 62.9391238540411 0.720664668083191 0
    endloop
  endfacet
  facet normal 0 0 -1
    outer loop
      vertex 62.92928931862116 0.7292893186211586 0
      vertex 62.92066466808319 0.7391238540410996 0
      vertex 63.100000001490116 0.9000000014901162 0
    endloop
  endfacet
  facet normal 0 0 -1
    outer loop
      vertex 62.92066466808319 0.7391238540410996 0
      vertex 62.91339746117592 0.7500000029802323 0
      vertex 63.100000001490116 0.9000000014901162 0
    endloop
  endfacet
  facet normal 0 0 -1
    outer loop
      vertex 62.91339746117592 0.7500000029802323 0
      vertex 62.907612048089504 0.7617316573858262 0
      vertex 63.100000001490116 0.9000000014901162 0
    endloop
  endfacet
  facet normal 0 0 -1
    outer loop
      vertex 62.90340741723776 0.7741180986166001 0
      vertex 63.100000001490116 0.9000000014901162 0
      vertex 62.907612048089504 0.7617316573858262 0
    endloop
  endfacet
  facet normal 0 0 -1
    outer loop
      vertex 62.90340741723776 0.7741180986166001 0
      vertex 62.900855511426926 0.7869473800063134 0
      vertex 63.100000001490116 0.9000000014901162 0
    endloop
  endfacet
  facet normal 0 0 -1
    outer loop
      vertex 62.900855511426926 0.7869473800063134 0
      vertex 62.899999998509884 0.8 0
      vertex 63.100000001490116 0.9000000014901162 0
    endloop
  endfacet
  facet normal 0 0 -1
    outer loop
      vertex 63 0.6999999985098839 0
      vertex 63.100000001490116 0.9000000014901162 0
      vertex 65 0.6999999985098839 0
    endloop
  endfacet
  facet normal -0.8968726997891344 -0.44228877486654466 0
    outer loop
      vertex 58.91339746117592 0.7500000029802323 0
      vertex 58.907612048089504 0.7617316573858262 14.8
      vertex 58.907612048089504 0.7617316573858262 0
    endloop
  endfacet
  facet normal -0.946930114979577 -0.32143950806452687 0
    outer loop
      vertex 58.907612048089504 0.7617316573858262 0
      vertex 58.90340741723776 0.7741180986166001 14.8
      vertex 58.90340741723776 0.7741180986166001 0
    endloop
  endfacet
  facet normal -0.9807852353811589 -0.19509054835722983 0
    outer loop
      vertex 58.90340741723776 0.7741180986166001 0
      vertex 58.900855511426926 0.7869473800063134 14.8
      vertex 58.900855511426926 0.7869473800063134 0
    endloop
  endfacet
  facet normal -0.9978589282087154 -0.06540305340084453 0
    outer loop
      vertex 58.900855511426926 0.7869473800063134 0
      vertex 58.899999998509884 0.8 14.8
      vertex 58.899999998509884 0.8 0
    endloop
  endfacet
  facet normal 0 1 0
    outer loop
      vertex 59.100000001490116 0.9000000014901162 0
      vertex 60.899999998509884 0.9000000014901162 14.8
      vertex 60.899999998509884 0.9000000014901162 0
    endloop
  endfacet
  facet normal 0.8968726997891344 -0.44228877486654466 0
    outer loop
      vertex 61.08660253882408 0.7500000029802323 0
      vertex 61.092387951910496 0.7617316573858262 0
      vertex 61.08660253882408 0.7500000029802323 14.8
    endloop
  endfacet
  facet normal 0.946930114979577 -0.32143950806452687 0
    outer loop
      vertex 61.092387951910496 0.7617316573858262 0
      vertex 61.09659258276224 0.7741180986166001 0
      vertex 61.092387951910496 0.7617316573858262 14.8
    endloop
  endfacet
  facet normal 0.9807852353811589 -0.19509054835722983 0
    outer loop
      vertex 61.09659258276224 0.7741180986166001 0
      vertex 61.099144488573074 0.7869473800063134 0
      vertex 61.09659258276224 0.7741180986166001 14.8
    endloop
  endfacet
  facet normal 0.9978589282087154 -0.06540305340084453 0
    outer loop
      vertex 61.099144488573074 0.7869473800063134 0
      vertex 61.100000001490116 0.8 0
      vertex 61.099144488573074 0.7869473800063134 14.8
    endloop
  endfacet
  facet normal -0.8968726997891344 -0.44228877486654466 0
    outer loop
      vertex 62.91339746117592 0.7500000029802323 0
      vertex 62.907612048089504 0.7617316573858262 14.8
      vertex 62.907612048089504 0.7617316573858262 0
    endloop
  endfacet
  facet normal -0.946930114979577 -0.32143950806452687 0
    outer loop
      vertex 62.90340741723776 0.7741180986166001 0
      vertex 62.907612048089504 0.7617316573858262 0
      vertex 62.90340741723776 0.7741180986166001 14.8
    endloop
  endfacet
  facet normal -0.9807852353811589 -0.19509054835722983 0
    outer loop
      vertex 62.90340741723776 0.7741180986166001 0
      vertex 62.900855511426926 0.7869473800063134 14.8
      vertex 62.900855511426926 0.7869473800063134 0
    endloop
  endfacet
  facet normal -0.9978589282087154 -0.06540305340084453 0
    outer loop
      vertex 62.900855511426926 0.7869473800063134 0
      vertex 62.899999998509884 0.8 14.8
      vertex 62.899999998509884 0.8 0
    endloop
  endfacet
  facet normal 0.06540305340084453 -0.9978589282087154 0
    outer loop
      vertex 65 0.6999999985098839 0
      vertex 65.01305261999369 0.7008555114269257 0
      vertex 65 0.6999999985098839 14.8
    endloop
  endfacet
  facet normal 0.19509054835722983 -0.9807852353811589 0
    outer loop
      vertex 65.01305261999369 0.7008555114269257 0
      vertex 65.0258819013834 0.7034074172377587 0
      vertex 65.01305261999369 0.7008555114269257 14.8
    endloop
  endfacet
  facet normal 0.32143950806452687 -0.946930114979577 0
    outer loop
      vertex 65.0258819013834 0.7034074172377587 0
      vertex 65.03826834261417 0.7076120480895043 0
      vertex 65.0258819013834 0.7034074172377587 14.8
    endloop
  endfacet
  facet normal 0.44228877486654466 -0.8968726997891344 0
    outer loop
      vertex 65.03826834261417 0.7076120480895043 0
      vertex 65.04999999701977 0.7133974611759186 0
      vertex 65.03826834261417 0.7076120480895043 14.8
    endloop
  endfacet
  facet normal 0.5555700492687295 -0.8314697350809236 0
    outer loop
      vertex 65.04999999701977 0.7133974611759186 0
      vertex 65.0608761459589 0.720664668083191 0
      vertex 65.04999999701977 0.7133974611759186 14.8
    endloop
  endfacet
  facet normal 0.6593455752726884 -0.7518400178018776 0
    outer loop
      vertex 65.0608761459589 0.720664668083191 0
      vertex 65.07071068137884 0.7292893186211586 0
      vertex 65.0608761459589 0.720664668083191 14.8
    endloop
  endfacet
  facet normal 0.7518400178018776 -0.6593455752726884 0
    outer loop
      vertex 65.07071068137884 0.7292893186211586 0
      vertex 65.07933533191681 0.7391238540410996 0
      vertex 65.07071068137884 0.7292893186211586 14.8
    endloop
  endfacet
  facet normal 0.8314697350809236 -0.5555700492687295 0
    outer loop
      vertex 65.07933533191681 0.7391238540410996 0
      vertex 65.08660253882408 0.7500000029802323 0
      vertex 65.07933533191681 0.7391238540410996 14.8
    endloop
  endfacet
  facet normal -0.7518400178018776 -0.6593455752726884 0
    outer loop
      vertex 66.92066466808319 0.7391238540410996 0
      vertex 66.92928931862116 0.7292893186211586 0
      vertex 66.92066466808319 0.7391238540410996 14.8
    endloop
  endfacet
  facet normal -0.8314697350809236 -0.5555700492687295 0
    outer loop
      vertex 66.92066466808319 0.7391238540410996 0
      vertex 66.91339746117592 0.7500000029802323 14.8
      vertex 66.91339746117592 0.7500000029802323 0
    endloop
  endfacet
  facet normal -0.19509054835722983 -0.9807852353811589 0
    outer loop
      vertex 66.9741180986166 0.7034074172377587 0
      vertex 66.98694738000631 0.7008555114269257 0
      vertex 66.9741180986166 0.7034074172377587 14.8
    endloop
  endfacet
  facet normal -0.06540305340084453 -0.9978589282087154 0
    outer loop
      vertex 66.98694738000631 0.7008555114269257 0
      vertex 67 0.6999999985098839 0
      vertex 66.98694738000631 0.7008555114269257 14.8
    endloop
  endfacet
  facet normal -0.32143950806452687 -0.946930114979577 0
    outer loop
      vertex 66.9741180986166 0.7034074172377587 0
      vertex 66.96173165738583 0.7076120480895043 14.8
      vertex 66.96173165738583 0.7076120480895043 0
    endloop
  endfacet
  facet normal -0.44228877486654466 -0.8968726997891344 0
    outer loop
      vertex 66.96173165738583 0.7076120480895043 0
      vertex 66.95000000298023 0.7133974611759186 14.8
      vertex 66.95000000298023 0.7133974611759186 0
    endloop
  endfacet
  facet normal -0.5555700492687295 -0.8314697350809236 0
    outer loop
      vertex 66.95000000298023 0.7133974611759186 0
      vertex 66.9391238540411 0.720664668083191 14.8
      vertex 66.9391238540411 0.720664668083191 0
    endloop
  endfacet
  facet normal -0.6593455752726884 -0.7518400178018776 0
    outer loop
      vertex 66.9391238540411 0.720664668083191 0
      vertex 66.92928931862116 0.7292893186211586 14.8
      vertex 66.92928931862116 0.7292893186211586 0
    endloop
  endfacet
  facet normal 0 -1 0
    outer loop
      vertex 67 0.6999999985098839 0
      vertex 69 0.6999999985098839 0
      vertex 67 0.6999999985098839 14.8
    endloop
  endfacet
  facet normal 0.06540305340084453 -0.9978589282087154 0
    outer loop
      vertex 69 0.6999999985098839 0
      vertex 69.01305261999369 0.7008555114269257 0
      vertex 69 0.6999999985098839 14.8
    endloop
  endfacet
  facet normal 0.19509054835722983 -0.9807852353811589 0
    outer loop
      vertex 69.01305261999369 0.7008555114269257 0
      vertex 69.0258819013834 0.7034074172377587 0
      vertex 69.01305261999369 0.7008555114269257 14.8
    endloop
  endfacet
  facet normal 0.32143950806452687 -0.946930114979577 0
    outer loop
      vertex 69.0258819013834 0.7034074172377587 0
      vertex 69.03826834261417 0.7076120480895043 0
      vertex 69.0258819013834 0.7034074172377587 14.8
    endloop
  endfacet
  facet normal 0.44228877486654466 -0.8968726997891344 0
    outer loop
      vertex 69.03826834261417 0.7076120480895043 0
      vertex 69.04999999701977 0.7133974611759186 0
      vertex 69.03826834261417 0.7076120480895043 14.8
    endloop
  endfacet
  facet normal 0.5555700492687295 -0.8314697350809236 0
    outer loop
      vertex 69.04999999701977 0.7133974611759186 0
      vertex 69.0608761459589 0.720664668083191 0
      vertex 69.04999999701977 0.7133974611759186 14.8
    endloop
  endfacet
  facet normal 0.6593455752726884 -0.7518400178018776 0
    outer loop
      vertex 69.0608761459589 0.720664668083191 0
      vertex 69.07071068137884 0.7292893186211586 0
      vertex 69.0608761459589 0.720664668083191 14.8
    endloop
  endfacet
  facet normal 0.7518400178018776 -0.6593455752726884 0
    outer loop
      vertex 69.07071068137884 0.7292893186211586 0
      vertex 69.07933533191681 0.7391238540410996 0
      vertex 69.07071068137884 0.7292893186211586 14.8
    endloop
  endfacet
  facet normal 0.8314697350809236 -0.5555700492687295 0
    outer loop
      vertex 69.07933533191681 0.7391238540410996 0
      vertex 69.08660253882408 0.7500000029802323 0
      vertex 69.07933533191681 0.7391238540410996 14.8
    endloop
  endfacet
  facet normal 0 0 -1
    outer loop
      vertex 63.100000001490116 0.9000000014901162 0
      vertex 64.89999999850988 0.9000000014901162 0
      vertex 65 0.6999999985098839 0
    endloop
  endfacet
  facet normal 0 0 -1
    outer loop
      vertex 65 0.6999999985098839 0
      vertex 64.89999999850988 0.9000000014901162 0
      vertex 65.01305261999369 0.7008555114269257 0
    endloop
  endfacet
  facet normal 0 0 -1
    outer loop
      vertex 65.01305261999369 0.7008555114269257 0
      vertex 64.89999999850988 0.9000000014901162 0
      vertex 65.0258819013834 0.7034074172377587 0
    endloop
  endfacet
  facet normal 0 0 -1
    outer loop
      vertex 65.0258819013834 0.7034074172377587 0
      vertex 64.89999999850988 0.9000000014901162 0
      vertex 65.03826834261417 0.7076120480895043 0
    endloop
  endfacet
  facet normal 0 0 -1
    outer loop
      vertex 65.03826834261417 0.7076120480895043 0
      vertex 64.89999999850988 0.9000000014901162 0
      vertex 65.04999999701977 0.7133974611759186 0
    endloop
  endfacet
  facet normal 0 0 -1
    outer loop
      vertex 65.04999999701977 0.7133974611759186 0
      vertex 64.89999999850988 0.9000000014901162 0
      vertex 65.0608761459589 0.720664668083191 0
    endloop
  endfacet
  facet normal 0 0 -1
    outer loop
      vertex 65.0608761459589 0.720664668083191 0
      vertex 64.89999999850988 0.9000000014901162 0
      vertex 65.07071068137884 0.7292893186211586 0
    endloop
  endfacet
  facet normal 0 0 -1
    outer loop
      vertex 65.07071068137884 0.7292893186211586 0
      vertex 64.89999999850988 0.9000000014901162 0
      vertex 65.07933533191681 0.7391238540410996 0
    endloop
  endfacet
  facet normal 0 0 -1
    outer loop
      vertex 65.07933533191681 0.7391238540410996 0
      vertex 64.89999999850988 0.9000000014901162 0
      vertex 65.08660253882408 0.7500000029802323 0
    endloop
  endfacet
  facet normal 0 0 -1
    outer loop
      vertex 65.08660253882408 0.7500000029802323 0
      vertex 64.89999999850988 0.9000000014901162 0
      vertex 65.0923879519105 0.7617316573858262 0
    endloop
  endfacet
  facet normal 0 0 -1
    outer loop
      vertex 65.0923879519105 0.7617316573858262 0
      vertex 64.89999999850988 0.9000000014901162 0
      vertex 65.09659258276224 0.7741180986166001 0
    endloop
  endfacet
  facet normal 0 0 -1
    outer loop
      vertex 65.09659258276224 0.7741180986166001 0
      vertex 64.89999999850988 0.9000000014901162 0
      vertex 65.09914448857307 0.7869473800063134 0
    endloop
  endfacet
  facet normal 0 0 -1
    outer loop
      vertex 65.09914448857307 0.7869473800063134 0
      vertex 64.89999999850988 0.9000000014901162 0
      vertex 65.10000000149012 0.8 0
    endloop
  endfacet
  facet normal 0 0 -1
    outer loop
      vertex 66.9741180986166 0.7034074172377587 0
      vertex 66.96173165738583 0.7076120480895043 0
      vertex 67.10000000149012 0.9000000014901162 0
    endloop
  endfacet
  facet normal 0 0 -1
    outer loop
      vertex 66.9741180986166 0.7034074172377587 0
      vertex 67.10000000149012 0.9000000014901162 0
      vertex 66.98694738000631 0.7008555114269257 0
    endloop
  endfacet
  facet normal 0 0 -1
    outer loop
      vertex 66.98694738000631 0.7008555114269257 0
      vertex 67.10000000149012 0.9000000014901162 0
      vertex 67 0.6999999985098839 0
    endloop
  endfacet
  facet normal 0 0 -1
    outer loop
      vertex 66.96173165738583 0.7076120480895043 0
      vertex 66.95000000298023 0.7133974611759186 0
      vertex 67.10000000149012 0.9000000014901162 0
    endloop
  endfacet
  facet normal 0 0 -1
    outer loop
      vertex 66.95000000298023 0.7133974611759186 0
      vertex 66.9391238540411 0.720664668083191 0
      vertex 67.10000000149012 0.9000000014901162 0
    endloop
  endfacet
  facet normal 0 0 -1
    outer loop
      vertex 66.9391238540411 0.720664668083191 0
      vertex 66.92928931862116 0.7292893186211586 0
      vertex 67.10000000149012 0.9000000014901162 0
    endloop
  endfacet
  facet normal 0 0 -1
    outer loop
      vertex 66.92066466808319 0.7391238540410996 0
      vertex 66.91339746117592 0.7500000029802323 0
      vertex 67.10000000149012 0.9000000014901162 0
    endloop
  endfacet
  facet normal 0 0 -1
    outer loop
      vertex 66.92066466808319 0.7391238540410996 0
      vertex 67.10000000149012 0.9000000014901162 0
      vertex 66.92928931862116 0.7292893186211586 0
    endloop
  endfacet
  facet normal 0 0 -1
    outer loop
      vertex 66.91339746117592 0.7500000029802323 0
      vertex 66.9076120480895 0.7617316573858262 0
      vertex 67.10000000149012 0.9000000014901162 0
    endloop
  endfacet
  facet normal 0 0 -1
    outer loop
      vertex 66.9076120480895 0.7617316573858262 0
      vertex 66.90340741723776 0.7741180986166001 0
      vertex 67.10000000149012 0.9000000014901162 0
    endloop
  endfacet
  facet normal 0 0 -1
    outer loop
      vertex 66.90340741723776 0.7741180986166001 0
      vertex 66.90085551142693 0.7869473800063134 0
      vertex 67.10000000149012 0.9000000014901162 0
    endloop
  endfacet
  facet normal 0 0 -1
    outer loop
      vertex 66.90085551142693 0.7869473800063134 0
      vertex 66.89999999850988 0.8 0
      vertex 67.10000000149012 0.9000000014901162 0
    endloop
  endfacet
  facet normal 0 0 -1
    outer loop
      vertex 67 0.6999999985098839 0
      vertex 67.10000000149012 0.9000000014901162 0
      vertex 69 0.6999999985098839 0
    endloop
  endfacet
  facet normal 0 0 -1
    outer loop
      vertex 67.10000000149012 0.9000000014901162 0
      vertex 68.89999999850988 0.9000000014901162 0
      vertex 69 0.6999999985098839 0
    endloop
  endfacet
  facet normal 0 0 -1
    outer loop
      vertex 69 0.6999999985098839 0
      vertex 68.89999999850988 0.9000000014901162 0
      vertex 69.01305261999369 0.7008555114269257 0
    endloop
  endfacet
  facet normal 0 0 -1
    outer loop
      vertex 69.01305261999369 0.7008555114269257 0
      vertex 68.89999999850988 0.9000000014901162 0
      vertex 69.0258819013834 0.7034074172377587 0
    endloop
  endfacet
  facet normal 0 0 -1
    outer loop
      vertex 69.0258819013834 0.7034074172377587 0
      vertex 68.89999999850988 0.9000000014901162 0
      vertex 69.03826834261417 0.7076120480895043 0
    endloop
  endfacet
  facet normal 0 0 -1
    outer loop
      vertex 69.03826834261417 0.7076120480895043 0
      vertex 68.89999999850988 0.9000000014901162 0
      vertex 69.04999999701977 0.7133974611759186 0
    endloop
  endfacet
  facet normal 0 0 -1
    outer loop
      vertex 69.04999999701977 0.7133974611759186 0
      vertex 68.89999999850988 0.9000000014901162 0
      vertex 69.0608761459589 0.720664668083191 0
    endloop
  endfacet
  facet normal 0 0 -1
    outer loop
      vertex 69.0608761459589 0.720664668083191 0
      vertex 68.89999999850988 0.9000000014901162 0
      vertex 69.07071068137884 0.7292893186211586 0
    endloop
  endfacet
  facet normal 0 0 -1
    outer loop
      vertex 69.07071068137884 0.7292893186211586 0
      vertex 68.89999999850988 0.9000000014901162 0
      vertex 69.07933533191681 0.7391238540410996 0
    endloop
  endfacet
  facet normal 0 0 -1
    outer loop
      vertex 69.07933533191681 0.7391238540410996 0
      vertex 68.89999999850988 0.9000000014901162 0
      vertex 69.08660253882408 0.7500000029802323 0
    endloop
  endfacet
  facet normal 0 0 -1
    outer loop
      vertex 69.08660253882408 0.7500000029802323 0
      vertex 68.89999999850988 0.9000000014901162 0
      vertex 69.0923879519105 0.7617316573858262 0
    endloop
  endfacet
  facet normal 0 0 -1
    outer loop
      vertex 69.0923879519105 0.7617316573858262 0
      vertex 68.89999999850988 0.9000000014901162 0
      vertex 69.09659258276224 0.7741180986166001 0
    endloop
  endfacet
  facet normal 0 0 -1
    outer loop
      vertex 69.09659258276224 0.7741180986166001 0
      vertex 68.89999999850988 0.9000000014901162 0
      vertex 69.09914448857307 0.7869473800063134 0
    endloop
  endfacet
  facet normal 0 0 -1
    outer loop
      vertex 69.09914448857307 0.7869473800063134 0
      vertex 68.89999999850988 0.9000000014901162 0
      vertex 69.10000000149012 0.8 0
    endloop
  endfacet
  facet normal 0 1 0
    outer loop
      vertex 63.100000001490116 0.9000000014901162 0
      vertex 64.89999999850988 0.9000000014901162 14.8
      vertex 64.89999999850988 0.9000000014901162 0
    endloop
  endfacet
  facet normal 0.8968726997891344 -0.44228877486654466 0
    outer loop
      vertex 65.08660253882408 0.7500000029802323 0
      vertex 65.0923879519105 0.7617316573858262 0
      vertex 65.08660253882408 0.7500000029802323 14.8
    endloop
  endfacet
  facet normal 0.946930114979577 -0.32143950806452687 0
    outer loop
      vertex 65.0923879519105 0.7617316573858262 0
      vertex 65.09659258276224 0.7741180986166001 0
      vertex 65.0923879519105 0.7617316573858262 14.8
    endloop
  endfacet
  facet normal 0.9807852353811589 -0.19509054835722983 0
    outer loop
      vertex 65.09659258276224 0.7741180986166001 0
      vertex 65.09914448857307 0.7869473800063134 0
      vertex 65.09659258276224 0.7741180986166001 14.8
    endloop
  endfacet
  facet normal 0.9978589282087154 -0.06540305340084453 0
    outer loop
      vertex 65.09914448857307 0.7869473800063134 0
      vertex 65.10000000149012 0.8 0
      vertex 65.09914448857307 0.7869473800063134 14.8
    endloop
  endfacet
  facet normal -0.8968726997891344 -0.44228877486654466 0
    outer loop
      vertex 66.91339746117592 0.7500000029802323 0
      vertex 66.9076120480895 0.7617316573858262 14.8
      vertex 66.9076120480895 0.7617316573858262 0
    endloop
  endfacet
  facet normal -0.946930114979577 -0.32143950806452687 0
    outer loop
      vertex 66.9076120480895 0.7617316573858262 0
      vertex 66.90340741723776 0.7741180986166001 14.8
      vertex 66.90340741723776 0.7741180986166001 0
    endloop
  endfacet
  facet normal -0.9807852353811589 -0.19509054835722983 0
    outer loop
      vertex 66.90340741723776 0.7741180986166001 0
      vertex 66.90085551142693 0.7869473800063134 14.8
      vertex 66.90085551142693 0.7869473800063134 0
    endloop
  endfacet
  facet normal -0.9978589282087154 -0.06540305340084453 0
    outer loop
      vertex 66.90085551142693 0.7869473800063134 0
      vertex 66.89999999850988 0.8 14.8
      vertex 66.89999999850988 0.8 0
    endloop
  endfacet
  facet normal 0 1 0
    outer loop
      vertex 67.10000000149012 0.9000000014901162 0
      vertex 68.89999999850988 0.9000000014901162 14.8
      vertex 68.89999999850988 0.9000000014901162 0
    endloop
  endfacet
  facet normal 0.8968726997891344 -0.44228877486654466 0
    outer loop
      vertex 69.08660253882408 0.7500000029802323 0
      vertex 69.0923879519105 0.7617316573858262 0
      vertex 69.08660253882408 0.7500000029802323 14.8
    endloop
  endfacet
  facet normal 0.946930114979577 -0.32143950806452687 0
    outer loop
      vertex 69.0923879519105 0.7617316573858262 0
      vertex 69.09659258276224 0.7741180986166001 0
      vertex 69.0923879519105 0.7617316573858262 14.8
    endloop
  endfacet
  facet normal 0.9807852353811589 -0.19509054835722983 0
    outer loop
      vertex 69.09659258276224 0.7741180986166001 0
      vertex 69.09914448857307 0.7869473800063134 0
      vertex 69.09659258276224 0.7741180986166001 14.8
    endloop
  endfacet
  facet normal 0.9978589282087154 -0.06540305340084453 0
    outer loop
      vertex 69.09914448857307 0.7869473800063134 0
      vertex 69.10000000149012 0.8 0
      vertex 69.09914448857307 0.7869473800063134 14.8
    endloop
  endfacet
  facet normal -0.7518400178018776 -0.6593455752726884 0
    outer loop
      vertex 58.92928931862116 0.7292893186211586 0
      vertex 58.92928931862116 0.7292893186211586 14.8
      vertex 58.92066466808319 0.7391238540410996 14.8
    endloop
  endfacet
  facet normal -0.8314697350809236 -0.5555700492687295 0
    outer loop
      vertex 58.92066466808319 0.7391238540410996 0
      vertex 58.92066466808319 0.7391238540410996 14.8
      vertex 58.91339746117592 0.7500000029802323 14.8
    endloop
  endfacet
  facet normal -0.19509054835722983 -0.9807852353811589 0
    outer loop
      vertex 58.98694738000631 0.7008555114269257 0
      vertex 58.98694738000631 0.7008555114269257 14.8
      vertex 58.9741180986166 0.7034074172377587 14.8
    endloop
  endfacet
  facet normal -0.06540305340084453 -0.9978589282087154 0
    outer loop
      vertex 59 0.6999999985098839 0
      vertex 59 0.6999999985098839 14.8
      vertex 58.98694738000631 0.7008555114269257 14.8
    endloop
  endfacet
  facet normal -0.44228877486654466 -0.8968726997891344 0
    outer loop
      vertex 58.961731657385826 0.7076120480895043 0
      vertex 58.961731657385826 0.7076120480895043 14.8
      vertex 58.95000000298023 0.7133974611759186 14.8
    endloop
  endfacet
  facet normal -0.32143950806452687 -0.946930114979577 0
    outer loop
      vertex 58.9741180986166 0.7034074172377587 0
      vertex 58.9741180986166 0.7034074172377587 14.8
      vertex 58.961731657385826 0.7076120480895043 14.8
    endloop
  endfacet
  facet normal -0.5555700492687295 -0.8314697350809236 0
    outer loop
      vertex 58.95000000298023 0.7133974611759186 0
      vertex 58.95000000298023 0.7133974611759186 14.8
      vertex 58.9391238540411 0.720664668083191 14.8
    endloop
  endfacet
  facet normal -0.6593455752726884 -0.7518400178018776 0
    outer loop
      vertex 58.9391238540411 0.720664668083191 0
      vertex 58.9391238540411 0.720664668083191 14.8
      vertex 58.92928931862116 0.7292893186211586 14.8
    endloop
  endfacet
  facet normal 0 -1 0
    outer loop
      vertex 61 0.6999999985098839 0
      vertex 61 0.6999999985098839 14.8
      vertex 59 0.6999999985098839 14.8
    endloop
  endfacet
  facet normal 0.06540305340084453 -0.9978589282087154 0
    outer loop
      vertex 61.01305261999369 0.7008555114269257 0
      vertex 61.01305261999369 0.7008555114269257 14.8
      vertex 61 0.6999999985098839 14.8
    endloop
  endfacet
  facet normal 0.19509054835722983 -0.9807852353811589 0
    outer loop
      vertex 61.0258819013834 0.7034074172377587 0
      vertex 61.0258819013834 0.7034074172377587 14.8
      vertex 61.01305261999369 0.7008555114269257 14.8
    endloop
  endfacet
  facet normal 0.32143950806452687 -0.946930114979577 0
    outer loop
      vertex 61.038268342614174 0.7076120480895043 0
      vertex 61.038268342614174 0.7076120480895043 14.8
      vertex 61.0258819013834 0.7034074172377587 14.8
    endloop
  endfacet
  facet normal 0.44228877486654466 -0.8968726997891344 0
    outer loop
      vertex 61.04999999701977 0.7133974611759186 0
      vertex 61.04999999701977 0.7133974611759186 14.8
      vertex 61.038268342614174 0.7076120480895043 14.8
    endloop
  endfacet
  facet normal 0.5555700492687295 -0.8314697350809236 0
    outer loop
      vertex 61.0608761459589 0.720664668083191 0
      vertex 61.0608761459589 0.720664668083191 14.8
      vertex 61.04999999701977 0.7133974611759186 14.8
    endloop
  endfacet
  facet normal 0.6593455752726884 -0.7518400178018776 0
    outer loop
      vertex 61.07071068137884 0.7292893186211586 0
      vertex 61.07071068137884 0.7292893186211586 14.8
      vertex 61.0608761459589 0.720664668083191 14.8
    endloop
  endfacet
  facet normal 0.7518400178018776 -0.6593455752726884 0
    outer loop
      vertex 61.07933533191681 0.7391238540410996 0
      vertex 61.07933533191681 0.7391238540410996 14.8
      vertex 61.07071068137884 0.7292893186211586 14.8
    endloop
  endfacet
  facet normal 0.8314697350809236 -0.5555700492687295 0
    outer loop
      vertex 61.08660253882408 0.7500000029802323 0
      vertex 61.08660253882408 0.7500000029802323 14.8
      vertex 61.07933533191681 0.7391238540410996 14.8
    endloop
  endfacet
  facet normal -0.7518400178018776 -0.6593455752726884 0
    outer loop
      vertex 62.92928931862116 0.7292893186211586 0
      vertex 62.92928931862116 0.7292893186211586 14.8
      vertex 62.92066466808319 0.7391238540410996 14.8
    endloop
  endfacet
  facet normal -0.8314697350809236 -0.5555700492687295 0
    outer loop
      vertex 62.92066466808319 0.7391238540410996 0
      vertex 62.92066466808319 0.7391238540410996 14.8
      vertex 62.91339746117592 0.7500000029802323 14.8
    endloop
  endfacet
  facet normal -0.19509054835722983 -0.9807852353811589 0
    outer loop
      vertex 62.98694738000631 0.7008555114269257 0
      vertex 62.98694738000631 0.7008555114269257 14.8
      vertex 62.9741180986166 0.7034074172377587 14.8
    endloop
  endfacet
  facet normal -0.06540305340084453 -0.9978589282087154 0
    outer loop
      vertex 63 0.6999999985098839 0
      vertex 63 0.6999999985098839 14.8
      vertex 62.98694738000631 0.7008555114269257 14.8
    endloop
  endfacet
  facet normal -0.44228877486654466 -0.8968726997891344 0
    outer loop
      vertex 62.961731657385826 0.7076120480895043 0
      vertex 62.961731657385826 0.7076120480895043 14.8
      vertex 62.95000000298023 0.7133974611759186 14.8
    endloop
  endfacet
  facet normal -0.32143950806452687 -0.946930114979577 0
    outer loop
      vertex 62.9741180986166 0.7034074172377587 0
      vertex 62.9741180986166 0.7034074172377587 14.8
      vertex 62.961731657385826 0.7076120480895043 14.8
    endloop
  endfacet
  facet normal -0.5555700492687295 -0.8314697350809236 0
    outer loop
      vertex 62.95000000298023 0.7133974611759186 0
      vertex 62.95000000298023 0.7133974611759186 14.8
      vertex 62.9391238540411 0.720664668083191 14.8
    endloop
  endfacet
  facet normal -0.6593455752726884 -0.7518400178018776 0
    outer loop
      vertex 62.9391238540411 0.720664668083191 0
      vertex 62.9391238540411 0.720664668083191 14.8
      vertex 62.92928931862116 0.7292893186211586 14.8
    endloop
  endfacet
  facet normal -0.8968726997891344 -0.44228877486654466 0
    outer loop
      vertex 58.91339746117592 0.7500000029802323 0
      vertex 58.91339746117592 0.7500000029802323 14.8
      vertex 58.907612048089504 0.7617316573858262 14.8
    endloop
  endfacet
  facet normal -0.946930114979577 -0.32143950806452687 0
    outer loop
      vertex 58.907612048089504 0.7617316573858262 0
      vertex 58.907612048089504 0.7617316573858262 14.8
      vertex 58.90340741723776 0.7741180986166001 14.8
    endloop
  endfacet
  facet normal -0.9807852353811589 -0.19509054835722983 0
    outer loop
      vertex 58.90340741723776 0.7741180986166001 0
      vertex 58.90340741723776 0.7741180986166001 14.8
      vertex 58.900855511426926 0.7869473800063134 14.8
    endloop
  endfacet
  facet normal -0.9978589282087154 -0.06540305340084453 0
    outer loop
      vertex 58.900855511426926 0.7869473800063134 0
      vertex 58.900855511426926 0.7869473800063134 14.8
      vertex 58.899999998509884 0.8 14.8
    endloop
  endfacet
  facet normal 0 1 0
    outer loop
      vertex 59.100000001490116 0.9000000014901162 0
      vertex 59.100000001490116 0.9000000014901162 14.8
      vertex 60.899999998509884 0.9000000014901162 14.8
    endloop
  endfacet
  facet normal 0.8968726997891344 -0.44228877486654466 0
    outer loop
      vertex 61.092387951910496 0.7617316573858262 0
      vertex 61.092387951910496 0.7617316573858262 14.8
      vertex 61.08660253882408 0.7500000029802323 14.8
    endloop
  endfacet
  facet normal 0.946930114979577 -0.32143950806452687 0
    outer loop
      vertex 61.09659258276224 0.7741180986166001 0
      vertex 61.09659258276224 0.7741180986166001 14.8
      vertex 61.092387951910496 0.7617316573858262 14.8
    endloop
  endfacet
  facet normal 0.9807852353811589 -0.19509054835722983 0
    outer loop
      vertex 61.099144488573074 0.7869473800063134 0
      vertex 61.099144488573074 0.7869473800063134 14.8
      vertex 61.09659258276224 0.7741180986166001 14.8
    endloop
  endfacet
  facet normal 0.9978589282087154 -0.06540305340084453 0
    outer loop
      vertex 61.100000001490116 0.8 0
      vertex 61.100000001490116 0.8 14.8
      vertex 61.099144488573074 0.7869473800063134 14.8
    endloop
  endfacet
  facet normal -0.8968726997891344 -0.44228877486654466 0
    outer loop
      vertex 62.91339746117592 0.7500000029802323 0
      vertex 62.91339746117592 0.7500000029802323 14.8
      vertex 62.907612048089504 0.7617316573858262 14.8
    endloop
  endfacet
  facet normal -0.946930114979577 -0.32143950806452687 0
    outer loop
      vertex 62.907612048089504 0.7617316573858262 0
      vertex 62.907612048089504 0.7617316573858262 14.8
      vertex 62.90340741723776 0.7741180986166001 14.8
    endloop
  endfacet
  facet normal -0.9807852353811589 -0.19509054835722983 0
    outer loop
      vertex 62.90340741723776 0.7741180986166001 0
      vertex 62.90340741723776 0.7741180986166001 14.8
      vertex 62.900855511426926 0.7869473800063134 14.8
    endloop
  endfacet
  facet normal -0.9978589282087154 -0.06540305340084453 0
    outer loop
      vertex 62.900855511426926 0.7869473800063134 0
      vertex 62.900855511426926 0.7869473800063134 14.8
      vertex 62.899999998509884 0.8 14.8
    endloop
  endfacet
  facet normal 0 1 0
    outer loop
      vertex 63.100000001490116 0.9000000014901162 0
      vertex 63.100000001490116 0.9000000014901162 14.8
      vertex 64.89999999850988 0.9000000014901162 14.8
    endloop
  endfacet
  facet normal 0 0 1
    outer loop
      vertex 58.961731657385826 0.7076120480895043 14.8
      vertex 58.9741180986166 0.7034074172377587 14.8
      vertex 59.100000001490116 0.9000000014901162 14.8
    endloop
  endfacet
  facet normal 0 0 1
    outer loop
      vertex 58.9741180986166 0.7034074172377587 14.8
      vertex 58.98694738000631 0.7008555114269257 14.8
      vertex 59.100000001490116 0.9000000014901162 14.8
    endloop
  endfacet
  facet normal 0 0 1
    outer loop
      vertex 58.98694738000631 0.7008555114269257 14.8
      vertex 59 0.6999999985098839 14.8
      vertex 59.100000001490116 0.9000000014901162 14.8
    endloop
  endfacet
  facet normal 0 0 1
    outer loop
      vertex 58.961731657385826 0.7076120480895043 14.8
      vertex 59.100000001490116 0.9000000014901162 14.8
      vertex 58.95000000298023 0.7133974611759186 14.8
    endloop
  endfacet
  facet normal 0 0 1
    outer loop
      vertex 58.95000000298023 0.7133974611759186 14.8
      vertex 59.100000001490116 0.9000000014901162 14.8
      vertex 58.9391238540411 0.720664668083191 14.8
    endloop
  endfacet
  facet normal 0 0 1
    outer loop
      vertex 58.92928931862116 0.7292893186211586 14.8
      vertex 58.9391238540411 0.720664668083191 14.8
      vertex 59.100000001490116 0.9000000014901162 14.8
    endloop
  endfacet
  facet normal 0 0 1
    outer loop
      vertex 58.92928931862116 0.7292893186211586 14.8
      vertex 59.100000001490116 0.9000000014901162 14.8
      vertex 58.92066466808319 0.7391238540410996 14.8
    endloop
  endfacet
  facet normal 0 0 1
    outer loop
      vertex 58.92066466808319 0.7391238540410996 14.8
      vertex 59.100000001490116 0.9000000014901162 14.8
      vertex 58.91339746117592 0.7500000029802323 14.8
    endloop
  endfacet
  facet normal 0 0 1
    outer loop
      vertex 58.91339746117592 0.7500000029802323 14.8
      vertex 59.100000001490116 0.9000000014901162 14.8
      vertex 58.907612048089504 0.7617316573858262 14.8
    endloop
  endfacet
  facet normal 0 0 1
    outer loop
      vertex 58.907612048089504 0.7617316573858262 14.8
      vertex 59.100000001490116 0.9000000014901162 14.8
      vertex 58.90340741723776 0.7741180986166001 14.8
    endloop
  endfacet
  facet normal 0 0 1
    outer loop
      vertex 58.90340741723776 0.7741180986166001 14.8
      vertex 59.100000001490116 0.9000000014901162 14.8
      vertex 58.900855511426926 0.7869473800063134 14.8
    endloop
  endfacet
  facet normal 0 0 1
    outer loop
      vertex 58.900855511426926 0.7869473800063134 14.8
      vertex 59.100000001490116 0.9000000014901162 14.8
      vertex 58.899999998509884 0.8 14.8
    endloop
  endfacet
  facet normal 0 0 1
    outer loop
      vertex 59 0.6999999985098839 14.8
      vertex 61 0.6999999985098839 14.8
      vertex 59.100000001490116 0.9000000014901162 14.8
    endloop
  endfacet
  facet normal 0 0 1
    outer loop
      vertex 59.100000001490116 0.9000000014901162 14.8
      vertex 61 0.6999999985098839 14.8
      vertex 60.899999998509884 0.9000000014901162 14.8
    endloop
  endfacet
  facet normal 0 0 1
    outer loop
      vertex 61 0.6999999985098839 14.8
      vertex 61.01305261999369 0.7008555114269257 14.8
      vertex 60.899999998509884 0.9000000014901162 14.8
    endloop
  endfacet
  facet normal 0 0 1
    outer loop
      vertex 61.01305261999369 0.7008555114269257 14.8
      vertex 61.0258819013834 0.7034074172377587 14.8
      vertex 60.899999998509884 0.9000000014901162 14.8
    endloop
  endfacet
  facet normal 0 0 1
    outer loop
      vertex 61.0258819013834 0.7034074172377587 14.8
      vertex 61.038268342614174 0.7076120480895043 14.8
      vertex 60.899999998509884 0.9000000014901162 14.8
    endloop
  endfacet
  facet normal 0 0 1
    outer loop
      vertex 61.038268342614174 0.7076120480895043 14.8
      vertex 61.04999999701977 0.7133974611759186 14.8
      vertex 60.899999998509884 0.9000000014901162 14.8
    endloop
  endfacet
  facet normal 0 0 1
    outer loop
      vertex 61.04999999701977 0.7133974611759186 14.8
      vertex 61.0608761459589 0.720664668083191 14.8
      vertex 60.899999998509884 0.9000000014901162 14.8
    endloop
  endfacet
  facet normal 0 0 1
    outer loop
      vertex 61.0608761459589 0.720664668083191 14.8
      vertex 61.07071068137884 0.7292893186211586 14.8
      vertex 60.899999998509884 0.9000000014901162 14.8
    endloop
  endfacet
  facet normal 0 0 1
    outer loop
      vertex 61.07071068137884 0.7292893186211586 14.8
      vertex 61.07933533191681 0.7391238540410996 14.8
      vertex 60.899999998509884 0.9000000014901162 14.8
    endloop
  endfacet
  facet normal 0 0 1
    outer loop
      vertex 61.07933533191681 0.7391238540410996 14.8
      vertex 61.08660253882408 0.7500000029802323 14.8
      vertex 60.899999998509884 0.9000000014901162 14.8
    endloop
  endfacet
  facet normal 0 0 1
    outer loop
      vertex 61.08660253882408 0.7500000029802323 14.8
      vertex 61.092387951910496 0.7617316573858262 14.8
      vertex 60.899999998509884 0.9000000014901162 14.8
    endloop
  endfacet
  facet normal 0 0 1
    outer loop
      vertex 61.092387951910496 0.7617316573858262 14.8
      vertex 61.09659258276224 0.7741180986166001 14.8
      vertex 60.899999998509884 0.9000000014901162 14.8
    endloop
  endfacet
  facet normal 0 0 1
    outer loop
      vertex 61.09659258276224 0.7741180986166001 14.8
      vertex 61.099144488573074 0.7869473800063134 14.8
      vertex 60.899999998509884 0.9000000014901162 14.8
    endloop
  endfacet
  facet normal 0 0 1
    outer loop
      vertex 61.099144488573074 0.7869473800063134 14.8
      vertex 61.100000001490116 0.8 14.8
      vertex 60.899999998509884 0.9000000014901162 14.8
    endloop
  endfacet
  facet normal 0 0 1
    outer loop
      vertex 62.9741180986166 0.7034074172377587 14.8
      vertex 63.100000001490116 0.9000000014901162 14.8
      vertex 62.961731657385826 0.7076120480895043 14.8
    endloop
  endfacet
  facet normal 0 0 1
    outer loop
      vertex 62.9741180986166 0.7034074172377587 14.8
      vertex 62.98694738000631 0.7008555114269257 14.8
      vertex 63.100000001490116 0.9000000014901162 14.8
    endloop
  endfacet
  facet normal 0 0 1
    outer loop
      vertex 62.98694738000631 0.7008555114269257 14.8
      vertex 63 0.6999999985098839 14.8
      vertex 63.100000001490116 0.9000000014901162 14.8
    endloop
  endfacet
  facet normal 0 0 1
    outer loop
      vertex 62.95000000298023 0.7133974611759186 14.8
      vertex 62.961731657385826 0.7076120480895043 14.8
      vertex 63.100000001490116 0.9000000014901162 14.8
    endloop
  endfacet
  facet normal 0 0 1
    outer loop
      vertex 62.95000000298023 0.7133974611759186 14.8
      vertex 63.100000001490116 0.9000000014901162 14.8
      vertex 62.9391238540411 0.720664668083191 14.8
    endloop
  endfacet
  facet normal 0 0 1
    outer loop
      vertex 62.92928931862116 0.7292893186211586 14.8
      vertex 62.9391238540411 0.720664668083191 14.8
      vertex 63.100000001490116 0.9000000014901162 14.8
    endloop
  endfacet
  facet normal 0 0 1
    outer loop
      vertex 62.92928931862116 0.7292893186211586 14.8
      vertex 63.100000001490116 0.9000000014901162 14.8
      vertex 62.92066466808319 0.7391238540410996 14.8
    endloop
  endfacet
  facet normal 0 0 1
    outer loop
      vertex 62.92066466808319 0.7391238540410996 14.8
      vertex 63.100000001490116 0.9000000014901162 14.8
      vertex 62.91339746117592 0.7500000029802323 14.8
    endloop
  endfacet
  facet normal 0 0 1
    outer loop
      vertex 62.91339746117592 0.7500000029802323 14.8
      vertex 63.100000001490116 0.9000000014901162 14.8
      vertex 62.907612048089504 0.7617316573858262 14.8
    endloop
  endfacet
  facet normal 0 0 1
    outer loop
      vertex 62.90340741723776 0.7741180986166001 14.8
      vertex 62.907612048089504 0.7617316573858262 14.8
      vertex 63.100000001490116 0.9000000014901162 14.8
    endloop
  endfacet
  facet normal 0 0 1
    outer loop
      vertex 62.90340741723776 0.7741180986166001 14.8
      vertex 63.100000001490116 0.9000000014901162 14.8
      vertex 62.900855511426926 0.7869473800063134 14.8
    endloop
  endfacet
  facet normal 0 0 1
    outer loop
      vertex 62.900855511426926 0.7869473800063134 14.8
      vertex 63.100000001490116 0.9000000014901162 14.8
      vertex 62.899999998509884 0.8 14.8
    endloop
  endfacet
  facet normal 0 0 1
    outer loop
      vertex 63 0.6999999985098839 14.8
      vertex 65 0.6999999985098839 14.8
      vertex 63.100000001490116 0.9000000014901162 14.8
    endloop
  endfacet
  facet normal 0 -1 0
    outer loop
      vertex 65 0.6999999985098839 0
      vertex 65 0.6999999985098839 14.8
      vertex 63 0.6999999985098839 14.8
    endloop
  endfacet
  facet normal 0.06540305340084453 -0.9978589282087154 0
    outer loop
      vertex 65.01305261999369 0.7008555114269257 0
      vertex 65.01305261999369 0.7008555114269257 14.8
      vertex 65 0.6999999985098839 14.8
    endloop
  endfacet
  facet normal 0.19509054835722983 -0.9807852353811589 0
    outer loop
      vertex 65.0258819013834 0.7034074172377587 0
      vertex 65.0258819013834 0.7034074172377587 14.8
      vertex 65.01305261999369 0.7008555114269257 14.8
    endloop
  endfacet
  facet normal 0.32143950806452687 -0.946930114979577 0
    outer loop
      vertex 65.03826834261417 0.7076120480895043 0
      vertex 65.03826834261417 0.7076120480895043 14.8
      vertex 65.0258819013834 0.7034074172377587 14.8
    endloop
  endfacet
  facet normal 0.44228877486654466 -0.8968726997891344 0
    outer loop
      vertex 65.04999999701977 0.7133974611759186 0
      vertex 65.04999999701977 0.7133974611759186 14.8
      vertex 65.03826834261417 0.7076120480895043 14.8
    endloop
  endfacet
  facet normal 0.5555700492687295 -0.8314697350809236 0
    outer loop
      vertex 65.0608761459589 0.720664668083191 0
      vertex 65.0608761459589 0.720664668083191 14.8
      vertex 65.04999999701977 0.7133974611759186 14.8
    endloop
  endfacet
  facet normal 0.6593455752726884 -0.7518400178018776 0
    outer loop
      vertex 65.07071068137884 0.7292893186211586 0
      vertex 65.07071068137884 0.7292893186211586 14.8
      vertex 65.0608761459589 0.720664668083191 14.8
    endloop
  endfacet
  facet normal 0.7518400178018776 -0.6593455752726884 0
    outer loop
      vertex 65.07933533191681 0.7391238540410996 0
      vertex 65.07933533191681 0.7391238540410996 14.8
      vertex 65.07071068137884 0.7292893186211586 14.8
    endloop
  endfacet
  facet normal 0.8314697350809236 -0.5555700492687295 0
    outer loop
      vertex 65.08660253882408 0.7500000029802323 0
      vertex 65.08660253882408 0.7500000029802323 14.8
      vertex 65.07933533191681 0.7391238540410996 14.8
    endloop
  endfacet
  facet normal -0.7518400178018776 -0.6593455752726884 0
    outer loop
      vertex 66.92928931862116 0.7292893186211586 0
      vertex 66.92928931862116 0.7292893186211586 14.8
      vertex 66.92066466808319 0.7391238540410996 14.8
    endloop
  endfacet
  facet normal -0.8314697350809236 -0.5555700492687295 0
    outer loop
      vertex 66.92066466808319 0.7391238540410996 0
      vertex 66.92066466808319 0.7391238540410996 14.8
      vertex 66.91339746117592 0.7500000029802323 14.8
    endloop
  endfacet
  facet normal -0.19509054835722983 -0.9807852353811589 0
    outer loop
      vertex 66.98694738000631 0.7008555114269257 0
      vertex 66.98694738000631 0.7008555114269257 14.8
      vertex 66.9741180986166 0.7034074172377587 14.8
    endloop
  endfacet
  facet normal -0.06540305340084453 -0.9978589282087154 0
    outer loop
      vertex 67 0.6999999985098839 0
      vertex 67 0.6999999985098839 14.8
      vertex 66.98694738000631 0.7008555114269257 14.8
    endloop
  endfacet
  facet normal -0.32143950806452687 -0.946930114979577 0
    outer loop
      vertex 66.9741180986166 0.7034074172377587 0
      vertex 66.9741180986166 0.7034074172377587 14.8
      vertex 66.96173165738583 0.7076120480895043 14.8
    endloop
  endfacet
  facet normal -0.44228877486654466 -0.8968726997891344 0
    outer loop
      vertex 66.96173165738583 0.7076120480895043 0
      vertex 66.96173165738583 0.7076120480895043 14.8
      vertex 66.95000000298023 0.7133974611759186 14.8
    endloop
  endfacet
  facet normal -0.5555700492687295 -0.8314697350809236 0
    outer loop
      vertex 66.95000000298023 0.7133974611759186 0
      vertex 66.95000000298023 0.7133974611759186 14.8
      vertex 66.9391238540411 0.720664668083191 14.8
    endloop
  endfacet
  facet normal -0.6593455752726884 -0.7518400178018776 0
    outer loop
      vertex 66.9391238540411 0.720664668083191 0
      vertex 66.9391238540411 0.720664668083191 14.8
      vertex 66.92928931862116 0.7292893186211586 14.8
    endloop
  endfacet
  facet normal 0 -1 0
    outer loop
      vertex 69 0.6999999985098839 0
      vertex 69 0.6999999985098839 14.8
      vertex 67 0.6999999985098839 14.8
    endloop
  endfacet
  facet normal 0.06540305340084453 -0.9978589282087154 0
    outer loop
      vertex 69.01305261999369 0.7008555114269257 0
      vertex 69.01305261999369 0.7008555114269257 14.8
      vertex 69 0.6999999985098839 14.8
    endloop
  endfacet
  facet normal 0.19509054835722983 -0.9807852353811589 0
    outer loop
      vertex 69.0258819013834 0.7034074172377587 0
      vertex 69.0258819013834 0.7034074172377587 14.8
      vertex 69.01305261999369 0.7008555114269257 14.8
    endloop
  endfacet
  facet normal 0.32143950806452687 -0.946930114979577 0
    outer loop
      vertex 69.03826834261417 0.7076120480895043 0
      vertex 69.03826834261417 0.7076120480895043 14.8
      vertex 69.0258819013834 0.7034074172377587 14.8
    endloop
  endfacet
  facet normal 0.44228877486654466 -0.8968726997891344 0
    outer loop
      vertex 69.04999999701977 0.7133974611759186 0
      vertex 69.04999999701977 0.7133974611759186 14.8
      vertex 69.03826834261417 0.7076120480895043 14.8
    endloop
  endfacet
  facet normal 0.5555700492687295 -0.8314697350809236 0
    outer loop
      vertex 69.0608761459589 0.720664668083191 0
      vertex 69.0608761459589 0.720664668083191 14.8
      vertex 69.04999999701977 0.7133974611759186 14.8
    endloop
  endfacet
  facet normal 0.6593455752726884 -0.7518400178018776 0
    outer loop
      vertex 69.07071068137884 0.7292893186211586 0
      vertex 69.07071068137884 0.7292893186211586 14.8
      vertex 69.0608761459589 0.720664668083191 14.8
    endloop
  endfacet
  facet normal 0.7518400178018776 -0.6593455752726884 0
    outer loop
      vertex 69.07933533191681 0.7391238540410996 0
      vertex 69.07933533191681 0.7391238540410996 14.8
      vertex 69.07071068137884 0.7292893186211586 14.8
    endloop
  endfacet
  facet normal 0.8314697350809236 -0.5555700492687295 0
    outer loop
      vertex 69.08660253882408 0.7500000029802323 0
      vertex 69.08660253882408 0.7500000029802323 14.8
      vertex 69.07933533191681 0.7391238540410996 14.8
    endloop
  endfacet
  facet normal 0.8968726997891344 -0.44228877486654466 0
    outer loop
      vertex 65.0923879519105 0.7617316573858262 0
      vertex 65.0923879519105 0.7617316573858262 14.8
      vertex 65.08660253882408 0.7500000029802323 14.8
    endloop
  endfacet
  facet normal 0.946930114979577 -0.32143950806452687 0
    outer loop
      vertex 65.09659258276224 0.7741180986166001 0
      vertex 65.09659258276224 0.7741180986166001 14.8
      vertex 65.0923879519105 0.7617316573858262 14.8
    endloop
  endfacet
  facet normal 0.9807852353811589 -0.19509054835722983 0
    outer loop
      vertex 65.09914448857307 0.7869473800063134 0
      vertex 65.09914448857307 0.7869473800063134 14.8
      vertex 65.09659258276224 0.7741180986166001 14.8
    endloop
  endfacet
  facet normal 0.9978589282087154 -0.06540305340084453 0
    outer loop
      vertex 65.10000000149012 0.8 0
      vertex 65.10000000149012 0.8 14.8
      vertex 65.09914448857307 0.7869473800063134 14.8
    endloop
  endfacet
  facet normal -0.8968726997891344 -0.44228877486654466 0
    outer loop
      vertex 66.91339746117592 0.7500000029802323 0
      vertex 66.91339746117592 0.7500000029802323 14.8
      vertex 66.9076120480895 0.7617316573858262 14.8
    endloop
  endfacet
  facet normal -0.946930114979577 -0.32143950806452687 0
    outer loop
      vertex 66.9076120480895 0.7617316573858262 0
      vertex 66.9076120480895 0.7617316573858262 14.8
      vertex 66.90340741723776 0.7741180986166001 14.8
    endloop
  endfacet
  facet normal -0.9807852353811589 -0.19509054835722983 0
    outer loop
      vertex 66.90340741723776 0.7741180986166001 0
      vertex 66.90340741723776 0.7741180986166001 14.8
      vertex 66.90085551142693 0.7869473800063134 14.8
    endloop
  endfacet
  facet normal -0.9978589282087154 -0.06540305340084453 0
    outer loop
      vertex 66.90085551142693 0.7869473800063134 0
      vertex 66.90085551142693 0.7869473800063134 14.8
      vertex 66.89999999850988 0.8 14.8
    endloop
  endfacet
  facet normal 0 1 0
    outer loop
      vertex 67.10000000149012 0.9000000014901162 0
      vertex 67.10000000149012 0.9000000014901162 14.8
      vertex 68.89999999850988 0.9000000014901162 14.8
    endloop
  endfacet
  facet normal 0.8968726997891344 -0.44228877486654466 0
    outer loop
      vertex 69.0923879519105 0.7617316573858262 0
      vertex 69.0923879519105 0.7617316573858262 14.8
      vertex 69.08660253882408 0.7500000029802323 14.8
    endloop
  endfacet
  facet normal 0.946930114979577 -0.32143950806452687 0
    outer loop
      vertex 69.09659258276224 0.7741180986166001 0
      vertex 69.09659258276224 0.7741180986166001 14.8
      vertex 69.0923879519105 0.7617316573858262 14.8
    endloop
  endfacet
  facet normal 0.9807852353811589 -0.19509054835722983 0
    outer loop
      vertex 69.09914448857307 0.7869473800063134 0
      vertex 69.09914448857307 0.7869473800063134 14.8
      vertex 69.09659258276224 0.7741180986166001 14.8
    endloop
  endfacet
  facet normal 0.9978589282087154 -0.06540305340084453 0
    outer loop
      vertex 69.10000000149012 0.8 0
      vertex 69.10000000149012 0.8 14.8
      vertex 69.09914448857307 0.7869473800063134 14.8
    endloop
  endfacet
  facet normal 0 0 1
    outer loop
      vertex 63.100000001490116 0.9000000014901162 14.8
      vertex 65 0.6999999985098839 14.8
      vertex 64.89999999850988 0.9000000014901162 14.8
    endloop
  endfacet
  facet normal 0 0 1
    outer loop
      vertex 65 0.6999999985098839 14.8
      vertex 65.01305261999369 0.7008555114269257 14.8
      vertex 64.89999999850988 0.9000000014901162 14.8
    endloop
  endfacet
  facet normal 0 0 1
    outer loop
      vertex 65.01305261999369 0.7008555114269257 14.8
      vertex 65.0258819013834 0.7034074172377587 14.8
      vertex 64.89999999850988 0.9000000014901162 14.8
    endloop
  endfacet
  facet normal 0 0 1
    outer loop
      vertex 65.0258819013834 0.7034074172377587 14.8
      vertex 65.03826834261417 0.7076120480895043 14.8
      vertex 64.89999999850988 0.9000000014901162 14.8
    endloop
  endfacet
  facet normal 0 0 1
    outer loop
      vertex 65.03826834261417 0.7076120480895043 14.8
      vertex 65.04999999701977 0.7133974611759186 14.8
      vertex 64.89999999850988 0.9000000014901162 14.8
    endloop
  endfacet
  facet normal 0 0 1
    outer loop
      vertex 65.04999999701977 0.7133974611759186 14.8
      vertex 65.0608761459589 0.720664668083191 14.8
      vertex 64.89999999850988 0.9000000014901162 14.8
    endloop
  endfacet
  facet normal 0 0 1
    outer loop
      vertex 65.0608761459589 0.720664668083191 14.8
      vertex 65.07071068137884 0.7292893186211586 14.8
      vertex 64.89999999850988 0.9000000014901162 14.8
    endloop
  endfacet
  facet normal 0 0 1
    outer loop
      vertex 65.07071068137884 0.7292893186211586 14.8
      vertex 65.07933533191681 0.7391238540410996 14.8
      vertex 64.89999999850988 0.9000000014901162 14.8
    endloop
  endfacet
  facet normal 0 0 1
    outer loop
      vertex 65.07933533191681 0.7391238540410996 14.8
      vertex 65.08660253882408 0.7500000029802323 14.8
      vertex 64.89999999850988 0.9000000014901162 14.8
    endloop
  endfacet
  facet normal 0 0 1
    outer loop
      vertex 65.08660253882408 0.7500000029802323 14.8
      vertex 65.0923879519105 0.7617316573858262 14.8
      vertex 64.89999999850988 0.9000000014901162 14.8
    endloop
  endfacet
  facet normal 0 0 1
    outer loop
      vertex 65.0923879519105 0.7617316573858262 14.8
      vertex 65.09659258276224 0.7741180986166001 14.8
      vertex 64.89999999850988 0.9000000014901162 14.8
    endloop
  endfacet
  facet normal 0 0 1
    outer loop
      vertex 65.09659258276224 0.7741180986166001 14.8
      vertex 65.09914448857307 0.7869473800063134 14.8
      vertex 64.89999999850988 0.9000000014901162 14.8
    endloop
  endfacet
  facet normal 0 0 1
    outer loop
      vertex 65.09914448857307 0.7869473800063134 14.8
      vertex 65.10000000149012 0.8 14.8
      vertex 64.89999999850988 0.9000000014901162 14.8
    endloop
  endfacet
  facet normal 0 0 1
    outer loop
      vertex 66.9741180986166 0.7034074172377587 14.8
      vertex 67.10000000149012 0.9000000014901162 14.8
      vertex 66.96173165738583 0.7076120480895043 14.8
    endloop
  endfacet
  facet normal 0 0 1
    outer loop
      vertex 66.9741180986166 0.7034074172377587 14.8
      vertex 66.98694738000631 0.7008555114269257 14.8
      vertex 67.10000000149012 0.9000000014901162 14.8
    endloop
  endfacet
  facet normal 0 0 1
    outer loop
      vertex 66.98694738000631 0.7008555114269257 14.8
      vertex 67 0.6999999985098839 14.8
      vertex 67.10000000149012 0.9000000014901162 14.8
    endloop
  endfacet
  facet normal 0 0 1
    outer loop
      vertex 66.96173165738583 0.7076120480895043 14.8
      vertex 67.10000000149012 0.9000000014901162 14.8
      vertex 66.95000000298023 0.7133974611759186 14.8
    endloop
  endfacet
  facet normal 0 0 1
    outer loop
      vertex 66.95000000298023 0.7133974611759186 14.8
      vertex 67.10000000149012 0.9000000014901162 14.8
      vertex 66.9391238540411 0.720664668083191 14.8
    endloop
  endfacet
  facet normal 0 0 1
    outer loop
      vertex 66.9391238540411 0.720664668083191 14.8
      vertex 67.10000000149012 0.9000000014901162 14.8
      vertex 66.92928931862116 0.7292893186211586 14.8
    endloop
  endfacet
  facet normal 0 0 1
    outer loop
      vertex 66.92066466808319 0.7391238540410996 14.8
      vertex 67.10000000149012 0.9000000014901162 14.8
      vertex 66.91339746117592 0.7500000029802323 14.8
    endloop
  endfacet
  facet normal 0 0 1
    outer loop
      vertex 66.92066466808319 0.7391238540410996 14.8
      vertex 66.92928931862116 0.7292893186211586 14.8
      vertex 67.10000000149012 0.9000000014901162 14.8
    endloop
  endfacet
  facet normal 0 0 1
    outer loop
      vertex 66.91339746117592 0.7500000029802323 14.8
      vertex 67.10000000149012 0.9000000014901162 14.8
      vertex 66.9076120480895 0.7617316573858262 14.8
    endloop
  endfacet
  facet normal 0 0 1
    outer loop
      vertex 66.9076120480895 0.7617316573858262 14.8
      vertex 67.10000000149012 0.9000000014901162 14.8
      vertex 66.90340741723776 0.7741180986166001 14.8
    endloop
  endfacet
  facet normal 0 0 1
    outer loop
      vertex 66.90340741723776 0.7741180986166001 14.8
      vertex 67.10000000149012 0.9000000014901162 14.8
      vertex 66.90085551142693 0.7869473800063134 14.8
    endloop
  endfacet
  facet normal 0 0 1
    outer loop
      vertex 66.90085551142693 0.7869473800063134 14.8
      vertex 67.10000000149012 0.9000000014901162 14.8
      vertex 66.89999999850988 0.8 14.8
    endloop
  endfacet
  facet normal 0 0 1
    outer loop
      vertex 67 0.6999999985098839 14.8
      vertex 69 0.6999999985098839 14.8
      vertex 67.10000000149012 0.9000000014901162 14.8
    endloop
  endfacet
  facet normal 0 0 1
    outer loop
      vertex 67.10000000149012 0.9000000014901162 14.8
      vertex 69 0.6999999985098839 14.8
      vertex 68.89999999850988 0.9000000014901162 14.8
    endloop
  endfacet
  facet normal 0 0 1
    outer loop
      vertex 69 0.6999999985098839 14.8
      vertex 69.01305261999369 0.7008555114269257 14.8
      vertex 68.89999999850988 0.9000000014901162 14.8
    endloop
  endfacet
  facet normal 0 0 1
    outer loop
      vertex 69.01305261999369 0.7008555114269257 14.8
      vertex 69.0258819013834 0.7034074172377587 14.8
      vertex 68.89999999850988 0.9000000014901162 14.8
    endloop
  endfacet
  facet normal 0 0 1
    outer loop
      vertex 69.0258819013834 0.7034074172377587 14.8
      vertex 69.03826834261417 0.7076120480895043 14.8
      vertex 68.89999999850988 0.9000000014901162 14.8
    endloop
  endfacet
  facet normal 0 0 1
    outer loop
      vertex 69.03826834261417 0.7076120480895043 14.8
      vertex 69.04999999701977 0.7133974611759186 14.8
      vertex 68.89999999850988 0.9000000014901162 14.8
    endloop
  endfacet
  facet normal 0 0 1
    outer loop
      vertex 69.04999999701977 0.7133974611759186 14.8
      vertex 69.0608761459589 0.720664668083191 14.8
      vertex 68.89999999850988 0.9000000014901162 14.8
    endloop
  endfacet
  facet normal 0 0 1
    outer loop
      vertex 69.0608761459589 0.720664668083191 14.8
      vertex 69.07071068137884 0.7292893186211586 14.8
      vertex 68.89999999850988 0.9000000014901162 14.8
    endloop
  endfacet
  facet normal 0 0 1
    outer loop
      vertex 69.07071068137884 0.7292893186211586 14.8
      vertex 69.07933533191681 0.7391238540410996 14.8
      vertex 68.89999999850988 0.9000000014901162 14.8
    endloop
  endfacet
  facet normal 0 0 1
    outer loop
      vertex 69.07933533191681 0.7391238540410996 14.8
      vertex 69.08660253882408 0.7500000029802323 14.8
      vertex 68.89999999850988 0.9000000014901162 14.8
    endloop
  endfacet
  facet normal 0 0 1
    outer loop
      vertex 69.08660253882408 0.7500000029802323 14.8
      vertex 69.0923879519105 0.7617316573858262 14.8
      vertex 68.89999999850988 0.9000000014901162 14.8
    endloop
  endfacet
  facet normal 0 0 1
    outer loop
      vertex 69.0923879519105 0.7617316573858262 14.8
      vertex 69.09659258276224 0.7741180986166001 14.8
      vertex 68.89999999850988 0.9000000014901162 14.8
    endloop
  endfacet
  facet normal 0 0 1
    outer loop
      vertex 69.09659258276224 0.7741180986166001 14.8
      vertex 69.09914448857307 0.7869473800063134 14.8
      vertex 68.89999999850988 0.9000000014901162 14.8
    endloop
  endfacet
  facet normal 0 0 1
    outer loop
      vertex 69.09914448857307 0.7869473800063134 14.8
      vertex 69.10000000149012 0.8 14.8
      vertex 68.89999999850988 0.9000000014901162 14.8
    endloop
  endfacet
  facet normal 0 0 -1
    outer loop
      vertex 58.899999998509884 0.8 0
      vertex 58.899999998509884 5.699999998509884 0
      vertex 59.100000001490116 0.9000000014901162 0
    endloop
  endfacet
  facet normal 0 0 -1
    outer loop
      vertex 61.100000001490116 0.8 0
      vertex 60.899999998509884 0.9000000014901162 0
      vertex 61.100000001490116 5.699999998509884 0
    endloop
  endfacet
  facet normal 0 0 -1
    outer loop
      vertex 62.899999998509884 0.8 0
      vertex 62.899999998509884 5.699999998509884 0
      vertex 63.100000001490116 0.9000000014901162 0
    endloop
  endfacet
  facet normal 1 0 0
    outer loop
      vertex 59.100000001490116 0.9000000014901162 0
      vertex 59.100000001490116 5.8 0
      vertex 59.100000001490116 0.9000000014901162 14.8
    endloop
  endfacet
  facet normal 1 0 0
    outer loop
      vertex 61.100000001490116 0.8 0
      vertex 61.100000001490116 5.699999998509884 0
      vertex 61.100000001490116 0.8 14.8
    endloop
  endfacet
  facet normal 1 0 0
    outer loop
      vertex 63.100000001490116 0.9000000014901162 0
      vertex 63.100000001490116 5.8 0
      vertex 63.100000001490116 0.9000000014901162 14.8
    endloop
  endfacet
  facet normal 0 0 -1
    outer loop
      vertex 65.10000000149012 0.8 0
      vertex 64.89999999850988 0.9000000014901162 0
      vertex 65.10000000149012 5.699999998509884 0
    endloop
  endfacet
  facet normal 0 0 -1
    outer loop
      vertex 66.89999999850988 0.8 0
      vertex 66.89999999850988 5.699999998509884 0
      vertex 67.10000000149012 0.9000000014901162 0
    endloop
  endfacet
  facet normal 0 0 -1
    outer loop
      vertex 69.10000000149012 0.8 0
      vertex 68.89999999850988 0.9000000014901162 0
      vertex 69.10000000149012 5.699999998509884 0
    endloop
  endfacet
  facet normal 1 0 0
    outer loop
      vertex 65.10000000149012 0.8 0
      vertex 65.10000000149012 5.699999998509884 0
      vertex 65.10000000149012 0.8 14.8
    endloop
  endfacet
  facet normal 1 0 0
    outer loop
      vertex 67.10000000149012 0.9000000014901162 0
      vertex 67.10000000149012 5.8 0
      vertex 67.10000000149012 0.9000000014901162 14.8
    endloop
  endfacet
  facet normal 1 0 0
    outer loop
      vertex 69.10000000149012 0.8 0
      vertex 69.10000000149012 5.699999998509884 0
      vertex 69.10000000149012 0.8 14.8
    endloop
  endfacet
  facet normal -1 0 0
    outer loop
      vertex 58.899999998509884 0.8 0
      vertex 58.899999998509884 0.8 14.8
      vertex 58.899999998509884 5.699999998509884 14.8
    endloop
  endfacet
  facet normal -1 0 0
    outer loop
      vertex 60.899999998509884 0.9000000014901162 0
      vertex 60.899999998509884 0.9000000014901162 14.8
      vertex 60.899999998509884 5.8 14.8
    endloop
  endfacet
  facet normal -1 0 0
    outer loop
      vertex 62.899999998509884 0.8 0
      vertex 62.899999998509884 0.8 14.8
      vertex 62.899999998509884 5.699999998509884 14.8
    endloop
  endfacet
  facet normal 0 0 1
    outer loop
      vertex 58.899999998509884 0.8 14.8
      vertex 59.100000001490116 0.9000000014901162 14.8
      vertex 58.899999998509884 5.699999998509884 14.8
    endloop
  endfacet
  facet normal 0 0 1
    outer loop
      vertex 61.100000001490116 0.8 14.8
      vertex 61.100000001490116 5.699999998509884 14.8
      vertex 60.899999998509884 0.9000000014901162 14.8
    endloop
  endfacet
  facet normal 0 0 1
    outer loop
      vertex 62.899999998509884 0.8 14.8
      vertex 63.100000001490116 0.9000000014901162 14.8
      vertex 62.899999998509884 5.699999998509884 14.8
    endloop
  endfacet
  facet normal -1 0 0
    outer loop
      vertex 64.89999999850988 0.9000000014901162 0
      vertex 64.89999999850988 0.9000000014901162 14.8
      vertex 64.89999999850988 5.8 14.8
    endloop
  endfacet
  facet normal -1 0 0
    outer loop
      vertex 66.89999999850988 0.8 0
      vertex 66.89999999850988 0.8 14.8
      vertex 66.89999999850988 5.699999998509884 14.8
    endloop
  endfacet
  facet normal -1 0 0
    outer loop
      vertex 68.89999999850988 0.9000000014901162 0
      vertex 68.89999999850988 0.9000000014901162 14.8
      vertex 68.89999999850988 5.8 14.8
    endloop
  endfacet
  facet normal 0 0 1
    outer loop
      vertex 65.10000000149012 0.8 14.8
      vertex 65.10000000149012 5.699999998509884 14.8
      vertex 64.89999999850988 0.9000000014901162 14.8
    endloop
  endfacet
  facet normal 0 0 1
    outer loop
      vertex 66.89999999850988 0.8 14.8
      vertex 67.10000000149012 0.9000000014901162 14.8
      vertex 66.89999999850988 5.699999998509884 14.8
    endloop
  endfacet
  facet normal 0 0 1
    outer loop
      vertex 69.10000000149012 0.8 14.8
      vertex 69.10000000149012 5.699999998509884 14.8
      vertex 68.89999999850988 0.9000000014901162 14.8
    endloop
  endfacet
  facet normal 0 0 -1
    outer loop
      vertex 56.899999998509884 0.6999999985098839 0
      vertex 56.899999998509884 5.8 0
      vertex 57.100000001490116 5.699999998509884 0
    endloop
  endfacet
  facet normal -1 0 0
    outer loop
      vertex 56.899999998509884 0.6999999985098839 0
      vertex 56.899999998509884 5.8 14.8
      vertex 56.899999998509884 5.8 0
    endloop
  endfacet
  facet normal 1 0 0
    outer loop
      vertex 57.100000001490116 0.6999999985098839 14.8
      vertex 57.100000001490116 5.699999998509884 0
      vertex 57.100000001490116 5.699999998509884 14.8
    endloop
  endfacet
  facet normal 0 0 1
    outer loop
      vertex 56.899999998509884 0.6999999985098839 14.8
      vertex 57.100000001490116 5.699999998509884 14.8
      vertex 56.899999998509884 5.8 14.8
    endloop
  endfacet
  facet normal 0 0 -1
    outer loop
      vertex 57.100000001490116 5.699999998509884 0
      vertex 56.899999998509884 5.8 0
      vertex 56.900855511426926 5.8130526199936865 0
    endloop
  endfacet
  facet normal 0 0 -1
    outer loop
      vertex 57.100000001490116 5.699999998509884 0
      vertex 56.900855511426926 5.8130526199936865 0
      vertex 56.90340741723776 5.8258819013834 0
    endloop
  endfacet
  facet normal 0 0 -1
    outer loop
      vertex 57.100000001490116 5.699999998509884 0
      vertex 56.90340741723776 5.8258819013834 0
      vertex 56.907612048089504 5.838268342614174 0
    endloop
  endfacet
  facet normal 0 0 -1
    outer loop
      vertex 57.100000001490116 5.699999998509884 0
      vertex 56.907612048089504 5.838268342614174 0
      vertex 56.91339746117592 5.849999997019768 0
    endloop
  endfacet
  facet normal 0 0 -1
    outer loop
      vertex 57.100000001490116 5.699999998509884 0
      vertex 56.91339746117592 5.849999997019768 0
      vertex 56.92066466808319 5.8608761459589 0
    endloop
  endfacet
  facet normal 0 0 -1
    outer loop
      vertex 57.100000001490116 5.699999998509884 0
      vertex 56.92066466808319 5.8608761459589 0
      vertex 56.92928931862116 5.870710681378841 0
    endloop
  endfacet
  facet normal 0 0 -1
    outer loop
      vertex 57.100000001490116 5.699999998509884 0
      vertex 56.92928931862116 5.870710681378841 0
      vertex 56.9391238540411 5.879335331916809 0
    endloop
  endfacet
  facet normal 0 0 -1
    outer loop
      vertex 57.100000001490116 5.699999998509884 0
      vertex 56.9391238540411 5.879335331916809 0
      vertex 56.95000000298023 5.886602538824081 0
    endloop
  endfacet
  facet normal 0 0 -1
    outer loop
      vertex 57.100000001490116 5.699999998509884 0
      vertex 56.95000000298023 5.886602538824081 0
      vertex 56.961731657385826 5.892387951910496 0
    endloop
  endfacet
  facet normal 0 0 -1
    outer loop
      vertex 57.100000001490116 5.699999998509884 0
      vertex 56.961731657385826 5.892387951910496 0
      vertex 56.9741180986166 5.896592582762241 0
    endloop
  endfacet
  facet normal 0 0 -1
    outer loop
      vertex 57.100000001490116 5.699999998509884 0
      vertex 56.9741180986166 5.896592582762241 0
      vertex 56.98694738000631 5.899144488573074 0
    endloop
  endfacet
  facet normal 0 0 -1
    outer loop
      vertex 57.100000001490116 5.699999998509884 0
      vertex 56.98694738000631 5.899144488573074 0
      vertex 57 5.900000001490116 0
    endloop
  endfacet
  facet normal 0 0 -1
    outer loop
      vertex 57.100000001490116 5.699999998509884 0
      vertex 57 5.900000001490116 0
      vertex 59 5.900000001490116 0
    endloop
  endfacet
  facet normal -0.9978589282087154 0.06540305340084453 0
    outer loop
      vertex 56.899999998509884 5.8 0
      vertex 56.900855511426926 5.8130526199936865 14.8
      vertex 56.900855511426926 5.8130526199936865 0
    endloop
  endfacet
  facet normal 0 -1 0
    outer loop
      vertex 57.100000001490116 5.699999998509884 0
      vertex 58.899999998509884 5.699999998509884 0
      vertex 57.100000001490116 5.699999998509884 14.8
    endloop
  endfacet
  facet normal -0.9807852353811589 0.19509054835722983 0
    outer loop
      vertex 56.900855511426926 5.8130526199936865 0
      vertex 56.90340741723776 5.8258819013834 14.8
      vertex 56.90340741723776 5.8258819013834 0
    endloop
  endfacet
  facet normal -0.946930114979577 0.32143950806452687 0
    outer loop
      vertex 56.90340741723776 5.8258819013834 0
      vertex 56.907612048089504 5.838268342614174 14.8
      vertex 56.907612048089504 5.838268342614174 0
    endloop
  endfacet
  facet normal -0.8968726997891344 0.44228877486654466 0
    outer loop
      vertex 56.907612048089504 5.838268342614174 0
      vertex 56.91339746117592 5.849999997019768 14.8
      vertex 56.91339746117592 5.849999997019768 0
    endloop
  endfacet
  facet normal -0.8314697350809236 0.5555700492687295 0
    outer loop
      vertex 56.91339746117592 5.849999997019768 0
      vertex 56.92066466808319 5.8608761459589 14.8
      vertex 56.92066466808319 5.8608761459589 0
    endloop
  endfacet
  facet normal -0.7518400178018776 0.6593455752726884 0
    outer loop
      vertex 56.92066466808319 5.8608761459589 0
      vertex 56.92928931862116 5.870710681378841 14.8
      vertex 56.92928931862116 5.870710681378841 0
    endloop
  endfacet
  facet normal -0.6593455752726884 0.7518400178018776 0
    outer loop
      vertex 56.92928931862116 5.870710681378841 0
      vertex 56.9391238540411 5.879335331916809 14.8
      vertex 56.9391238540411 5.879335331916809 0
    endloop
  endfacet
  facet normal -0.5555700492687295 0.8314697350809236 0
    outer loop
      vertex 56.9391238540411 5.879335331916809 0
      vertex 56.95000000298023 5.886602538824081 14.8
      vertex 56.95000000298023 5.886602538824081 0
    endloop
  endfacet
  facet normal -0.44228877486654466 0.8968726997891344 0
    outer loop
      vertex 56.95000000298023 5.886602538824081 0
      vertex 56.961731657385826 5.892387951910496 14.8
      vertex 56.961731657385826 5.892387951910496 0
    endloop
  endfacet
  facet normal -0.32143950806452687 0.946930114979577 0
    outer loop
      vertex 56.961731657385826 5.892387951910496 0
      vertex 56.9741180986166 5.896592582762241 14.8
      vertex 56.9741180986166 5.896592582762241 0
    endloop
  endfacet
  facet normal -0.06540305340084453 0.9978589282087154 0
    outer loop
      vertex 57 5.900000001490116 0
      vertex 56.98694738000631 5.899144488573074 0
      vertex 57 5.900000001490116 14.8
    endloop
  endfacet
  facet normal -0.19509054835722983 0.9807852353811589 0
    outer loop
      vertex 56.9741180986166 5.896592582762241 0
      vertex 56.98694738000631 5.899144488573074 14.8
      vertex 56.98694738000631 5.899144488573074 0
    endloop
  endfacet
  facet normal -0.9978589282087154 0.06540305340084453 0
    outer loop
      vertex 56.899999998509884 5.8 0
      vertex 56.899999998509884 5.8 14.8
      vertex 56.900855511426926 5.8130526199936865 14.8
    endloop
  endfacet
  facet normal -0.9807852353811589 0.19509054835722983 0
    outer loop
      vertex 56.900855511426926 5.8130526199936865 0
      vertex 56.900855511426926 5.8130526199936865 14.8
      vertex 56.90340741723776 5.8258819013834 14.8
    endloop
  endfacet
  facet normal -0.946930114979577 0.32143950806452687 0
    outer loop
      vertex 56.90340741723776 5.8258819013834 0
      vertex 56.90340741723776 5.8258819013834 14.8
      vertex 56.907612048089504 5.838268342614174 14.8
    endloop
  endfacet
  facet normal -0.8968726997891344 0.44228877486654466 0
    outer loop
      vertex 56.907612048089504 5.838268342614174 0
      vertex 56.907612048089504 5.838268342614174 14.8
      vertex 56.91339746117592 5.849999997019768 14.8
    endloop
  endfacet
  facet normal -0.8314697350809236 0.5555700492687295 0
    outer loop
      vertex 56.91339746117592 5.849999997019768 0
      vertex 56.91339746117592 5.849999997019768 14.8
      vertex 56.92066466808319 5.8608761459589 14.8
    endloop
  endfacet
  facet normal -0.7518400178018776 0.6593455752726884 0
    outer loop
      vertex 56.92066466808319 5.8608761459589 0
      vertex 56.92066466808319 5.8608761459589 14.8
      vertex 56.92928931862116 5.870710681378841 14.8
    endloop
  endfacet
  facet normal -0.6593455752726884 0.7518400178018776 0
    outer loop
      vertex 56.92928931862116 5.870710681378841 0
      vertex 56.92928931862116 5.870710681378841 14.8
      vertex 56.9391238540411 5.879335331916809 14.8
    endloop
  endfacet
  facet normal -0.5555700492687295 0.8314697350809236 0
    outer loop
      vertex 56.9391238540411 5.879335331916809 0
      vertex 56.9391238540411 5.879335331916809 14.8
      vertex 56.95000000298023 5.886602538824081 14.8
    endloop
  endfacet
  facet normal -0.44228877486654466 0.8968726997891344 0
    outer loop
      vertex 56.95000000298023 5.886602538824081 0
      vertex 56.95000000298023 5.886602538824081 14.8
      vertex 56.961731657385826 5.892387951910496 14.8
    endloop
  endfacet
  facet normal -0.32143950806452687 0.946930114979577 0
    outer loop
      vertex 56.961731657385826 5.892387951910496 0
      vertex 56.961731657385826 5.892387951910496 14.8
      vertex 56.9741180986166 5.896592582762241 14.8
    endloop
  endfacet
  facet normal -0.19509054835722983 0.9807852353811589 0
    outer loop
      vertex 56.9741180986166 5.896592582762241 0
      vertex 56.9741180986166 5.896592582762241 14.8
      vertex 56.98694738000631 5.899144488573074 14.8
    endloop
  endfacet
  facet normal -0.06540305340084453 0.9978589282087154 0
    outer loop
      vertex 56.98694738000631 5.899144488573074 0
      vertex 56.98694738000631 5.899144488573074 14.8
      vertex 57 5.900000001490116 14.8
    endloop
  endfacet
  facet normal 0 1 0
    outer loop
      vertex 57 5.900000001490116 0
      vertex 57 5.900000001490116 14.8
      vertex 59 5.900000001490116 14.8
    endloop
  endfacet
  facet normal 0 0 1
    outer loop
      vertex 57.100000001490116 5.699999998509884 14.8
      vertex 56.900855511426926 5.8130526199936865 14.8
      vertex 56.899999998509884 5.8 14.8
    endloop
  endfacet
  facet normal 0 0 1
    outer loop
      vertex 57.100000001490116 5.699999998509884 14.8
      vertex 56.90340741723776 5.8258819013834 14.8
      vertex 56.900855511426926 5.8130526199936865 14.8
    endloop
  endfacet
  facet normal 0 0 1
    outer loop
      vertex 57.100000001490116 5.699999998509884 14.8
      vertex 56.907612048089504 5.838268342614174 14.8
      vertex 56.90340741723776 5.8258819013834 14.8
    endloop
  endfacet
  facet normal 0 0 1
    outer loop
      vertex 57.100000001490116 5.699999998509884 14.8
      vertex 56.91339746117592 5.849999997019768 14.8
      vertex 56.907612048089504 5.838268342614174 14.8
    endloop
  endfacet
  facet normal 0 0 1
    outer loop
      vertex 57.100000001490116 5.699999998509884 14.8
      vertex 56.92066466808319 5.8608761459589 14.8
      vertex 56.91339746117592 5.849999997019768 14.8
    endloop
  endfacet
  facet normal 0 0 1
    outer loop
      vertex 57.100000001490116 5.699999998509884 14.8
      vertex 56.92928931862116 5.870710681378841 14.8
      vertex 56.92066466808319 5.8608761459589 14.8
    endloop
  endfacet
  facet normal 0 0 1
    outer loop
      vertex 57.100000001490116 5.699999998509884 14.8
      vertex 56.9391238540411 5.879335331916809 14.8
      vertex 56.92928931862116 5.870710681378841 14.8
    endloop
  endfacet
  facet normal 0 0 1
    outer loop
      vertex 57.100000001490116 5.699999998509884 14.8
      vertex 56.95000000298023 5.886602538824081 14.8
      vertex 56.9391238540411 5.879335331916809 14.8
    endloop
  endfacet
  facet normal 0 0 1
    outer loop
      vertex 57.100000001490116 5.699999998509884 14.8
      vertex 56.961731657385826 5.892387951910496 14.8
      vertex 56.95000000298023 5.886602538824081 14.8
    endloop
  endfacet
  facet normal 0 0 1
    outer loop
      vertex 57.100000001490116 5.699999998509884 14.8
      vertex 56.9741180986166 5.896592582762241 14.8
      vertex 56.961731657385826 5.892387951910496 14.8
    endloop
  endfacet
  facet normal 0 0 1
    outer loop
      vertex 57.100000001490116 5.699999998509884 14.8
      vertex 56.98694738000631 5.899144488573074 14.8
      vertex 56.9741180986166 5.896592582762241 14.8
    endloop
  endfacet
  facet normal 0 0 1
    outer loop
      vertex 57.100000001490116 5.699999998509884 14.8
      vertex 57 5.900000001490116 14.8
      vertex 56.98694738000631 5.899144488573074 14.8
    endloop
  endfacet
  facet normal 0 0 1
    outer loop
      vertex 57.100000001490116 5.699999998509884 14.8
      vertex 59 5.900000001490116 14.8
      vertex 57 5.900000001490116 14.8
    endloop
  endfacet
  facet normal 0 0 -1
    outer loop
      vertex 59.100000001490116 0.9000000014901162 0
      vertex 58.899999998509884 5.699999998509884 0
      vertex 59.100000001490116 5.8 0
    endloop
  endfacet
  facet normal 0 0 -1
    outer loop
      vertex 60.899999998509884 0.9000000014901162 0
      vertex 60.899999998509884 5.8 0
      vertex 61.100000001490116 5.699999998509884 0
    endloop
  endfacet
  facet normal 0 0 -1
    outer loop
      vertex 63.100000001490116 0.9000000014901162 0
      vertex 62.899999998509884 5.699999998509884 0
      vertex 63.100000001490116 5.8 0
    endloop
  endfacet
  facet normal -1 0 0
    outer loop
      vertex 58.899999998509884 0.8 0
      vertex 58.899999998509884 5.699999998509884 14.8
      vertex 58.899999998509884 5.699999998509884 0
    endloop
  endfacet
  facet normal -1 0 0
    outer loop
      vertex 60.899999998509884 0.9000000014901162 0
      vertex 60.899999998509884 5.8 14.8
      vertex 60.899999998509884 5.8 0
    endloop
  endfacet
  facet normal -1 0 0
    outer loop
      vertex 62.899999998509884 0.8 0
      vertex 62.899999998509884 5.699999998509884 14.8
      vertex 62.899999998509884 5.699999998509884 0
    endloop
  endfacet
  facet normal 0 0 -1
    outer loop
      vertex 64.89999999850988 0.9000000014901162 0
      vertex 64.89999999850988 5.8 0
      vertex 65.10000000149012 5.699999998509884 0
    endloop
  endfacet
  facet normal 0 0 -1
    outer loop
      vertex 67.10000000149012 0.9000000014901162 0
      vertex 66.89999999850988 5.699999998509884 0
      vertex 67.10000000149012 5.8 0
    endloop
  endfacet
  facet normal 0 0 -1
    outer loop
      vertex 68.89999999850988 0.9000000014901162 0
      vertex 68.89999999850988 5.8 0
      vertex 69.10000000149012 5.699999998509884 0
    endloop
  endfacet
  facet normal -1 0 0
    outer loop
      vertex 66.89999999850988 0.8 0
      vertex 66.89999999850988 5.699999998509884 14.8
      vertex 66.89999999850988 5.699999998509884 0
    endloop
  endfacet
  facet normal -1 0 0
    outer loop
      vertex 64.89999999850988 0.9000000014901162 0
      vertex 64.89999999850988 5.8 14.8
      vertex 64.89999999850988 5.8 0
    endloop
  endfacet
  facet normal -1 0 0
    outer loop
      vertex 68.89999999850988 0.9000000014901162 0
      vertex 68.89999999850988 5.8 14.8
      vertex 68.89999999850988 5.8 0
    endloop
  endfacet
  facet normal 1 0 0
    outer loop
      vertex 61.100000001490116 0.8 14.8
      vertex 61.100000001490116 5.699999998509884 0
      vertex 61.100000001490116 5.699999998509884 14.8
    endloop
  endfacet
  facet normal 1 0 0
    outer loop
      vertex 59.100000001490116 0.9000000014901162 14.8
      vertex 59.100000001490116 5.8 0
      vertex 59.100000001490116 5.8 14.8
    endloop
  endfacet
  facet normal 1 0 0
    outer loop
      vertex 63.100000001490116 0.9000000014901162 14.8
      vertex 63.100000001490116 5.8 0
      vertex 63.100000001490116 5.8 14.8
    endloop
  endfacet
  facet normal 0 0 1
    outer loop
      vertex 59.100000001490116 0.9000000014901162 14.8
      vertex 59.100000001490116 5.8 14.8
      vertex 58.899999998509884 5.699999998509884 14.8
    endloop
  endfacet
  facet normal 0 0 1
    outer loop
      vertex 60.899999998509884 0.9000000014901162 14.8
      vertex 61.100000001490116 5.699999998509884 14.8
      vertex 60.899999998509884 5.8 14.8
    endloop
  endfacet
  facet normal 0 0 1
    outer loop
      vertex 63.100000001490116 0.9000000014901162 14.8
      vertex 63.100000001490116 5.8 14.8
      vertex 62.899999998509884 5.699999998509884 14.8
    endloop
  endfacet
  facet normal 1 0 0
    outer loop
      vertex 65.10000000149012 0.8 14.8
      vertex 65.10000000149012 5.699999998509884 0
      vertex 65.10000000149012 5.699999998509884 14.8
    endloop
  endfacet
  facet normal 1 0 0
    outer loop
      vertex 69.10000000149012 0.8 14.8
      vertex 69.10000000149012 5.699999998509884 0
      vertex 69.10000000149012 5.699999998509884 14.8
    endloop
  endfacet
  facet normal 1 0 0
    outer loop
      vertex 67.10000000149012 0.9000000014901162 14.8
      vertex 67.10000000149012 5.8 0
      vertex 67.10000000149012 5.8 14.8
    endloop
  endfacet
  facet normal 0 0 1
    outer loop
      vertex 64.89999999850988 0.9000000014901162 14.8
      vertex 65.10000000149012 5.699999998509884 14.8
      vertex 64.89999999850988 5.8 14.8
    endloop
  endfacet
  facet normal 0 0 1
    outer loop
      vertex 67.10000000149012 0.9000000014901162 14.8
      vertex 67.10000000149012 5.8 14.8
      vertex 66.89999999850988 5.699999998509884 14.8
    endloop
  endfacet
  facet normal 0 0 1
    outer loop
      vertex 68.89999999850988 0.9000000014901162 14.8
      vertex 69.10000000149012 5.699999998509884 14.8
      vertex 68.89999999850988 5.8 14.8
    endloop
  endfacet
  facet normal 0 0 -1
    outer loop
      vertex 57.100000001490116 5.699999998509884 0
      vertex 59 5.900000001490116 0
      vertex 58.899999998509884 5.699999998509884 0
    endloop
  endfacet
  facet normal 0 0 -1
    outer loop
      vertex 58.899999998509884 5.699999998509884 0
      vertex 59.099144488573074 5.8130526199936865 0
      vertex 59.100000001490116 5.8 0
    endloop
  endfacet
  facet normal 0 0 -1
    outer loop
      vertex 58.899999998509884 5.699999998509884 0
      vertex 59.09659258276224 5.8258819013834 0
      vertex 59.099144488573074 5.8130526199936865 0
    endloop
  endfacet
  facet normal 0 0 -1
    outer loop
      vertex 58.899999998509884 5.699999998509884 0
      vertex 59.092387951910496 5.838268342614174 0
      vertex 59.09659258276224 5.8258819013834 0
    endloop
  endfacet
  facet normal 0 0 -1
    outer loop
      vertex 58.899999998509884 5.699999998509884 0
      vertex 59.07071068137884 5.870710681378841 0
      vertex 59.07933533191681 5.8608761459589 0
    endloop
  endfacet
  facet normal 0 0 -1
    outer loop
      vertex 58.899999998509884 5.699999998509884 0
      vertex 59.08660253882408 5.849999997019768 0
      vertex 59.092387951910496 5.838268342614174 0
    endloop
  endfacet
  facet normal 0 0 -1
    outer loop
      vertex 58.899999998509884 5.699999998509884 0
      vertex 59.07933533191681 5.8608761459589 0
      vertex 59.08660253882408 5.849999997019768 0
    endloop
  endfacet
  facet normal 0 0 -1
    outer loop
      vertex 58.899999998509884 5.699999998509884 0
      vertex 59.0608761459589 5.879335331916809 0
      vertex 59.07071068137884 5.870710681378841 0
    endloop
  endfacet
  facet normal 0 0 -1
    outer loop
      vertex 58.899999998509884 5.699999998509884 0
      vertex 59.04999999701977 5.886602538824081 0
      vertex 59.0608761459589 5.879335331916809 0
    endloop
  endfacet
  facet normal 0 0 -1
    outer loop
      vertex 58.899999998509884 5.699999998509884 0
      vertex 59 5.900000001490116 0
      vertex 59.01305261999369 5.899144488573074 0
    endloop
  endfacet
  facet normal 0 0 -1
    outer loop
      vertex 58.899999998509884 5.699999998509884 0
      vertex 59.01305261999369 5.899144488573074 0
      vertex 59.0258819013834 5.896592582762241 0
    endloop
  endfacet
  facet normal 0 0 -1
    outer loop
      vertex 58.899999998509884 5.699999998509884 0
      vertex 59.0258819013834 5.896592582762241 0
      vertex 59.038268342614174 5.892387951910496 0
    endloop
  endfacet
  facet normal 0 0 -1
    outer loop
      vertex 58.899999998509884 5.699999998509884 0
      vertex 59.038268342614174 5.892387951910496 0
      vertex 59.04999999701977 5.886602538824081 0
    endloop
  endfacet
  facet normal 0 0 -1
    outer loop
      vertex 61.100000001490116 5.699999998509884 0
      vertex 60.899999998509884 5.8 0
      vertex 60.900855511426926 5.8130526199936865 0
    endloop
  endfacet
  facet normal 0 0 -1
    outer loop
      vertex 61.100000001490116 5.699999998509884 0
      vertex 60.900855511426926 5.8130526199936865 0
      vertex 60.90340741723776 5.8258819013834 0
    endloop
  endfacet
  facet normal 0 0 -1
    outer loop
      vertex 61.100000001490116 5.699999998509884 0
      vertex 60.90340741723776 5.8258819013834 0
      vertex 60.907612048089504 5.838268342614174 0
    endloop
  endfacet
  facet normal 0 0 -1
    outer loop
      vertex 61.100000001490116 5.699999998509884 0
      vertex 60.907612048089504 5.838268342614174 0
      vertex 60.91339746117592 5.849999997019768 0
    endloop
  endfacet
  facet normal 0 0 -1
    outer loop
      vertex 61.100000001490116 5.699999998509884 0
      vertex 60.91339746117592 5.849999997019768 0
      vertex 60.92066466808319 5.8608761459589 0
    endloop
  endfacet
  facet normal 0 0 -1
    outer loop
      vertex 61.100000001490116 5.699999998509884 0
      vertex 60.92066466808319 5.8608761459589 0
      vertex 60.92928931862116 5.870710681378841 0
    endloop
  endfacet
  facet normal 0 0 -1
    outer loop
      vertex 61.100000001490116 5.699999998509884 0
      vertex 60.92928931862116 5.870710681378841 0
      vertex 60.9391238540411 5.879335331916809 0
    endloop
  endfacet
  facet normal 0 0 -1
    outer loop
      vertex 61.100000001490116 5.699999998509884 0
      vertex 60.9391238540411 5.879335331916809 0
      vertex 60.95000000298023 5.886602538824081 0
    endloop
  endfacet
  facet normal 0 0 -1
    outer loop
      vertex 61.100000001490116 5.699999998509884 0
      vertex 60.95000000298023 5.886602538824081 0
      vertex 60.961731657385826 5.892387951910496 0
    endloop
  endfacet
  facet normal 0 0 -1
    outer loop
      vertex 61.100000001490116 5.699999998509884 0
      vertex 60.961731657385826 5.892387951910496 0
      vertex 60.9741180986166 5.896592582762241 0
    endloop
  endfacet
  facet normal 0 0 -1
    outer loop
      vertex 61.100000001490116 5.699999998509884 0
      vertex 60.9741180986166 5.896592582762241 0
      vertex 60.98694738000631 5.899144488573074 0
    endloop
  endfacet
  facet normal 0 0 -1
    outer loop
      vertex 61.100000001490116 5.699999998509884 0
      vertex 60.98694738000631 5.899144488573074 0
      vertex 61 5.900000001490116 0
    endloop
  endfacet
  facet normal 0 0 -1
    outer loop
      vertex 61.100000001490116 5.699999998509884 0
      vertex 63 5.900000001490116 0
      vertex 62.899999998509884 5.699999998509884 0
    endloop
  endfacet
  facet normal 0 0 -1
    outer loop
      vertex 61.100000001490116 5.699999998509884 0
      vertex 61 5.900000001490116 0
      vertex 63 5.900000001490116 0
    endloop
  endfacet
  facet normal 0 0 -1
    outer loop
      vertex 62.899999998509884 5.699999998509884 0
      vertex 63.099144488573074 5.8130526199936865 0
      vertex 63.100000001490116 5.8 0
    endloop
  endfacet
  facet normal 0 0 -1
    outer loop
      vertex 62.899999998509884 5.699999998509884 0
      vertex 63.09659258276224 5.8258819013834 0
      vertex 63.099144488573074 5.8130526199936865 0
    endloop
  endfacet
  facet normal 0 0 -1
    outer loop
      vertex 62.899999998509884 5.699999998509884 0
      vertex 63.092387951910496 5.838268342614174 0
      vertex 63.09659258276224 5.8258819013834 0
    endloop
  endfacet
  facet normal 0 0 -1
    outer loop
      vertex 62.899999998509884 5.699999998509884 0
      vertex 63.07071068137884 5.870710681378841 0
      vertex 63.07933533191681 5.8608761459589 0
    endloop
  endfacet
  facet normal 0 0 -1
    outer loop
      vertex 62.899999998509884 5.699999998509884 0
      vertex 63.08660253882408 5.849999997019768 0
      vertex 63.092387951910496 5.838268342614174 0
    endloop
  endfacet
  facet normal 0 0 -1
    outer loop
      vertex 62.899999998509884 5.699999998509884 0
      vertex 63.07933533191681 5.8608761459589 0
      vertex 63.08660253882408 5.849999997019768 0
    endloop
  endfacet
  facet normal 0 0 -1
    outer loop
      vertex 62.899999998509884 5.699999998509884 0
      vertex 63.0608761459589 5.879335331916809 0
      vertex 63.07071068137884 5.870710681378841 0
    endloop
  endfacet
  facet normal 0 0 -1
    outer loop
      vertex 62.899999998509884 5.699999998509884 0
      vertex 63.04999999701977 5.886602538824081 0
      vertex 63.0608761459589 5.879335331916809 0
    endloop
  endfacet
  facet normal 0 0 -1
    outer loop
      vertex 62.899999998509884 5.699999998509884 0
      vertex 63.038268342614174 5.892387951910496 0
      vertex 63.04999999701977 5.886602538824081 0
    endloop
  endfacet
  facet normal 0 0 -1
    outer loop
      vertex 62.899999998509884 5.699999998509884 0
      vertex 63 5.900000001490116 0
      vertex 63.01305261999369 5.899144488573074 0
    endloop
  endfacet
  facet normal 0 0 -1
    outer loop
      vertex 62.899999998509884 5.699999998509884 0
      vertex 63.01305261999369 5.899144488573074 0
      vertex 63.0258819013834 5.896592582762241 0
    endloop
  endfacet
  facet normal 0 0 -1
    outer loop
      vertex 62.899999998509884 5.699999998509884 0
      vertex 63.0258819013834 5.896592582762241 0
      vertex 63.038268342614174 5.892387951910496 0
    endloop
  endfacet
  facet normal 0.9978589282087154 0.06540305340084453 0
    outer loop
      vertex 59.100000001490116 5.8 0
      vertex 59.099144488573074 5.8130526199936865 0
      vertex 59.100000001490116 5.8 14.8
    endloop
  endfacet
  facet normal 0 1 0
    outer loop
      vertex 57 5.900000001490116 0
      vertex 59 5.900000001490116 14.8
      vertex 59 5.900000001490116 0
    endloop
  endfacet
  facet normal 0.9807852353811589 0.19509054835722983 0
    outer loop
      vertex 59.099144488573074 5.8130526199936865 0
      vertex 59.09659258276224 5.8258819013834 0
      vertex 59.099144488573074 5.8130526199936865 14.8
    endloop
  endfacet
  facet normal 0.946930114979577 0.32143950806452687 0
    outer loop
      vertex 59.09659258276224 5.8258819013834 0
      vertex 59.092387951910496 5.838268342614174 0
      vertex 59.09659258276224 5.8258819013834 14.8
    endloop
  endfacet
  facet normal 0.8968726997891344 0.44228877486654466 0
    outer loop
      vertex 59.092387951910496 5.838268342614174 0
      vertex 59.08660253882408 5.849999997019768 0
      vertex 59.092387951910496 5.838268342614174 14.8
    endloop
  endfacet
  facet normal 0.8314697350809236 0.5555700492687295 0
    outer loop
      vertex 59.08660253882408 5.849999997019768 0
      vertex 59.07933533191681 5.8608761459589 0
      vertex 59.08660253882408 5.849999997019768 14.8
    endloop
  endfacet
  facet normal 0.7518400178018776 0.6593455752726884 0
    outer loop
      vertex 59.07933533191681 5.8608761459589 0
      vertex 59.07071068137884 5.870710681378841 0
      vertex 59.07933533191681 5.8608761459589 14.8
    endloop
  endfacet
  facet normal 0.6593455752726884 0.7518400178018776 0
    outer loop
      vertex 59.07071068137884 5.870710681378841 0
      vertex 59.0608761459589 5.879335331916809 0
      vertex 59.07071068137884 5.870710681378841 14.8
    endloop
  endfacet
  facet normal 0.5555700492687295 0.8314697350809236 0
    outer loop
      vertex 59.0608761459589 5.879335331916809 0
      vertex 59.04999999701977 5.886602538824081 0
      vertex 59.0608761459589 5.879335331916809 14.8
    endloop
  endfacet
  facet normal 0.06540305340084453 0.9978589282087154 0
    outer loop
      vertex 59.01305261999369 5.899144488573074 0
      vertex 59 5.900000001490116 0
      vertex 59.01305261999369 5.899144488573074 14.8
    endloop
  endfacet
  facet normal 0.44228877486654466 0.8968726997891344 0
    outer loop
      vertex 59.038268342614174 5.892387951910496 0
      vertex 59.04999999701977 5.886602538824081 14.8
      vertex 59.04999999701977 5.886602538824081 0
    endloop
  endfacet
  facet normal 0.32143950806452687 0.946930114979577 0
    outer loop
      vertex 59.038268342614174 5.892387951910496 0
      vertex 59.0258819013834 5.896592582762241 0
      vertex 59.038268342614174 5.892387951910496 14.8
    endloop
  endfacet
  facet normal 0.19509054835722983 0.9807852353811589 0
    outer loop
      vertex 59.01305261999369 5.899144488573074 0
      vertex 59.0258819013834 5.896592582762241 14.8
      vertex 59.0258819013834 5.896592582762241 0
    endloop
  endfacet
  facet normal -0.9978589282087154 0.06540305340084453 0
    outer loop
      vertex 60.899999998509884 5.8 0
      vertex 60.900855511426926 5.8130526199936865 14.8
      vertex 60.900855511426926 5.8130526199936865 0
    endloop
  endfacet
  facet normal -0.9807852353811589 0.19509054835722983 0
    outer loop
      vertex 60.900855511426926 5.8130526199936865 0
      vertex 60.90340741723776 5.8258819013834 14.8
      vertex 60.90340741723776 5.8258819013834 0
    endloop
  endfacet
  facet normal -0.946930114979577 0.32143950806452687 0
    outer loop
      vertex 60.90340741723776 5.8258819013834 0
      vertex 60.907612048089504 5.838268342614174 14.8
      vertex 60.907612048089504 5.838268342614174 0
    endloop
  endfacet
  facet normal -0.8968726997891344 0.44228877486654466 0
    outer loop
      vertex 60.907612048089504 5.838268342614174 0
      vertex 60.91339746117592 5.849999997019768 14.8
      vertex 60.91339746117592 5.849999997019768 0
    endloop
  endfacet
  facet normal -0.8314697350809236 0.5555700492687295 0
    outer loop
      vertex 60.91339746117592 5.849999997019768 0
      vertex 60.92066466808319 5.8608761459589 14.8
      vertex 60.92066466808319 5.8608761459589 0
    endloop
  endfacet
  facet normal -0.7518400178018776 0.6593455752726884 0
    outer loop
      vertex 60.92066466808319 5.8608761459589 0
      vertex 60.92928931862116 5.870710681378841 14.8
      vertex 60.92928931862116 5.870710681378841 0
    endloop
  endfacet
  facet normal -0.6593455752726884 0.7518400178018776 0
    outer loop
      vertex 60.92928931862116 5.870710681378841 0
      vertex 60.9391238540411 5.879335331916809 14.8
      vertex 60.9391238540411 5.879335331916809 0
    endloop
  endfacet
  facet normal -0.5555700492687295 0.8314697350809236 0
    outer loop
      vertex 60.9391238540411 5.879335331916809 0
      vertex 60.95000000298023 5.886602538824081 14.8
      vertex 60.95000000298023 5.886602538824081 0
    endloop
  endfacet
  facet normal -0.44228877486654466 0.8968726997891344 0
    outer loop
      vertex 60.95000000298023 5.886602538824081 0
      vertex 60.961731657385826 5.892387951910496 14.8
      vertex 60.961731657385826 5.892387951910496 0
    endloop
  endfacet
  facet normal -0.32143950806452687 0.946930114979577 0
    outer loop
      vertex 60.961731657385826 5.892387951910496 0
      vertex 60.9741180986166 5.896592582762241 14.8
      vertex 60.9741180986166 5.896592582762241 0
    endloop
  endfacet
  facet normal -0.06540305340084453 0.9978589282087154 0
    outer loop
      vertex 61 5.900000001490116 0
      vertex 60.98694738000631 5.899144488573074 0
      vertex 61 5.900000001490116 14.8
    endloop
  endfacet
  facet normal -0.19509054835722983 0.9807852353811589 0
    outer loop
      vertex 60.9741180986166 5.896592582762241 0
      vertex 60.98694738000631 5.899144488573074 14.8
      vertex 60.98694738000631 5.899144488573074 0
    endloop
  endfacet
  facet normal 0 -1 0
    outer loop
      vertex 61.100000001490116 5.699999998509884 0
      vertex 62.899999998509884 5.699999998509884 0
      vertex 61.100000001490116 5.699999998509884 14.8
    endloop
  endfacet
  facet normal 0 1 0
    outer loop
      vertex 61 5.900000001490116 0
      vertex 63 5.900000001490116 14.8
      vertex 63 5.900000001490116 0
    endloop
  endfacet
  facet normal 0.9978589282087154 0.06540305340084453 0
    outer loop
      vertex 63.100000001490116 5.8 0
      vertex 63.099144488573074 5.8130526199936865 0
      vertex 63.100000001490116 5.8 14.8
    endloop
  endfacet
  facet normal 0.9807852353811589 0.19509054835722983 0
    outer loop
      vertex 63.099144488573074 5.8130526199936865 0
      vertex 63.09659258276224 5.8258819013834 0
      vertex 63.099144488573074 5.8130526199936865 14.8
    endloop
  endfacet
  facet normal 0.946930114979577 0.32143950806452687 0
    outer loop
      vertex 63.09659258276224 5.8258819013834 0
      vertex 63.092387951910496 5.838268342614174 0
      vertex 63.09659258276224 5.8258819013834 14.8
    endloop
  endfacet
  facet normal 0.8968726997891344 0.44228877486654466 0
    outer loop
      vertex 63.092387951910496 5.838268342614174 0
      vertex 63.08660253882408 5.849999997019768 0
      vertex 63.092387951910496 5.838268342614174 14.8
    endloop
  endfacet
  facet normal 0.8314697350809236 0.5555700492687295 0
    outer loop
      vertex 63.08660253882408 5.849999997019768 0
      vertex 63.07933533191681 5.8608761459589 0
      vertex 63.08660253882408 5.849999997019768 14.8
    endloop
  endfacet
  facet normal 0.7518400178018776 0.6593455752726884 0
    outer loop
      vertex 63.07933533191681 5.8608761459589 0
      vertex 63.07071068137884 5.870710681378841 0
      vertex 63.07933533191681 5.8608761459589 14.8
    endloop
  endfacet
  facet normal 0.6593455752726884 0.7518400178018776 0
    outer loop
      vertex 63.0608761459589 5.879335331916809 0
      vertex 63.07071068137884 5.870710681378841 14.8
      vertex 63.07071068137884 5.870710681378841 0
    endloop
  endfacet
  facet normal 0.5555700492687295 0.8314697350809236 0
    outer loop
      vertex 63.0608761459589 5.879335331916809 0
      vertex 63.04999999701977 5.886602538824081 0
      vertex 63.0608761459589 5.879335331916809 14.8
    endloop
  endfacet
  facet normal 0.06540305340084453 0.9978589282087154 0
    outer loop
      vertex 63.01305261999369 5.899144488573074 0
      vertex 63 5.900000001490116 0
      vertex 63.01305261999369 5.899144488573074 14.8
    endloop
  endfacet
  facet normal 0.44228877486654466 0.8968726997891344 0
    outer loop
      vertex 63.04999999701977 5.886602538824081 0
      vertex 63.038268342614174 5.892387951910496 0
      vertex 63.04999999701977 5.886602538824081 14.8
    endloop
  endfacet
  facet normal 0.32143950806452687 0.946930114979577 0
    outer loop
      vertex 63.038268342614174 5.892387951910496 0
      vertex 63.0258819013834 5.896592582762241 0
      vertex 63.038268342614174 5.892387951910496 14.8
    endloop
  endfacet
  facet normal 0.19509054835722983 0.9807852353811589 0
    outer loop
      vertex 63.01305261999369 5.899144488573074 0
      vertex 63.0258819013834 5.896592582762241 14.8
      vertex 63.0258819013834 5.896592582762241 0
    endloop
  endfacet
  facet normal 0 0 -1
    outer loop
      vertex 65.10000000149012 5.699999998509884 0
      vertex 64.89999999850988 5.8 0
      vertex 64.90085551142693 5.8130526199936865 0
    endloop
  endfacet
  facet normal 0 0 -1
    outer loop
      vertex 65.10000000149012 5.699999998509884 0
      vertex 64.90085551142693 5.8130526199936865 0
      vertex 64.90340741723776 5.8258819013834 0
    endloop
  endfacet
  facet normal 0 0 -1
    outer loop
      vertex 65.10000000149012 5.699999998509884 0
      vertex 64.90340741723776 5.8258819013834 0
      vertex 64.9076120480895 5.838268342614174 0
    endloop
  endfacet
  facet normal 0 0 -1
    outer loop
      vertex 65.10000000149012 5.699999998509884 0
      vertex 64.9076120480895 5.838268342614174 0
      vertex 64.91339746117592 5.849999997019768 0
    endloop
  endfacet
  facet normal 0 0 -1
    outer loop
      vertex 65.10000000149012 5.699999998509884 0
      vertex 64.91339746117592 5.849999997019768 0
      vertex 64.92066466808319 5.8608761459589 0
    endloop
  endfacet
  facet normal 0 0 -1
    outer loop
      vertex 65.10000000149012 5.699999998509884 0
      vertex 64.92066466808319 5.8608761459589 0
      vertex 64.92928931862116 5.870710681378841 0
    endloop
  endfacet
  facet normal 0 0 -1
    outer loop
      vertex 65.10000000149012 5.699999998509884 0
      vertex 64.92928931862116 5.870710681378841 0
      vertex 64.9391238540411 5.879335331916809 0
    endloop
  endfacet
  facet normal 0 0 -1
    outer loop
      vertex 65.10000000149012 5.699999998509884 0
      vertex 64.9391238540411 5.879335331916809 0
      vertex 64.95000000298023 5.886602538824081 0
    endloop
  endfacet
  facet normal 0 0 -1
    outer loop
      vertex 65.10000000149012 5.699999998509884 0
      vertex 64.95000000298023 5.886602538824081 0
      vertex 64.96173165738583 5.892387951910496 0
    endloop
  endfacet
  facet normal 0 0 -1
    outer loop
      vertex 65.10000000149012 5.699999998509884 0
      vertex 64.96173165738583 5.892387951910496 0
      vertex 64.9741180986166 5.896592582762241 0
    endloop
  endfacet
  facet normal 0 0 -1
    outer loop
      vertex 65.10000000149012 5.699999998509884 0
      vertex 64.9741180986166 5.896592582762241 0
      vertex 64.98694738000631 5.899144488573074 0
    endloop
  endfacet
  facet normal 0 0 -1
    outer loop
      vertex 65.10000000149012 5.699999998509884 0
      vertex 64.98694738000631 5.899144488573074 0
      vertex 65 5.900000001490116 0
    endloop
  endfacet
  facet normal 0 0 -1
    outer loop
      vertex 65.10000000149012 5.699999998509884 0
      vertex 67 5.900000001490116 0
      vertex 66.89999999850988 5.699999998509884 0
    endloop
  endfacet
  facet normal 0 0 -1
    outer loop
      vertex 65.10000000149012 5.699999998509884 0
      vertex 65 5.900000001490116 0
      vertex 67 5.900000001490116 0
    endloop
  endfacet
  facet normal 0 0 -1
    outer loop
      vertex 66.89999999850988 5.699999998509884 0
      vertex 67.09914448857307 5.8130526199936865 0
      vertex 67.10000000149012 5.8 0
    endloop
  endfacet
  facet normal 0 0 -1
    outer loop
      vertex 66.89999999850988 5.699999998509884 0
      vertex 67.09659258276224 5.8258819013834 0
      vertex 67.09914448857307 5.8130526199936865 0
    endloop
  endfacet
  facet normal 0 0 -1
    outer loop
      vertex 66.89999999850988 5.699999998509884 0
      vertex 67.0923879519105 5.838268342614174 0
      vertex 67.09659258276224 5.8258819013834 0
    endloop
  endfacet
  facet normal 0 0 -1
    outer loop
      vertex 66.89999999850988 5.699999998509884 0
      vertex 67.07071068137884 5.870710681378841 0
      vertex 67.07933533191681 5.8608761459589 0
    endloop
  endfacet
  facet normal 0 0 -1
    outer loop
      vertex 66.89999999850988 5.699999998509884 0
      vertex 67.08660253882408 5.849999997019768 0
      vertex 67.0923879519105 5.838268342614174 0
    endloop
  endfacet
  facet normal 0 0 -1
    outer loop
      vertex 66.89999999850988 5.699999998509884 0
      vertex 67.07933533191681 5.8608761459589 0
      vertex 67.08660253882408 5.849999997019768 0
    endloop
  endfacet
  facet normal 0 0 -1
    outer loop
      vertex 66.89999999850988 5.699999998509884 0
      vertex 67.0608761459589 5.879335331916809 0
      vertex 67.07071068137884 5.870710681378841 0
    endloop
  endfacet
  facet normal 0 0 -1
    outer loop
      vertex 66.89999999850988 5.699999998509884 0
      vertex 67.04999999701977 5.886602538824081 0
      vertex 67.0608761459589 5.879335331916809 0
    endloop
  endfacet
  facet normal 0 0 -1
    outer loop
      vertex 66.89999999850988 5.699999998509884 0
      vertex 67 5.900000001490116 0
      vertex 67.01305261999369 5.899144488573074 0
    endloop
  endfacet
  facet normal 0 0 -1
    outer loop
      vertex 66.89999999850988 5.699999998509884 0
      vertex 67.03826834261417 5.892387951910496 0
      vertex 67.04999999701977 5.886602538824081 0
    endloop
  endfacet
  facet normal 0 0 -1
    outer loop
      vertex 66.89999999850988 5.699999998509884 0
      vertex 67.01305261999369 5.899144488573074 0
      vertex 67.0258819013834 5.896592582762241 0
    endloop
  endfacet
  facet normal 0 0 -1
    outer loop
      vertex 66.89999999850988 5.699999998509884 0
      vertex 67.0258819013834 5.896592582762241 0
      vertex 67.03826834261417 5.892387951910496 0
    endloop
  endfacet
  facet normal 0 0 -1
    outer loop
      vertex 69.10000000149012 5.699999998509884 0
      vertex 68.89999999850988 5.8 0
      vertex 68.90085551142693 5.8130526199936865 0
    endloop
  endfacet
  facet normal 0 0 -1
    outer loop
      vertex 69.10000000149012 5.699999998509884 0
      vertex 68.90085551142693 5.8130526199936865 0
      vertex 68.90340741723776 5.8258819013834 0
    endloop
  endfacet
  facet normal 0 0 -1
    outer loop
      vertex 69.10000000149012 5.699999998509884 0
      vertex 68.90340741723776 5.8258819013834 0
      vertex 68.9076120480895 5.838268342614174 0
    endloop
  endfacet
  facet normal 0 0 -1
    outer loop
      vertex 69.10000000149012 5.699999998509884 0
      vertex 68.9076120480895 5.838268342614174 0
      vertex 68.91339746117592 5.849999997019768 0
    endloop
  endfacet
  facet normal 0 0 -1
    outer loop
      vertex 69.10000000149012 5.699999998509884 0
      vertex 68.91339746117592 5.849999997019768 0
      vertex 68.92066466808319 5.8608761459589 0
    endloop
  endfacet
  facet normal 0 0 -1
    outer loop
      vertex 69.10000000149012 5.699999998509884 0
      vertex 68.92066466808319 5.8608761459589 0
      vertex 68.92928931862116 5.870710681378841 0
    endloop
  endfacet
  facet normal 0 0 -1
    outer loop
      vertex 69.10000000149012 5.699999998509884 0
      vertex 68.92928931862116 5.870710681378841 0
      vertex 68.9391238540411 5.879335331916809 0
    endloop
  endfacet
  facet normal 0 0 -1
    outer loop
      vertex 69.10000000149012 5.699999998509884 0
      vertex 68.9391238540411 5.879335331916809 0
      vertex 68.95000000298023 5.886602538824081 0
    endloop
  endfacet
  facet normal 0 0 -1
    outer loop
      vertex 69.10000000149012 5.699999998509884 0
      vertex 68.95000000298023 5.886602538824081 0
      vertex 68.96173165738583 5.892387951910496 0
    endloop
  endfacet
  facet normal 0 0 -1
    outer loop
      vertex 69.10000000149012 5.699999998509884 0
      vertex 68.96173165738583 5.892387951910496 0
      vertex 68.9741180986166 5.896592582762241 0
    endloop
  endfacet
  facet normal 0 0 -1
    outer loop
      vertex 69.10000000149012 5.699999998509884 0
      vertex 68.9741180986166 5.896592582762241 0
      vertex 68.98694738000631 5.899144488573074 0
    endloop
  endfacet
  facet normal 0 0 -1
    outer loop
      vertex 69.10000000149012 5.699999998509884 0
      vertex 68.98694738000631 5.899144488573074 0
      vertex 69 5.900000001490116 0
    endloop
  endfacet
  facet normal 0 0 -1
    outer loop
      vertex 69.10000000149012 5.699999998509884 0
      vertex 69 5.900000001490116 0
      vertex 71 5.900000001490116 0
    endloop
  endfacet
  facet normal -0.9978589282087154 0.06540305340084453 0
    outer loop
      vertex 64.89999999850988 5.8 0
      vertex 64.90085551142693 5.8130526199936865 14.8
      vertex 64.90085551142693 5.8130526199936865 0
    endloop
  endfacet
  facet normal -0.9807852353811589 0.19509054835722983 0
    outer loop
      vertex 64.90085551142693 5.8130526199936865 0
      vertex 64.90340741723776 5.8258819013834 14.8
      vertex 64.90340741723776 5.8258819013834 0
    endloop
  endfacet
  facet normal -0.946930114979577 0.32143950806452687 0
    outer loop
      vertex 64.90340741723776 5.8258819013834 0
      vertex 64.9076120480895 5.838268342614174 14.8
      vertex 64.9076120480895 5.838268342614174 0
    endloop
  endfacet
  facet normal -0.8968726997891344 0.44228877486654466 0
    outer loop
      vertex 64.9076120480895 5.838268342614174 0
      vertex 64.91339746117592 5.849999997019768 14.8
      vertex 64.91339746117592 5.849999997019768 0
    endloop
  endfacet
  facet normal -0.8314697350809236 0.5555700492687295 0
    outer loop
      vertex 64.91339746117592 5.849999997019768 0
      vertex 64.92066466808319 5.8608761459589 14.8
      vertex 64.92066466808319 5.8608761459589 0
    endloop
  endfacet
  facet normal -0.7518400178018776 0.6593455752726884 0
    outer loop
      vertex 64.92066466808319 5.8608761459589 0
      vertex 64.92928931862116 5.870710681378841 14.8
      vertex 64.92928931862116 5.870710681378841 0
    endloop
  endfacet
  facet normal -0.6593455752726884 0.7518400178018776 0
    outer loop
      vertex 64.92928931862116 5.870710681378841 0
      vertex 64.9391238540411 5.879335331916809 14.8
      vertex 64.9391238540411 5.879335331916809 0
    endloop
  endfacet
  facet normal -0.5555700492687295 0.8314697350809236 0
    outer loop
      vertex 64.9391238540411 5.879335331916809 0
      vertex 64.95000000298023 5.886602538824081 14.8
      vertex 64.95000000298023 5.886602538824081 0
    endloop
  endfacet
  facet normal -0.44228877486654466 0.8968726997891344 0
    outer loop
      vertex 64.95000000298023 5.886602538824081 0
      vertex 64.96173165738583 5.892387951910496 14.8
      vertex 64.96173165738583 5.892387951910496 0
    endloop
  endfacet
  facet normal -0.06540305340084453 0.9978589282087154 0
    outer loop
      vertex 64.98694738000631 5.899144488573074 0
      vertex 65 5.900000001490116 14.8
      vertex 65 5.900000001490116 0
    endloop
  endfacet
  facet normal -0.19509054835722983 0.9807852353811589 0
    outer loop
      vertex 64.98694738000631 5.899144488573074 0
      vertex 64.9741180986166 5.896592582762241 0
      vertex 64.98694738000631 5.899144488573074 14.8
    endloop
  endfacet
  facet normal -0.32143950806452687 0.946930114979577 0
    outer loop
      vertex 64.96173165738583 5.892387951910496 0
      vertex 64.9741180986166 5.896592582762241 14.8
      vertex 64.9741180986166 5.896592582762241 0
    endloop
  endfacet
  facet normal 0 -1 0
    outer loop
      vertex 65.10000000149012 5.699999998509884 0
      vertex 66.89999999850988 5.699999998509884 0
      vertex 65.10000000149012 5.699999998509884 14.8
    endloop
  endfacet
  facet normal 0 1 0
    outer loop
      vertex 65 5.900000001490116 0
      vertex 67 5.900000001490116 14.8
      vertex 67 5.900000001490116 0
    endloop
  endfacet
  facet normal 0.9978589282087154 0.06540305340084453 0
    outer loop
      vertex 67.10000000149012 5.8 0
      vertex 67.09914448857307 5.8130526199936865 0
      vertex 67.10000000149012 5.8 14.8
    endloop
  endfacet
  facet normal 0.9807852353811589 0.19509054835722983 0
    outer loop
      vertex 67.09914448857307 5.8130526199936865 0
      vertex 67.09659258276224 5.8258819013834 0
      vertex 67.09914448857307 5.8130526199936865 14.8
    endloop
  endfacet
  facet normal 0.946930114979577 0.32143950806452687 0
    outer loop
      vertex 67.09659258276224 5.8258819013834 0
      vertex 67.0923879519105 5.838268342614174 0
      vertex 67.09659258276224 5.8258819013834 14.8
    endloop
  endfacet
  facet normal 0.8968726997891344 0.44228877486654466 0
    outer loop
      vertex 67.0923879519105 5.838268342614174 0
      vertex 67.08660253882408 5.849999997019768 0
      vertex 67.0923879519105 5.838268342614174 14.8
    endloop
  endfacet
  facet normal 0.8314697350809236 0.5555700492687295 0
    outer loop
      vertex 67.08660253882408 5.849999997019768 0
      vertex 67.07933533191681 5.8608761459589 0
      vertex 67.08660253882408 5.849999997019768 14.8
    endloop
  endfacet
  facet normal 0.7518400178018776 0.6593455752726884 0
    outer loop
      vertex 67.07933533191681 5.8608761459589 0
      vertex 67.07071068137884 5.870710681378841 0
      vertex 67.07933533191681 5.8608761459589 14.8
    endloop
  endfacet
  facet normal 0.6593455752726884 0.7518400178018776 0
    outer loop
      vertex 67.0608761459589 5.879335331916809 0
      vertex 67.07071068137884 5.870710681378841 14.8
      vertex 67.07071068137884 5.870710681378841 0
    endloop
  endfacet
  facet normal 0.5555700492687295 0.8314697350809236 0
    outer loop
      vertex 67.0608761459589 5.879335331916809 0
      vertex 67.04999999701977 5.886602538824081 0
      vertex 67.0608761459589 5.879335331916809 14.8
    endloop
  endfacet
  facet normal 0.06540305340084453 0.9978589282087154 0
    outer loop
      vertex 67 5.900000001490116 0
      vertex 67.01305261999369 5.899144488573074 14.8
      vertex 67.01305261999369 5.899144488573074 0
    endloop
  endfacet
  facet normal 0.32143950806452687 0.946930114979577 0
    outer loop
      vertex 67.0258819013834 5.896592582762241 0
      vertex 67.03826834261417 5.892387951910496 14.8
      vertex 67.03826834261417 5.892387951910496 0
    endloop
  endfacet
  facet normal 0.44228877486654466 0.8968726997891344 0
    outer loop
      vertex 67.04999999701977 5.886602538824081 0
      vertex 67.03826834261417 5.892387951910496 0
      vertex 67.04999999701977 5.886602538824081 14.8
    endloop
  endfacet
  facet normal 0.19509054835722983 0.9807852353811589 0
    outer loop
      vertex 67.0258819013834 5.896592582762241 0
      vertex 67.01305261999369 5.899144488573074 0
      vertex 67.0258819013834 5.896592582762241 14.8
    endloop
  endfacet
  facet normal -0.9978589282087154 0.06540305340084453 0
    outer loop
      vertex 68.89999999850988 5.8 0
      vertex 68.90085551142693 5.8130526199936865 14.8
      vertex 68.90085551142693 5.8130526199936865 0
    endloop
  endfacet
  facet normal 0 -1 0
    outer loop
      vertex 69.10000000149012 5.699999998509884 0
      vertex 70.89999999850988 5.699999998509884 0
      vertex 69.10000000149012 5.699999998509884 14.8
    endloop
  endfacet
  facet normal -0.9807852353811589 0.19509054835722983 0
    outer loop
      vertex 68.90085551142693 5.8130526199936865 0
      vertex 68.90340741723776 5.8258819013834 14.8
      vertex 68.90340741723776 5.8258819013834 0
    endloop
  endfacet
  facet normal -0.946930114979577 0.32143950806452687 0
    outer loop
      vertex 68.90340741723776 5.8258819013834 0
      vertex 68.9076120480895 5.838268342614174 14.8
      vertex 68.9076120480895 5.838268342614174 0
    endloop
  endfacet
  facet normal -0.8968726997891344 0.44228877486654466 0
    outer loop
      vertex 68.9076120480895 5.838268342614174 0
      vertex 68.91339746117592 5.849999997019768 14.8
      vertex 68.91339746117592 5.849999997019768 0
    endloop
  endfacet
  facet normal -0.8314697350809236 0.5555700492687295 0
    outer loop
      vertex 68.91339746117592 5.849999997019768 0
      vertex 68.92066466808319 5.8608761459589 14.8
      vertex 68.92066466808319 5.8608761459589 0
    endloop
  endfacet
  facet normal -0.7518400178018776 0.6593455752726884 0
    outer loop
      vertex 68.92066466808319 5.8608761459589 0
      vertex 68.92928931862116 5.870710681378841 14.8
      vertex 68.92928931862116 5.870710681378841 0
    endloop
  endfacet
  facet normal -0.6593455752726884 0.7518400178018776 0
    outer loop
      vertex 68.92928931862116 5.870710681378841 0
      vertex 68.9391238540411 5.879335331916809 14.8
      vertex 68.9391238540411 5.879335331916809 0
    endloop
  endfacet
  facet normal -0.5555700492687295 0.8314697350809236 0
    outer loop
      vertex 68.9391238540411 5.879335331916809 0
      vertex 68.95000000298023 5.886602538824081 14.8
      vertex 68.95000000298023 5.886602538824081 0
    endloop
  endfacet
  facet normal -0.44228877486654466 0.8968726997891344 0
    outer loop
      vertex 68.95000000298023 5.886602538824081 0
      vertex 68.96173165738583 5.892387951910496 14.8
      vertex 68.96173165738583 5.892387951910496 0
    endloop
  endfacet
  facet normal -0.19509054835722983 0.9807852353811589 0
    outer loop
      vertex 68.98694738000631 5.899144488573074 0
      vertex 68.9741180986166 5.896592582762241 0
      vertex 68.98694738000631 5.899144488573074 14.8
    endloop
  endfacet
  facet normal -0.32143950806452687 0.946930114979577 0
    outer loop
      vertex 68.96173165738583 5.892387951910496 0
      vertex 68.9741180986166 5.896592582762241 14.8
      vertex 68.9741180986166 5.896592582762241 0
    endloop
  endfacet
  facet normal -0.06540305340084453 0.9978589282087154 0
    outer loop
      vertex 68.98694738000631 5.899144488573074 0
      vertex 69 5.900000001490116 14.8
      vertex 69 5.900000001490116 0
    endloop
  endfacet
  facet normal 0 -1 0
    outer loop
      vertex 58.899999998509884 5.699999998509884 0
      vertex 58.899999998509884 5.699999998509884 14.8
      vertex 57.100000001490116 5.699999998509884 14.8
    endloop
  endfacet
  facet normal 0.9978589282087154 0.06540305340084453 0
    outer loop
      vertex 59.099144488573074 5.8130526199936865 0
      vertex 59.099144488573074 5.8130526199936865 14.8
      vertex 59.100000001490116 5.8 14.8
    endloop
  endfacet
  facet normal 0.9807852353811589 0.19509054835722983 0
    outer loop
      vertex 59.09659258276224 5.8258819013834 0
      vertex 59.09659258276224 5.8258819013834 14.8
      vertex 59.099144488573074 5.8130526199936865 14.8
    endloop
  endfacet
  facet normal 0.946930114979577 0.32143950806452687 0
    outer loop
      vertex 59.092387951910496 5.838268342614174 0
      vertex 59.092387951910496 5.838268342614174 14.8
      vertex 59.09659258276224 5.8258819013834 14.8
    endloop
  endfacet
  facet normal 0.8968726997891344 0.44228877486654466 0
    outer loop
      vertex 59.08660253882408 5.849999997019768 0
      vertex 59.08660253882408 5.849999997019768 14.8
      vertex 59.092387951910496 5.838268342614174 14.8
    endloop
  endfacet
  facet normal 0.8314697350809236 0.5555700492687295 0
    outer loop
      vertex 59.07933533191681 5.8608761459589 0
      vertex 59.07933533191681 5.8608761459589 14.8
      vertex 59.08660253882408 5.849999997019768 14.8
    endloop
  endfacet
  facet normal 0.7518400178018776 0.6593455752726884 0
    outer loop
      vertex 59.07071068137884 5.870710681378841 0
      vertex 59.07071068137884 5.870710681378841 14.8
      vertex 59.07933533191681 5.8608761459589 14.8
    endloop
  endfacet
  facet normal 0.6593455752726884 0.7518400178018776 0
    outer loop
      vertex 59.0608761459589 5.879335331916809 0
      vertex 59.0608761459589 5.879335331916809 14.8
      vertex 59.07071068137884 5.870710681378841 14.8
    endloop
  endfacet
  facet normal 0.19509054835722983 0.9807852353811589 0
    outer loop
      vertex 59.01305261999369 5.899144488573074 0
      vertex 59.01305261999369 5.899144488573074 14.8
      vertex 59.0258819013834 5.896592582762241 14.8
    endloop
  endfacet
  facet normal 0.06540305340084453 0.9978589282087154 0
    outer loop
      vertex 59 5.900000001490116 0
      vertex 59 5.900000001490116 14.8
      vertex 59.01305261999369 5.899144488573074 14.8
    endloop
  endfacet
  facet normal 0.44228877486654466 0.8968726997891344 0
    outer loop
      vertex 59.038268342614174 5.892387951910496 0
      vertex 59.038268342614174 5.892387951910496 14.8
      vertex 59.04999999701977 5.886602538824081 14.8
    endloop
  endfacet
  facet normal 0.5555700492687295 0.8314697350809236 0
    outer loop
      vertex 59.04999999701977 5.886602538824081 0
      vertex 59.04999999701977 5.886602538824081 14.8
      vertex 59.0608761459589 5.879335331916809 14.8
    endloop
  endfacet
  facet normal 0.32143950806452687 0.946930114979577 0
    outer loop
      vertex 59.0258819013834 5.896592582762241 0
      vertex 59.0258819013834 5.896592582762241 14.8
      vertex 59.038268342614174 5.892387951910496 14.8
    endloop
  endfacet
  facet normal -0.9978589282087154 0.06540305340084453 0
    outer loop
      vertex 60.899999998509884 5.8 0
      vertex 60.899999998509884 5.8 14.8
      vertex 60.900855511426926 5.8130526199936865 14.8
    endloop
  endfacet
  facet normal -0.9807852353811589 0.19509054835722983 0
    outer loop
      vertex 60.900855511426926 5.8130526199936865 0
      vertex 60.900855511426926 5.8130526199936865 14.8
      vertex 60.90340741723776 5.8258819013834 14.8
    endloop
  endfacet
  facet normal -0.946930114979577 0.32143950806452687 0
    outer loop
      vertex 60.90340741723776 5.8258819013834 0
      vertex 60.90340741723776 5.8258819013834 14.8
      vertex 60.907612048089504 5.838268342614174 14.8
    endloop
  endfacet
  facet normal -0.8968726997891344 0.44228877486654466 0
    outer loop
      vertex 60.907612048089504 5.838268342614174 0
      vertex 60.907612048089504 5.838268342614174 14.8
      vertex 60.91339746117592 5.849999997019768 14.8
    endloop
  endfacet
  facet normal -0.8314697350809236 0.5555700492687295 0
    outer loop
      vertex 60.91339746117592 5.849999997019768 0
      vertex 60.91339746117592 5.849999997019768 14.8
      vertex 60.92066466808319 5.8608761459589 14.8
    endloop
  endfacet
  facet normal -0.7518400178018776 0.6593455752726884 0
    outer loop
      vertex 60.92066466808319 5.8608761459589 0
      vertex 60.92066466808319 5.8608761459589 14.8
      vertex 60.92928931862116 5.870710681378841 14.8
    endloop
  endfacet
  facet normal -0.6593455752726884 0.7518400178018776 0
    outer loop
      vertex 60.92928931862116 5.870710681378841 0
      vertex 60.92928931862116 5.870710681378841 14.8
      vertex 60.9391238540411 5.879335331916809 14.8
    endloop
  endfacet
  facet normal -0.5555700492687295 0.8314697350809236 0
    outer loop
      vertex 60.9391238540411 5.879335331916809 0
      vertex 60.9391238540411 5.879335331916809 14.8
      vertex 60.95000000298023 5.886602538824081 14.8
    endloop
  endfacet
  facet normal -0.44228877486654466 0.8968726997891344 0
    outer loop
      vertex 60.95000000298023 5.886602538824081 0
      vertex 60.95000000298023 5.886602538824081 14.8
      vertex 60.961731657385826 5.892387951910496 14.8
    endloop
  endfacet
  facet normal -0.32143950806452687 0.946930114979577 0
    outer loop
      vertex 60.961731657385826 5.892387951910496 0
      vertex 60.961731657385826 5.892387951910496 14.8
      vertex 60.9741180986166 5.896592582762241 14.8
    endloop
  endfacet
  facet normal -0.06540305340084453 0.9978589282087154 0
    outer loop
      vertex 60.98694738000631 5.899144488573074 0
      vertex 60.98694738000631 5.899144488573074 14.8
      vertex 61 5.900000001490116 14.8
    endloop
  endfacet
  facet normal -0.19509054835722983 0.9807852353811589 0
    outer loop
      vertex 60.9741180986166 5.896592582762241 0
      vertex 60.9741180986166 5.896592582762241 14.8
      vertex 60.98694738000631 5.899144488573074 14.8
    endloop
  endfacet
  facet normal 0 -1 0
    outer loop
      vertex 62.899999998509884 5.699999998509884 0
      vertex 62.899999998509884 5.699999998509884 14.8
      vertex 61.100000001490116 5.699999998509884 14.8
    endloop
  endfacet
  facet normal 0 1 0
    outer loop
      vertex 61 5.900000001490116 0
      vertex 61 5.900000001490116 14.8
      vertex 63 5.900000001490116 14.8
    endloop
  endfacet
  facet normal 0.9978589282087154 0.06540305340084453 0
    outer loop
      vertex 63.099144488573074 5.8130526199936865 0
      vertex 63.099144488573074 5.8130526199936865 14.8
      vertex 63.100000001490116 5.8 14.8
    endloop
  endfacet
  facet normal 0.9807852353811589 0.19509054835722983 0
    outer loop
      vertex 63.09659258276224 5.8258819013834 0
      vertex 63.09659258276224 5.8258819013834 14.8
      vertex 63.099144488573074 5.8130526199936865 14.8
    endloop
  endfacet
  facet normal 0.946930114979577 0.32143950806452687 0
    outer loop
      vertex 63.092387951910496 5.838268342614174 0
      vertex 63.092387951910496 5.838268342614174 14.8
      vertex 63.09659258276224 5.8258819013834 14.8
    endloop
  endfacet
  facet normal 0.8968726997891344 0.44228877486654466 0
    outer loop
      vertex 63.08660253882408 5.849999997019768 0
      vertex 63.08660253882408 5.849999997019768 14.8
      vertex 63.092387951910496 5.838268342614174 14.8
    endloop
  endfacet
  facet normal 0.8314697350809236 0.5555700492687295 0
    outer loop
      vertex 63.07933533191681 5.8608761459589 0
      vertex 63.07933533191681 5.8608761459589 14.8
      vertex 63.08660253882408 5.849999997019768 14.8
    endloop
  endfacet
  facet normal 0.7518400178018776 0.6593455752726884 0
    outer loop
      vertex 63.07071068137884 5.870710681378841 0
      vertex 63.07071068137884 5.870710681378841 14.8
      vertex 63.07933533191681 5.8608761459589 14.8
    endloop
  endfacet
  facet normal 0.6593455752726884 0.7518400178018776 0
    outer loop
      vertex 63.0608761459589 5.879335331916809 0
      vertex 63.0608761459589 5.879335331916809 14.8
      vertex 63.07071068137884 5.870710681378841 14.8
    endloop
  endfacet
  facet normal 0.06540305340084453 0.9978589282087154 0
    outer loop
      vertex 63 5.900000001490116 0
      vertex 63 5.900000001490116 14.8
      vertex 63.01305261999369 5.899144488573074 14.8
    endloop
  endfacet
  facet normal 0.19509054835722983 0.9807852353811589 0
    outer loop
      vertex 63.01305261999369 5.899144488573074 0
      vertex 63.01305261999369 5.899144488573074 14.8
      vertex 63.0258819013834 5.896592582762241 14.8
    endloop
  endfacet
  facet normal 0.5555700492687295 0.8314697350809236 0
    outer loop
      vertex 63.04999999701977 5.886602538824081 0
      vertex 63.04999999701977 5.886602538824081 14.8
      vertex 63.0608761459589 5.879335331916809 14.8
    endloop
  endfacet
  facet normal 0.44228877486654466 0.8968726997891344 0
    outer loop
      vertex 63.038268342614174 5.892387951910496 0
      vertex 63.038268342614174 5.892387951910496 14.8
      vertex 63.04999999701977 5.886602538824081 14.8
    endloop
  endfacet
  facet normal 0.32143950806452687 0.946930114979577 0
    outer loop
      vertex 63.0258819013834 5.896592582762241 0
      vertex 63.0258819013834 5.896592582762241 14.8
      vertex 63.038268342614174 5.892387951910496 14.8
    endloop
  endfacet
  facet normal 0 0 1
    outer loop
      vertex 57.100000001490116 5.699999998509884 14.8
      vertex 58.899999998509884 5.699999998509884 14.8
      vertex 59 5.900000001490116 14.8
    endloop
  endfacet
  facet normal 0 0 1
    outer loop
      vertex 58.899999998509884 5.699999998509884 14.8
      vertex 59.100000001490116 5.8 14.8
      vertex 59.099144488573074 5.8130526199936865 14.8
    endloop
  endfacet
  facet normal 0 0 1
    outer loop
      vertex 58.899999998509884 5.699999998509884 14.8
      vertex 59.099144488573074 5.8130526199936865 14.8
      vertex 59.09659258276224 5.8258819013834 14.8
    endloop
  endfacet
  facet normal 0 0 1
    outer loop
      vertex 58.899999998509884 5.699999998509884 14.8
      vertex 59.09659258276224 5.8258819013834 14.8
      vertex 59.092387951910496 5.838268342614174 14.8
    endloop
  endfacet
  facet normal 0 0 1
    outer loop
      vertex 58.899999998509884 5.699999998509884 14.8
      vertex 59.07933533191681 5.8608761459589 14.8
      vertex 59.07071068137884 5.870710681378841 14.8
    endloop
  endfacet
  facet normal 0 0 1
    outer loop
      vertex 58.899999998509884 5.699999998509884 14.8
      vertex 59.092387951910496 5.838268342614174 14.8
      vertex 59.08660253882408 5.849999997019768 14.8
    endloop
  endfacet
  facet normal 0 0 1
    outer loop
      vertex 58.899999998509884 5.699999998509884 14.8
      vertex 59.08660253882408 5.849999997019768 14.8
      vertex 59.07933533191681 5.8608761459589 14.8
    endloop
  endfacet
  facet normal 0 0 1
    outer loop
      vertex 58.899999998509884 5.699999998509884 14.8
      vertex 59.07071068137884 5.870710681378841 14.8
      vertex 59.0608761459589 5.879335331916809 14.8
    endloop
  endfacet
  facet normal 0 0 1
    outer loop
      vertex 58.899999998509884 5.699999998509884 14.8
      vertex 59.0608761459589 5.879335331916809 14.8
      vertex 59.04999999701977 5.886602538824081 14.8
    endloop
  endfacet
  facet normal 0 0 1
    outer loop
      vertex 58.899999998509884 5.699999998509884 14.8
      vertex 59.01305261999369 5.899144488573074 14.8
      vertex 59 5.900000001490116 14.8
    endloop
  endfacet
  facet normal 0 0 1
    outer loop
      vertex 58.899999998509884 5.699999998509884 14.8
      vertex 59.0258819013834 5.896592582762241 14.8
      vertex 59.01305261999369 5.899144488573074 14.8
    endloop
  endfacet
  facet normal 0 0 1
    outer loop
      vertex 58.899999998509884 5.699999998509884 14.8
      vertex 59.038268342614174 5.892387951910496 14.8
      vertex 59.0258819013834 5.896592582762241 14.8
    endloop
  endfacet
  facet normal 0 0 1
    outer loop
      vertex 58.899999998509884 5.699999998509884 14.8
      vertex 59.04999999701977 5.886602538824081 14.8
      vertex 59.038268342614174 5.892387951910496 14.8
    endloop
  endfacet
  facet normal 0 0 1
    outer loop
      vertex 61.100000001490116 5.699999998509884 14.8
      vertex 60.900855511426926 5.8130526199936865 14.8
      vertex 60.899999998509884 5.8 14.8
    endloop
  endfacet
  facet normal 0 0 1
    outer loop
      vertex 61.100000001490116 5.699999998509884 14.8
      vertex 60.90340741723776 5.8258819013834 14.8
      vertex 60.900855511426926 5.8130526199936865 14.8
    endloop
  endfacet
  facet normal 0 0 1
    outer loop
      vertex 61.100000001490116 5.699999998509884 14.8
      vertex 60.907612048089504 5.838268342614174 14.8
      vertex 60.90340741723776 5.8258819013834 14.8
    endloop
  endfacet
  facet normal 0 0 1
    outer loop
      vertex 61.100000001490116 5.699999998509884 14.8
      vertex 60.91339746117592 5.849999997019768 14.8
      vertex 60.907612048089504 5.838268342614174 14.8
    endloop
  endfacet
  facet normal 0 0 1
    outer loop
      vertex 61.100000001490116 5.699999998509884 14.8
      vertex 60.92066466808319 5.8608761459589 14.8
      vertex 60.91339746117592 5.849999997019768 14.8
    endloop
  endfacet
  facet normal 0 0 1
    outer loop
      vertex 61.100000001490116 5.699999998509884 14.8
      vertex 60.92928931862116 5.870710681378841 14.8
      vertex 60.92066466808319 5.8608761459589 14.8
    endloop
  endfacet
  facet normal 0 0 1
    outer loop
      vertex 61.100000001490116 5.699999998509884 14.8
      vertex 60.9391238540411 5.879335331916809 14.8
      vertex 60.92928931862116 5.870710681378841 14.8
    endloop
  endfacet
  facet normal 0 0 1
    outer loop
      vertex 61.100000001490116 5.699999998509884 14.8
      vertex 60.95000000298023 5.886602538824081 14.8
      vertex 60.9391238540411 5.879335331916809 14.8
    endloop
  endfacet
  facet normal 0 0 1
    outer loop
      vertex 61.100000001490116 5.699999998509884 14.8
      vertex 60.961731657385826 5.892387951910496 14.8
      vertex 60.95000000298023 5.886602538824081 14.8
    endloop
  endfacet
  facet normal 0 0 1
    outer loop
      vertex 61.100000001490116 5.699999998509884 14.8
      vertex 60.9741180986166 5.896592582762241 14.8
      vertex 60.961731657385826 5.892387951910496 14.8
    endloop
  endfacet
  facet normal 0 0 1
    outer loop
      vertex 61.100000001490116 5.699999998509884 14.8
      vertex 60.98694738000631 5.899144488573074 14.8
      vertex 60.9741180986166 5.896592582762241 14.8
    endloop
  endfacet
  facet normal 0 0 1
    outer loop
      vertex 61.100000001490116 5.699999998509884 14.8
      vertex 61 5.900000001490116 14.8
      vertex 60.98694738000631 5.899144488573074 14.8
    endloop
  endfacet
  facet normal 0 0 1
    outer loop
      vertex 61.100000001490116 5.699999998509884 14.8
      vertex 62.899999998509884 5.699999998509884 14.8
      vertex 63 5.900000001490116 14.8
    endloop
  endfacet
  facet normal 0 0 1
    outer loop
      vertex 61.100000001490116 5.699999998509884 14.8
      vertex 63 5.900000001490116 14.8
      vertex 61 5.900000001490116 14.8
    endloop
  endfacet
  facet normal 0 0 1
    outer loop
      vertex 62.899999998509884 5.699999998509884 14.8
      vertex 63.100000001490116 5.8 14.8
      vertex 63.099144488573074 5.8130526199936865 14.8
    endloop
  endfacet
  facet normal 0 0 1
    outer loop
      vertex 62.899999998509884 5.699999998509884 14.8
      vertex 63.099144488573074 5.8130526199936865 14.8
      vertex 63.09659258276224 5.8258819013834 14.8
    endloop
  endfacet
  facet normal 0 0 1
    outer loop
      vertex 62.899999998509884 5.699999998509884 14.8
      vertex 63.09659258276224 5.8258819013834 14.8
      vertex 63.092387951910496 5.838268342614174 14.8
    endloop
  endfacet
  facet normal 0 0 1
    outer loop
      vertex 62.899999998509884 5.699999998509884 14.8
      vertex 63.07933533191681 5.8608761459589 14.8
      vertex 63.07071068137884 5.870710681378841 14.8
    endloop
  endfacet
  facet normal 0 0 1
    outer loop
      vertex 62.899999998509884 5.699999998509884 14.8
      vertex 63.092387951910496 5.838268342614174 14.8
      vertex 63.08660253882408 5.849999997019768 14.8
    endloop
  endfacet
  facet normal 0 0 1
    outer loop
      vertex 62.899999998509884 5.699999998509884 14.8
      vertex 63.08660253882408 5.849999997019768 14.8
      vertex 63.07933533191681 5.8608761459589 14.8
    endloop
  endfacet
  facet normal 0 0 1
    outer loop
      vertex 62.899999998509884 5.699999998509884 14.8
      vertex 63.07071068137884 5.870710681378841 14.8
      vertex 63.0608761459589 5.879335331916809 14.8
    endloop
  endfacet
  facet normal 0 0 1
    outer loop
      vertex 62.899999998509884 5.699999998509884 14.8
      vertex 63.0608761459589 5.879335331916809 14.8
      vertex 63.04999999701977 5.886602538824081 14.8
    endloop
  endfacet
  facet normal 0 0 1
    outer loop
      vertex 62.899999998509884 5.699999998509884 14.8
      vertex 63.04999999701977 5.886602538824081 14.8
      vertex 63.038268342614174 5.892387951910496 14.8
    endloop
  endfacet
  facet normal 0 0 1
    outer loop
      vertex 62.899999998509884 5.699999998509884 14.8
      vertex 63.01305261999369 5.899144488573074 14.8
      vertex 63 5.900000001490116 14.8
    endloop
  endfacet
  facet normal 0 0 1
    outer loop
      vertex 62.899999998509884 5.699999998509884 14.8
      vertex 63.0258819013834 5.896592582762241 14.8
      vertex 63.01305261999369 5.899144488573074 14.8
    endloop
  endfacet
  facet normal 0 0 1
    outer loop
      vertex 62.899999998509884 5.699999998509884 14.8
      vertex 63.038268342614174 5.892387951910496 14.8
      vertex 63.0258819013834 5.896592582762241 14.8
    endloop
  endfacet
  facet normal -0.9978589282087154 0.06540305340084453 0
    outer loop
      vertex 64.89999999850988 5.8 0
      vertex 64.89999999850988 5.8 14.8
      vertex 64.90085551142693 5.8130526199936865 14.8
    endloop
  endfacet
  facet normal -0.9807852353811589 0.19509054835722983 0
    outer loop
      vertex 64.90085551142693 5.8130526199936865 0
      vertex 64.90085551142693 5.8130526199936865 14.8
      vertex 64.90340741723776 5.8258819013834 14.8
    endloop
  endfacet
  facet normal -0.946930114979577 0.32143950806452687 0
    outer loop
      vertex 64.90340741723776 5.8258819013834 0
      vertex 64.90340741723776 5.8258819013834 14.8
      vertex 64.9076120480895 5.838268342614174 14.8
    endloop
  endfacet
  facet normal -0.8968726997891344 0.44228877486654466 0
    outer loop
      vertex 64.9076120480895 5.838268342614174 0
      vertex 64.9076120480895 5.838268342614174 14.8
      vertex 64.91339746117592 5.849999997019768 14.8
    endloop
  endfacet
  facet normal -0.8314697350809236 0.5555700492687295 0
    outer loop
      vertex 64.91339746117592 5.849999997019768 0
      vertex 64.91339746117592 5.849999997019768 14.8
      vertex 64.92066466808319 5.8608761459589 14.8
    endloop
  endfacet
  facet normal -0.7518400178018776 0.6593455752726884 0
    outer loop
      vertex 64.92066466808319 5.8608761459589 0
      vertex 64.92066466808319 5.8608761459589 14.8
      vertex 64.92928931862116 5.870710681378841 14.8
    endloop
  endfacet
  facet normal -0.6593455752726884 0.7518400178018776 0
    outer loop
      vertex 64.92928931862116 5.870710681378841 0
      vertex 64.92928931862116 5.870710681378841 14.8
      vertex 64.9391238540411 5.879335331916809 14.8
    endloop
  endfacet
  facet normal -0.5555700492687295 0.8314697350809236 0
    outer loop
      vertex 64.9391238540411 5.879335331916809 0
      vertex 64.9391238540411 5.879335331916809 14.8
      vertex 64.95000000298023 5.886602538824081 14.8
    endloop
  endfacet
  facet normal -0.44228877486654466 0.8968726997891344 0
    outer loop
      vertex 64.95000000298023 5.886602538824081 0
      vertex 64.95000000298023 5.886602538824081 14.8
      vertex 64.96173165738583 5.892387951910496 14.8
    endloop
  endfacet
  facet normal -0.32143950806452687 0.946930114979577 0
    outer loop
      vertex 64.96173165738583 5.892387951910496 0
      vertex 64.96173165738583 5.892387951910496 14.8
      vertex 64.9741180986166 5.896592582762241 14.8
    endloop
  endfacet
  facet normal -0.06540305340084453 0.9978589282087154 0
    outer loop
      vertex 64.98694738000631 5.899144488573074 0
      vertex 64.98694738000631 5.899144488573074 14.8
      vertex 65 5.900000001490116 14.8
    endloop
  endfacet
  facet normal -0.19509054835722983 0.9807852353811589 0
    outer loop
      vertex 64.9741180986166 5.896592582762241 0
      vertex 64.9741180986166 5.896592582762241 14.8
      vertex 64.98694738000631 5.899144488573074 14.8
    endloop
  endfacet
  facet normal 0 -1 0
    outer loop
      vertex 66.89999999850988 5.699999998509884 0
      vertex 66.89999999850988 5.699999998509884 14.8
      vertex 65.10000000149012 5.699999998509884 14.8
    endloop
  endfacet
  facet normal 0 1 0
    outer loop
      vertex 65 5.900000001490116 0
      vertex 65 5.900000001490116 14.8
      vertex 67 5.900000001490116 14.8
    endloop
  endfacet
  facet normal 0.9978589282087154 0.06540305340084453 0
    outer loop
      vertex 67.09914448857307 5.8130526199936865 0
      vertex 67.09914448857307 5.8130526199936865 14.8
      vertex 67.10000000149012 5.8 14.8
    endloop
  endfacet
  facet normal 0.9807852353811589 0.19509054835722983 0
    outer loop
      vertex 67.09659258276224 5.8258819013834 0
      vertex 67.09659258276224 5.8258819013834 14.8
      vertex 67.09914448857307 5.8130526199936865 14.8
    endloop
  endfacet
  facet normal 0.946930114979577 0.32143950806452687 0
    outer loop
      vertex 67.0923879519105 5.838268342614174 0
      vertex 67.0923879519105 5.838268342614174 14.8
      vertex 67.09659258276224 5.8258819013834 14.8
    endloop
  endfacet
  facet normal 0.8968726997891344 0.44228877486654466 0
    outer loop
      vertex 67.08660253882408 5.849999997019768 0
      vertex 67.08660253882408 5.849999997019768 14.8
      vertex 67.0923879519105 5.838268342614174 14.8
    endloop
  endfacet
  facet normal 0.8314697350809236 0.5555700492687295 0
    outer loop
      vertex 67.07933533191681 5.8608761459589 0
      vertex 67.07933533191681 5.8608761459589 14.8
      vertex 67.08660253882408 5.849999997019768 14.8
    endloop
  endfacet
  facet normal 0.7518400178018776 0.6593455752726884 0
    outer loop
      vertex 67.07071068137884 5.870710681378841 0
      vertex 67.07071068137884 5.870710681378841 14.8
      vertex 67.07933533191681 5.8608761459589 14.8
    endloop
  endfacet
  facet normal 0.6593455752726884 0.7518400178018776 0
    outer loop
      vertex 67.0608761459589 5.879335331916809 0
      vertex 67.0608761459589 5.879335331916809 14.8
      vertex 67.07071068137884 5.870710681378841 14.8
    endloop
  endfacet
  facet normal 0.06540305340084453 0.9978589282087154 0
    outer loop
      vertex 67 5.900000001490116 0
      vertex 67 5.900000001490116 14.8
      vertex 67.01305261999369 5.899144488573074 14.8
    endloop
  endfacet
  facet normal 0.19509054835722983 0.9807852353811589 0
    outer loop
      vertex 67.01305261999369 5.899144488573074 0
      vertex 67.01305261999369 5.899144488573074 14.8
      vertex 67.0258819013834 5.896592582762241 14.8
    endloop
  endfacet
  facet normal 0.5555700492687295 0.8314697350809236 0
    outer loop
      vertex 67.04999999701977 5.886602538824081 0
      vertex 67.04999999701977 5.886602538824081 14.8
      vertex 67.0608761459589 5.879335331916809 14.8
    endloop
  endfacet
  facet normal 0.44228877486654466 0.8968726997891344 0
    outer loop
      vertex 67.03826834261417 5.892387951910496 0
      vertex 67.03826834261417 5.892387951910496 14.8
      vertex 67.04999999701977 5.886602538824081 14.8
    endloop
  endfacet
  facet normal 0.32143950806452687 0.946930114979577 0
    outer loop
      vertex 67.0258819013834 5.896592582762241 0
      vertex 67.0258819013834 5.896592582762241 14.8
      vertex 67.03826834261417 5.892387951910496 14.8
    endloop
  endfacet
  facet normal -0.9978589282087154 0.06540305340084453 0
    outer loop
      vertex 68.89999999850988 5.8 0
      vertex 68.89999999850988 5.8 14.8
      vertex 68.90085551142693 5.8130526199936865 14.8
    endloop
  endfacet
  facet normal -0.9807852353811589 0.19509054835722983 0
    outer loop
      vertex 68.90085551142693 5.8130526199936865 0
      vertex 68.90085551142693 5.8130526199936865 14.8
      vertex 68.90340741723776 5.8258819013834 14.8
    endloop
  endfacet
  facet normal -0.946930114979577 0.32143950806452687 0
    outer loop
      vertex 68.90340741723776 5.8258819013834 0
      vertex 68.90340741723776 5.8258819013834 14.8
      vertex 68.9076120480895 5.838268342614174 14.8
    endloop
  endfacet
  facet normal -0.8968726997891344 0.44228877486654466 0
    outer loop
      vertex 68.9076120480895 5.838268342614174 0
      vertex 68.9076120480895 5.838268342614174 14.8
      vertex 68.91339746117592 5.849999997019768 14.8
    endloop
  endfacet
  facet normal -0.8314697350809236 0.5555700492687295 0
    outer loop
      vertex 68.91339746117592 5.849999997019768 0
      vertex 68.91339746117592 5.849999997019768 14.8
      vertex 68.92066466808319 5.8608761459589 14.8
    endloop
  endfacet
  facet normal -0.7518400178018776 0.6593455752726884 0
    outer loop
      vertex 68.92066466808319 5.8608761459589 0
      vertex 68.92066466808319 5.8608761459589 14.8
      vertex 68.92928931862116 5.870710681378841 14.8
    endloop
  endfacet
  facet normal -0.6593455752726884 0.7518400178018776 0
    outer loop
      vertex 68.92928931862116 5.870710681378841 0
      vertex 68.92928931862116 5.870710681378841 14.8
      vertex 68.9391238540411 5.879335331916809 14.8
    endloop
  endfacet
  facet normal -0.5555700492687295 0.8314697350809236 0
    outer loop
      vertex 68.9391238540411 5.879335331916809 0
      vertex 68.9391238540411 5.879335331916809 14.8
      vertex 68.95000000298023 5.886602538824081 14.8
    endloop
  endfacet
  facet normal -0.44228877486654466 0.8968726997891344 0
    outer loop
      vertex 68.95000000298023 5.886602538824081 0
      vertex 68.95000000298023 5.886602538824081 14.8
      vertex 68.96173165738583 5.892387951910496 14.8
    endloop
  endfacet
  facet normal -0.32143950806452687 0.946930114979577 0
    outer loop
      vertex 68.96173165738583 5.892387951910496 0
      vertex 68.96173165738583 5.892387951910496 14.8
      vertex 68.9741180986166 5.896592582762241 14.8
    endloop
  endfacet
  facet normal -0.19509054835722983 0.9807852353811589 0
    outer loop
      vertex 68.9741180986166 5.896592582762241 0
      vertex 68.9741180986166 5.896592582762241 14.8
      vertex 68.98694738000631 5.899144488573074 14.8
    endloop
  endfacet
  facet normal -0.06540305340084453 0.9978589282087154 0
    outer loop
      vertex 68.98694738000631 5.899144488573074 0
      vertex 68.98694738000631 5.899144488573074 14.8
      vertex 69 5.900000001490116 14.8
    endloop
  endfacet
  facet normal 0 1 0
    outer loop
      vertex 69 5.900000001490116 0
      vertex 69 5.900000001490116 14.8
      vertex 71 5.900000001490116 14.8
    endloop
  endfacet
  facet normal 0 0 1
    outer loop
      vertex 65.10000000149012 5.699999998509884 14.8
      vertex 64.90085551142693 5.8130526199936865 14.8
      vertex 64.89999999850988 5.8 14.8
    endloop
  endfacet
  facet normal 0 0 1
    outer loop
      vertex 65.10000000149012 5.699999998509884 14.8
      vertex 64.90340741723776 5.8258819013834 14.8
      vertex 64.90085551142693 5.8130526199936865 14.8
    endloop
  endfacet
  facet normal 0 0 1
    outer loop
      vertex 65.10000000149012 5.699999998509884 14.8
      vertex 64.9076120480895 5.838268342614174 14.8
      vertex 64.90340741723776 5.8258819013834 14.8
    endloop
  endfacet
  facet normal 0 0 1
    outer loop
      vertex 65.10000000149012 5.699999998509884 14.8
      vertex 64.91339746117592 5.849999997019768 14.8
      vertex 64.9076120480895 5.838268342614174 14.8
    endloop
  endfacet
  facet normal 0 0 1
    outer loop
      vertex 65.10000000149012 5.699999998509884 14.8
      vertex 64.92066466808319 5.8608761459589 14.8
      vertex 64.91339746117592 5.849999997019768 14.8
    endloop
  endfacet
  facet normal 0 0 1
    outer loop
      vertex 65.10000000149012 5.699999998509884 14.8
      vertex 64.92928931862116 5.870710681378841 14.8
      vertex 64.92066466808319 5.8608761459589 14.8
    endloop
  endfacet
  facet normal 0 0 1
    outer loop
      vertex 65.10000000149012 5.699999998509884 14.8
      vertex 64.9391238540411 5.879335331916809 14.8
      vertex 64.92928931862116 5.870710681378841 14.8
    endloop
  endfacet
  facet normal 0 0 1
    outer loop
      vertex 65.10000000149012 5.699999998509884 14.8
      vertex 64.95000000298023 5.886602538824081 14.8
      vertex 64.9391238540411 5.879335331916809 14.8
    endloop
  endfacet
  facet normal 0 0 1
    outer loop
      vertex 65.10000000149012 5.699999998509884 14.8
      vertex 64.96173165738583 5.892387951910496 14.8
      vertex 64.95000000298023 5.886602538824081 14.8
    endloop
  endfacet
  facet normal 0 0 1
    outer loop
      vertex 65.10000000149012 5.699999998509884 14.8
      vertex 64.9741180986166 5.896592582762241 14.8
      vertex 64.96173165738583 5.892387951910496 14.8
    endloop
  endfacet
  facet normal 0 0 1
    outer loop
      vertex 65.10000000149012 5.699999998509884 14.8
      vertex 64.98694738000631 5.899144488573074 14.8
      vertex 64.9741180986166 5.896592582762241 14.8
    endloop
  endfacet
  facet normal 0 0 1
    outer loop
      vertex 65.10000000149012 5.699999998509884 14.8
      vertex 65 5.900000001490116 14.8
      vertex 64.98694738000631 5.899144488573074 14.8
    endloop
  endfacet
  facet normal 0 0 1
    outer loop
      vertex 65.10000000149012 5.699999998509884 14.8
      vertex 66.89999999850988 5.699999998509884 14.8
      vertex 67 5.900000001490116 14.8
    endloop
  endfacet
  facet normal 0 0 1
    outer loop
      vertex 65.10000000149012 5.699999998509884 14.8
      vertex 67 5.900000001490116 14.8
      vertex 65 5.900000001490116 14.8
    endloop
  endfacet
  facet normal 0 0 1
    outer loop
      vertex 66.89999999850988 5.699999998509884 14.8
      vertex 67.10000000149012 5.8 14.8
      vertex 67.09914448857307 5.8130526199936865 14.8
    endloop
  endfacet
  facet normal 0 0 1
    outer loop
      vertex 66.89999999850988 5.699999998509884 14.8
      vertex 67.09914448857307 5.8130526199936865 14.8
      vertex 67.09659258276224 5.8258819013834 14.8
    endloop
  endfacet
  facet normal 0 0 1
    outer loop
      vertex 66.89999999850988 5.699999998509884 14.8
      vertex 67.09659258276224 5.8258819013834 14.8
      vertex 67.0923879519105 5.838268342614174 14.8
    endloop
  endfacet
  facet normal 0 0 1
    outer loop
      vertex 66.89999999850988 5.699999998509884 14.8
      vertex 67.07933533191681 5.8608761459589 14.8
      vertex 67.07071068137884 5.870710681378841 14.8
    endloop
  endfacet
  facet normal 0 0 1
    outer loop
      vertex 66.89999999850988 5.699999998509884 14.8
      vertex 67.0923879519105 5.838268342614174 14.8
      vertex 67.08660253882408 5.849999997019768 14.8
    endloop
  endfacet
  facet normal 0 0 1
    outer loop
      vertex 66.89999999850988 5.699999998509884 14.8
      vertex 67.08660253882408 5.849999997019768 14.8
      vertex 67.07933533191681 5.8608761459589 14.8
    endloop
  endfacet
  facet normal 0 0 1
    outer loop
      vertex 66.89999999850988 5.699999998509884 14.8
      vertex 67.07071068137884 5.870710681378841 14.8
      vertex 67.0608761459589 5.879335331916809 14.8
    endloop
  endfacet
  facet normal 0 0 1
    outer loop
      vertex 66.89999999850988 5.699999998509884 14.8
      vertex 67.0608761459589 5.879335331916809 14.8
      vertex 67.04999999701977 5.886602538824081 14.8
    endloop
  endfacet
  facet normal 0 0 1
    outer loop
      vertex 66.89999999850988 5.699999998509884 14.8
      vertex 67.01305261999369 5.899144488573074 14.8
      vertex 67 5.900000001490116 14.8
    endloop
  endfacet
  facet normal 0 0 1
    outer loop
      vertex 66.89999999850988 5.699999998509884 14.8
      vertex 67.04999999701977 5.886602538824081 14.8
      vertex 67.03826834261417 5.892387951910496 14.8
    endloop
  endfacet
  facet normal 0 0 1
    outer loop
      vertex 66.89999999850988 5.699999998509884 14.8
      vertex 67.0258819013834 5.896592582762241 14.8
      vertex 67.01305261999369 5.899144488573074 14.8
    endloop
  endfacet
  facet normal 0 0 1
    outer loop
      vertex 66.89999999850988 5.699999998509884 14.8
      vertex 67.03826834261417 5.892387951910496 14.8
      vertex 67.0258819013834 5.896592582762241 14.8
    endloop
  endfacet
  facet normal 0 0 1
    outer loop
      vertex 69.10000000149012 5.699999998509884 14.8
      vertex 68.90085551142693 5.8130526199936865 14.8
      vertex 68.89999999850988 5.8 14.8
    endloop
  endfacet
  facet normal 0 0 1
    outer loop
      vertex 69.10000000149012 5.699999998509884 14.8
      vertex 68.90340741723776 5.8258819013834 14.8
      vertex 68.90085551142693 5.8130526199936865 14.8
    endloop
  endfacet
  facet normal 0 0 1
    outer loop
      vertex 69.10000000149012 5.699999998509884 14.8
      vertex 68.9076120480895 5.838268342614174 14.8
      vertex 68.90340741723776 5.8258819013834 14.8
    endloop
  endfacet
  facet normal 0 0 1
    outer loop
      vertex 69.10000000149012 5.699999998509884 14.8
      vertex 68.91339746117592 5.849999997019768 14.8
      vertex 68.9076120480895 5.838268342614174 14.8
    endloop
  endfacet
  facet normal 0 0 1
    outer loop
      vertex 69.10000000149012 5.699999998509884 14.8
      vertex 68.92066466808319 5.8608761459589 14.8
      vertex 68.91339746117592 5.849999997019768 14.8
    endloop
  endfacet
  facet normal 0 0 1
    outer loop
      vertex 69.10000000149012 5.699999998509884 14.8
      vertex 68.92928931862116 5.870710681378841 14.8
      vertex 68.92066466808319 5.8608761459589 14.8
    endloop
  endfacet
  facet normal 0 0 1
    outer loop
      vertex 69.10000000149012 5.699999998509884 14.8
      vertex 68.9391238540411 5.879335331916809 14.8
      vertex 68.92928931862116 5.870710681378841 14.8
    endloop
  endfacet
  facet normal 0 0 1
    outer loop
      vertex 69.10000000149012 5.699999998509884 14.8
      vertex 68.95000000298023 5.886602538824081 14.8
      vertex 68.9391238540411 5.879335331916809 14.8
    endloop
  endfacet
  facet normal 0 0 1
    outer loop
      vertex 69.10000000149012 5.699999998509884 14.8
      vertex 68.96173165738583 5.892387951910496 14.8
      vertex 68.95000000298023 5.886602538824081 14.8
    endloop
  endfacet
  facet normal 0 0 1
    outer loop
      vertex 69.10000000149012 5.699999998509884 14.8
      vertex 68.9741180986166 5.896592582762241 14.8
      vertex 68.96173165738583 5.892387951910496 14.8
    endloop
  endfacet
  facet normal 0 0 1
    outer loop
      vertex 69.10000000149012 5.699999998509884 14.8
      vertex 68.98694738000631 5.899144488573074 14.8
      vertex 68.9741180986166 5.896592582762241 14.8
    endloop
  endfacet
  facet normal 0 0 1
    outer loop
      vertex 69.10000000149012 5.699999998509884 14.8
      vertex 69 5.900000001490116 14.8
      vertex 68.98694738000631 5.899144488573074 14.8
    endloop
  endfacet
  facet normal 0 0 1
    outer loop
      vertex 69.10000000149012 5.699999998509884 14.8
      vertex 71 5.900000001490116 14.8
      vertex 69 5.900000001490116 14.8
    endloop
  endfacet
  facet normal -0.7518400178018776 -0.6593455752726884 0
    outer loop
      vertex 70.92928931862116 0.7292893186211586 0
      vertex 70.92066466808319 0.7391238540410996 14.8
      vertex 70.92066466808319 0.7391238540410996 0
    endloop
  endfacet
  facet normal -0.8314697350809236 -0.5555700492687295 0
    outer loop
      vertex 70.92066466808319 0.7391238540410996 0
      vertex 70.91339746117592 0.7500000029802323 14.8
      vertex 70.91339746117592 0.7500000029802323 0
    endloop
  endfacet
  facet normal -0.19509054835722983 -0.9807852353811589 0
    outer loop
      vertex 70.9741180986166 0.7034074172377587 0
      vertex 70.98694738000631 0.7008555114269257 0
      vertex 70.9741180986166 0.7034074172377587 14.8
    endloop
  endfacet
  facet normal -0.06540305340084453 -0.9978589282087154 0
    outer loop
      vertex 70.98694738000631 0.7008555114269257 0
      vertex 71 0.6999999985098839 0
      vertex 70.98694738000631 0.7008555114269257 14.8
    endloop
  endfacet
  facet normal -0.32143950806452687 -0.946930114979577 0
    outer loop
      vertex 70.96173165738583 0.7076120480895043 0
      vertex 70.9741180986166 0.7034074172377587 0
      vertex 70.96173165738583 0.7076120480895043 14.8
    endloop
  endfacet
  facet normal -0.44228877486654466 -0.8968726997891344 0
    outer loop
      vertex 70.96173165738583 0.7076120480895043 0
      vertex 70.95000000298023 0.7133974611759186 14.8
      vertex 70.95000000298023 0.7133974611759186 0
    endloop
  endfacet
  facet normal -0.5555700492687295 -0.8314697350809236 0
    outer loop
      vertex 70.95000000298023 0.7133974611759186 0
      vertex 70.9391238540411 0.720664668083191 14.8
      vertex 70.9391238540411 0.720664668083191 0
    endloop
  endfacet
  facet normal -0.6593455752726884 -0.7518400178018776 0
    outer loop
      vertex 70.9391238540411 0.720664668083191 0
      vertex 70.92928931862116 0.7292893186211586 14.8
      vertex 70.92928931862116 0.7292893186211586 0
    endloop
  endfacet
  facet normal 0 -1 0
    outer loop
      vertex 71 0.6999999985098839 0
      vertex 73 0.6999999985098839 0
      vertex 71 0.6999999985098839 14.8
    endloop
  endfacet
  facet normal 0.06540305340084453 -0.9978589282087154 0
    outer loop
      vertex 73 0.6999999985098839 0
      vertex 73.01305261999369 0.7008555114269257 0
      vertex 73 0.6999999985098839 14.8
    endloop
  endfacet
  facet normal 0.19509054835722983 -0.9807852353811589 0
    outer loop
      vertex 73.01305261999369 0.7008555114269257 0
      vertex 73.0258819013834 0.7034074172377587 0
      vertex 73.01305261999369 0.7008555114269257 14.8
    endloop
  endfacet
  facet normal 0.32143950806452687 -0.946930114979577 0
    outer loop
      vertex 73.0258819013834 0.7034074172377587 0
      vertex 73.03826834261417 0.7076120480895043 0
      vertex 73.0258819013834 0.7034074172377587 14.8
    endloop
  endfacet
  facet normal 0.44228877486654466 -0.8968726997891344 0
    outer loop
      vertex 73.03826834261417 0.7076120480895043 0
      vertex 73.04999999701977 0.7133974611759186 0
      vertex 73.03826834261417 0.7076120480895043 14.8
    endloop
  endfacet
  facet normal 0.5555700492687295 -0.8314697350809236 0
    outer loop
      vertex 73.04999999701977 0.7133974611759186 0
      vertex 73.0608761459589 0.720664668083191 0
      vertex 73.04999999701977 0.7133974611759186 14.8
    endloop
  endfacet
  facet normal 0.6593455752726884 -0.7518400178018776 0
    outer loop
      vertex 73.0608761459589 0.720664668083191 0
      vertex 73.07071068137884 0.7292893186211586 0
      vertex 73.0608761459589 0.720664668083191 14.8
    endloop
  endfacet
  facet normal 0.7518400178018776 -0.6593455752726884 0
    outer loop
      vertex 73.07071068137884 0.7292893186211586 0
      vertex 73.07933533191681 0.7391238540410996 0
      vertex 73.07071068137884 0.7292893186211586 14.8
    endloop
  endfacet
  facet normal 0.8314697350809236 -0.5555700492687295 0
    outer loop
      vertex 73.07933533191681 0.7391238540410996 0
      vertex 73.08660253882408 0.7500000029802323 0
      vertex 73.07933533191681 0.7391238540410996 14.8
    endloop
  endfacet
  facet normal -0.7518400178018776 -0.6593455752726884 0
    outer loop
      vertex 74.92928931862116 0.7292893186211586 0
      vertex 74.92066466808319 0.7391238540410996 14.8
      vertex 74.92066466808319 0.7391238540410996 0
    endloop
  endfacet
  facet normal -0.8314697350809236 -0.5555700492687295 0
    outer loop
      vertex 74.92066466808319 0.7391238540410996 0
      vertex 74.91339746117592 0.7500000029802323 14.8
      vertex 74.91339746117592 0.7500000029802323 0
    endloop
  endfacet
  facet normal -0.19509054835722983 -0.9807852353811589 0
    outer loop
      vertex 74.9741180986166 0.7034074172377587 0
      vertex 74.98694738000631 0.7008555114269257 0
      vertex 74.9741180986166 0.7034074172377587 14.8
    endloop
  endfacet
  facet normal -0.06540305340084453 -0.9978589282087154 0
    outer loop
      vertex 74.98694738000631 0.7008555114269257 0
      vertex 75 0.6999999985098839 0
      vertex 74.98694738000631 0.7008555114269257 14.8
    endloop
  endfacet
  facet normal -0.44228877486654466 -0.8968726997891344 0
    outer loop
      vertex 74.96173165738583 0.7076120480895043 0
      vertex 74.95000000298023 0.7133974611759186 14.8
      vertex 74.95000000298023 0.7133974611759186 0
    endloop
  endfacet
  facet normal -0.32143950806452687 -0.946930114979577 0
    outer loop
      vertex 74.96173165738583 0.7076120480895043 0
      vertex 74.9741180986166 0.7034074172377587 0
      vertex 74.96173165738583 0.7076120480895043 14.8
    endloop
  endfacet
  facet normal -0.5555700492687295 -0.8314697350809236 0
    outer loop
      vertex 74.95000000298023 0.7133974611759186 0
      vertex 74.9391238540411 0.720664668083191 14.8
      vertex 74.9391238540411 0.720664668083191 0
    endloop
  endfacet
  facet normal -0.6593455752726884 -0.7518400178018776 0
    outer loop
      vertex 74.92928931862116 0.7292893186211586 0
      vertex 74.9391238540411 0.720664668083191 0
      vertex 74.92928931862116 0.7292893186211586 14.8
    endloop
  endfacet
  facet normal 0 0 -1
    outer loop
      vertex 70.9741180986166 0.7034074172377587 0
      vertex 71.10000000149012 0.9000000014901162 0
      vertex 70.98694738000631 0.7008555114269257 0
    endloop
  endfacet
  facet normal 0 0 -1
    outer loop
      vertex 70.96173165738583 0.7076120480895043 0
      vertex 71.10000000149012 0.9000000014901162 0
      vertex 70.9741180986166 0.7034074172377587 0
    endloop
  endfacet
  facet normal 0 0 -1
    outer loop
      vertex 70.98694738000631 0.7008555114269257 0
      vertex 71.10000000149012 0.9000000014901162 0
      vertex 71 0.6999999985098839 0
    endloop
  endfacet
  facet normal 0 0 -1
    outer loop
      vertex 70.95000000298023 0.7133974611759186 0
      vertex 70.9391238540411 0.720664668083191 0
      vertex 71.10000000149012 0.9000000014901162 0
    endloop
  endfacet
  facet normal 0 0 -1
    outer loop
      vertex 70.9391238540411 0.720664668083191 0
      vertex 70.92928931862116 0.7292893186211586 0
      vertex 71.10000000149012 0.9000000014901162 0
    endloop
  endfacet
  facet normal 0 0 -1
    outer loop
      vertex 70.96173165738583 0.7076120480895043 0
      vertex 70.95000000298023 0.7133974611759186 0
      vertex 71.10000000149012 0.9000000014901162 0
    endloop
  endfacet
  facet normal 0 0 -1
    outer loop
      vertex 70.92928931862116 0.7292893186211586 0
      vertex 70.92066466808319 0.7391238540410996 0
      vertex 71.10000000149012 0.9000000014901162 0
    endloop
  endfacet
  facet normal 0 0 -1
    outer loop
      vertex 70.92066466808319 0.7391238540410996 0
      vertex 70.91339746117592 0.7500000029802323 0
      vertex 71.10000000149012 0.9000000014901162 0
    endloop
  endfacet
  facet normal 0 0 -1
    outer loop
      vertex 70.91339746117592 0.7500000029802323 0
      vertex 70.9076120480895 0.7617316573858262 0
      vertex 71.10000000149012 0.9000000014901162 0
    endloop
  endfacet
  facet normal 0 0 -1
    outer loop
      vertex 70.9076120480895 0.7617316573858262 0
      vertex 70.90340741723776 0.7741180986166001 0
      vertex 71.10000000149012 0.9000000014901162 0
    endloop
  endfacet
  facet normal 0 0 -1
    outer loop
      vertex 70.90340741723776 0.7741180986166001 0
      vertex 70.90085551142693 0.7869473800063134 0
      vertex 71.10000000149012 0.9000000014901162 0
    endloop
  endfacet
  facet normal 0 0 -1
    outer loop
      vertex 70.90085551142693 0.7869473800063134 0
      vertex 70.89999999850988 0.8 0
      vertex 71.10000000149012 0.9000000014901162 0
    endloop
  endfacet
  facet normal 0 0 -1
    outer loop
      vertex 71 0.6999999985098839 0
      vertex 71.10000000149012 0.9000000014901162 0
      vertex 72.89999999850988 0.9000000014901162 0
    endloop
  endfacet
  facet normal 0 0 -1
    outer loop
      vertex 71 0.6999999985098839 0
      vertex 72.89999999850988 0.9000000014901162 0
      vertex 73 0.6999999985098839 0
    endloop
  endfacet
  facet normal 0 0 -1
    outer loop
      vertex 73.01305261999369 0.7008555114269257 0
      vertex 72.89999999850988 0.9000000014901162 0
      vertex 73.0258819013834 0.7034074172377587 0
    endloop
  endfacet
  facet normal 0 0 -1
    outer loop
      vertex 73 0.6999999985098839 0
      vertex 72.89999999850988 0.9000000014901162 0
      vertex 73.01305261999369 0.7008555114269257 0
    endloop
  endfacet
  facet normal 0 0 -1
    outer loop
      vertex 73.0258819013834 0.7034074172377587 0
      vertex 72.89999999850988 0.9000000014901162 0
      vertex 73.03826834261417 0.7076120480895043 0
    endloop
  endfacet
  facet normal 0 0 -1
    outer loop
      vertex 73.03826834261417 0.7076120480895043 0
      vertex 72.89999999850988 0.9000000014901162 0
      vertex 73.04999999701977 0.7133974611759186 0
    endloop
  endfacet
  facet normal 0 0 -1
    outer loop
      vertex 73.04999999701977 0.7133974611759186 0
      vertex 72.89999999850988 0.9000000014901162 0
      vertex 73.0608761459589 0.720664668083191 0
    endloop
  endfacet
  facet normal 0 0 -1
    outer loop
      vertex 73.0608761459589 0.720664668083191 0
      vertex 72.89999999850988 0.9000000014901162 0
      vertex 73.07071068137884 0.7292893186211586 0
    endloop
  endfacet
  facet normal 0 0 -1
    outer loop
      vertex 73.07071068137884 0.7292893186211586 0
      vertex 72.89999999850988 0.9000000014901162 0
      vertex 73.07933533191681 0.7391238540410996 0
    endloop
  endfacet
  facet normal 0 0 -1
    outer loop
      vertex 73.07933533191681 0.7391238540410996 0
      vertex 72.89999999850988 0.9000000014901162 0
      vertex 73.08660253882408 0.7500000029802323 0
    endloop
  endfacet
  facet normal 0 0 -1
    outer loop
      vertex 73.08660253882408 0.7500000029802323 0
      vertex 72.89999999850988 0.9000000014901162 0
      vertex 73.0923879519105 0.7617316573858262 0
    endloop
  endfacet
  facet normal 0 0 -1
    outer loop
      vertex 73.0923879519105 0.7617316573858262 0
      vertex 72.89999999850988 0.9000000014901162 0
      vertex 73.09659258276224 0.7741180986166001 0
    endloop
  endfacet
  facet normal 0 0 -1
    outer loop
      vertex 73.09659258276224 0.7741180986166001 0
      vertex 72.89999999850988 0.9000000014901162 0
      vertex 73.09914448857307 0.7869473800063134 0
    endloop
  endfacet
  facet normal 0 0 -1
    outer loop
      vertex 73.09914448857307 0.7869473800063134 0
      vertex 72.89999999850988 0.9000000014901162 0
      vertex 73.10000000149012 0.8 0
    endloop
  endfacet
  facet normal 0 0 -1
    outer loop
      vertex 74.9741180986166 0.7034074172377587 0
      vertex 75.10000000149012 0.9000000014901162 0
      vertex 74.98694738000631 0.7008555114269257 0
    endloop
  endfacet
  facet normal 0 0 -1
    outer loop
      vertex 74.96173165738583 0.7076120480895043 0
      vertex 75.10000000149012 0.9000000014901162 0
      vertex 74.9741180986166 0.7034074172377587 0
    endloop
  endfacet
  facet normal 0 0 -1
    outer loop
      vertex 74.98694738000631 0.7008555114269257 0
      vertex 75.10000000149012 0.9000000014901162 0
      vertex 75 0.6999999985098839 0
    endloop
  endfacet
  facet normal 0 0 -1
    outer loop
      vertex 74.96173165738583 0.7076120480895043 0
      vertex 74.95000000298023 0.7133974611759186 0
      vertex 75.10000000149012 0.9000000014901162 0
    endloop
  endfacet
  facet normal 0 0 -1
    outer loop
      vertex 74.95000000298023 0.7133974611759186 0
      vertex 74.9391238540411 0.720664668083191 0
      vertex 75.10000000149012 0.9000000014901162 0
    endloop
  endfacet
  facet normal 0 0 -1
    outer loop
      vertex 74.92928931862116 0.7292893186211586 0
      vertex 75.10000000149012 0.9000000014901162 0
      vertex 74.9391238540411 0.720664668083191 0
    endloop
  endfacet
  facet normal 0 0 -1
    outer loop
      vertex 74.92928931862116 0.7292893186211586 0
      vertex 74.92066466808319 0.7391238540410996 0
      vertex 75.10000000149012 0.9000000014901162 0
    endloop
  endfacet
  facet normal 0 0 -1
    outer loop
      vertex 74.92066466808319 0.7391238540410996 0
      vertex 74.91339746117592 0.7500000029802323 0
      vertex 75.10000000149012 0.9000000014901162 0
    endloop
  endfacet
  facet normal 0 0 -1
    outer loop
      vertex 74.91339746117592 0.7500000029802323 0
      vertex 74.9076120480895 0.7617316573858262 0
      vertex 75.10000000149012 0.9000000014901162 0
    endloop
  endfacet
  facet normal 0 0 -1
    outer loop
      vertex 74.9076120480895 0.7617316573858262 0
      vertex 74.90340741723776 0.7741180986166001 0
      vertex 75.10000000149012 0.9000000014901162 0
    endloop
  endfacet
  facet normal 0 0 -1
    outer loop
      vertex 74.90340741723776 0.7741180986166001 0
      vertex 74.90085551142693 0.7869473800063134 0
      vertex 75.10000000149012 0.9000000014901162 0
    endloop
  endfacet
  facet normal 0 0 -1
    outer loop
      vertex 74.90085551142693 0.7869473800063134 0
      vertex 74.89999999850988 0.8 0
      vertex 75.10000000149012 0.9000000014901162 0
    endloop
  endfacet
  facet normal -0.8968726997891344 -0.44228877486654466 0
    outer loop
      vertex 70.91339746117592 0.7500000029802323 0
      vertex 70.9076120480895 0.7617316573858262 14.8
      vertex 70.9076120480895 0.7617316573858262 0
    endloop
  endfacet
  facet normal -0.946930114979577 -0.32143950806452687 0
    outer loop
      vertex 70.9076120480895 0.7617316573858262 0
      vertex 70.90340741723776 0.7741180986166001 14.8
      vertex 70.90340741723776 0.7741180986166001 0
    endloop
  endfacet
  facet normal -0.9807852353811589 -0.19509054835722983 0
    outer loop
      vertex 70.90340741723776 0.7741180986166001 0
      vertex 70.90085551142693 0.7869473800063134 14.8
      vertex 70.90085551142693 0.7869473800063134 0
    endloop
  endfacet
  facet normal -0.9978589282087154 -0.06540305340084453 0
    outer loop
      vertex 70.90085551142693 0.7869473800063134 0
      vertex 70.89999999850988 0.8 14.8
      vertex 70.89999999850988 0.8 0
    endloop
  endfacet
  facet normal 0 1 0
    outer loop
      vertex 71.10000000149012 0.9000000014901162 0
      vertex 72.89999999850988 0.9000000014901162 14.8
      vertex 72.89999999850988 0.9000000014901162 0
    endloop
  endfacet
  facet normal 0.8968726997891344 -0.44228877486654466 0
    outer loop
      vertex 73.08660253882408 0.7500000029802323 0
      vertex 73.0923879519105 0.7617316573858262 0
      vertex 73.08660253882408 0.7500000029802323 14.8
    endloop
  endfacet
  facet normal 0.946930114979577 -0.32143950806452687 0
    outer loop
      vertex 73.0923879519105 0.7617316573858262 0
      vertex 73.09659258276224 0.7741180986166001 0
      vertex 73.0923879519105 0.7617316573858262 14.8
    endloop
  endfacet
  facet normal 0.9807852353811589 -0.19509054835722983 0
    outer loop
      vertex 73.09659258276224 0.7741180986166001 0
      vertex 73.09914448857307 0.7869473800063134 0
      vertex 73.09659258276224 0.7741180986166001 14.8
    endloop
  endfacet
  facet normal 0.9978589282087154 -0.06540305340084453 0
    outer loop
      vertex 73.09914448857307 0.7869473800063134 0
      vertex 73.10000000149012 0.8 0
      vertex 73.09914448857307 0.7869473800063134 14.8
    endloop
  endfacet
  facet normal -0.8968726997891344 -0.44228877486654466 0
    outer loop
      vertex 74.91339746117592 0.7500000029802323 0
      vertex 74.9076120480895 0.7617316573858262 14.8
      vertex 74.9076120480895 0.7617316573858262 0
    endloop
  endfacet
  facet normal -0.946930114979577 -0.32143950806452687 0
    outer loop
      vertex 74.9076120480895 0.7617316573858262 0
      vertex 74.90340741723776 0.7741180986166001 14.8
      vertex 74.90340741723776 0.7741180986166001 0
    endloop
  endfacet
  facet normal -0.9807852353811589 -0.19509054835722983 0
    outer loop
      vertex 74.90340741723776 0.7741180986166001 0
      vertex 74.90085551142693 0.7869473800063134 14.8
      vertex 74.90085551142693 0.7869473800063134 0
    endloop
  endfacet
  facet normal -0.9978589282087154 -0.06540305340084453 0
    outer loop
      vertex 74.90085551142693 0.7869473800063134 0
      vertex 74.89999999850988 0.8 14.8
      vertex 74.89999999850988 0.8 0
    endloop
  endfacet
  facet normal 0 -1 0
    outer loop
      vertex 75 0.6999999985098839 0
      vertex 77 0.6999999985098839 0
      vertex 75 0.6999999985098839 14.8
    endloop
  endfacet
  facet normal 0.06540305340084453 -0.9978589282087154 0
    outer loop
      vertex 77 0.6999999985098839 0
      vertex 77.01305261999369 0.7008555114269257 0
      vertex 77 0.6999999985098839 14.8
    endloop
  endfacet
  facet normal 0.19509054835722983 -0.9807852353811589 0
    outer loop
      vertex 77.01305261999369 0.7008555114269257 0
      vertex 77.0258819013834 0.7034074172377587 0
      vertex 77.01305261999369 0.7008555114269257 14.8
    endloop
  endfacet
  facet normal 0.32143950806452687 -0.946930114979577 0
    outer loop
      vertex 77.0258819013834 0.7034074172377587 0
      vertex 77.03826834261417 0.7076120480895043 0
      vertex 77.0258819013834 0.7034074172377587 14.8
    endloop
  endfacet
  facet normal 0.44228877486654466 -0.8968726997891344 0
    outer loop
      vertex 77.03826834261417 0.7076120480895043 0
      vertex 77.04999999701977 0.7133974611759186 0
      vertex 77.03826834261417 0.7076120480895043 14.8
    endloop
  endfacet
  facet normal 0.5555700492687295 -0.8314697350809236 0
    outer loop
      vertex 77.04999999701977 0.7133974611759186 0
      vertex 77.0608761459589 0.720664668083191 0
      vertex 77.04999999701977 0.7133974611759186 14.8
    endloop
  endfacet
  facet normal 0.6593455752726884 -0.7518400178018776 0
    outer loop
      vertex 77.0608761459589 0.720664668083191 0
      vertex 77.07071068137884 0.7292893186211586 0
      vertex 77.0608761459589 0.720664668083191 14.8
    endloop
  endfacet
  facet normal 0.7518400178018776 -0.6593455752726884 0
    outer loop
      vertex 77.07071068137884 0.7292893186211586 0
      vertex 77.07933533191681 0.7391238540410996 0
      vertex 77.07071068137884 0.7292893186211586 14.8
    endloop
  endfacet
  facet normal 0.8314697350809236 -0.5555700492687295 0
    outer loop
      vertex 77.07933533191681 0.7391238540410996 0
      vertex 77.08660253882408 0.7500000029802323 0
      vertex 77.07933533191681 0.7391238540410996 14.8
    endloop
  endfacet
  facet normal -0.6593455752726884 -0.7518400178018776 0
    outer loop
      vertex 78.92928931862116 0.7292893186211586 0
      vertex 78.9391238540411 0.720664668083191 0
      vertex 78.92928931862116 0.7292893186211586 14.8
    endloop
  endfacet
  facet normal -0.7518400178018776 -0.6593455752726884 0
    outer loop
      vertex 78.92928931862116 0.7292893186211586 0
      vertex 78.92066466808319 0.7391238540410996 14.8
      vertex 78.92066466808319 0.7391238540410996 0
    endloop
  endfacet
  facet normal -0.8314697350809236 -0.5555700492687295 0
    outer loop
      vertex 78.92066466808319 0.7391238540410996 0
      vertex 78.91339746117592 0.7500000029802323 14.8
      vertex 78.91339746117592 0.7500000029802323 0
    endloop
  endfacet
  facet normal -0.19509054835722983 -0.9807852353811589 0
    outer loop
      vertex 78.9741180986166 0.7034074172377587 0
      vertex 78.98694738000631 0.7008555114269257 0
      vertex 78.9741180986166 0.7034074172377587 14.8
    endloop
  endfacet
  facet normal -0.06540305340084453 -0.9978589282087154 0
    outer loop
      vertex 78.98694738000631 0.7008555114269257 0
      vertex 79 0.6999999985098839 0
      vertex 78.98694738000631 0.7008555114269257 14.8
    endloop
  endfacet
  facet normal -0.32143950806452687 -0.946930114979577 0
    outer loop
      vertex 78.9741180986166 0.7034074172377587 0
      vertex 78.96173165738583 0.7076120480895043 14.8
      vertex 78.96173165738583 0.7076120480895043 0
    endloop
  endfacet
  facet normal -0.44228877486654466 -0.8968726997891344 0
    outer loop
      vertex 78.96173165738583 0.7076120480895043 0
      vertex 78.95000000298023 0.7133974611759186 14.8
      vertex 78.95000000298023 0.7133974611759186 0
    endloop
  endfacet
  facet normal -0.5555700492687295 -0.8314697350809236 0
    outer loop
      vertex 78.95000000298023 0.7133974611759186 0
      vertex 78.9391238540411 0.720664668083191 14.8
      vertex 78.9391238540411 0.720664668083191 0
    endloop
  endfacet
  facet normal 0 -1 0
    outer loop
      vertex 79 0.6999999985098839 0
      vertex 81 0.6999999985098839 0
      vertex 79 0.6999999985098839 14.8
    endloop
  endfacet
  facet normal 0.06540305340084453 -0.9978589282087154 0
    outer loop
      vertex 81 0.6999999985098839 0
      vertex 81.01305261999369 0.7008555114269257 0
      vertex 81 0.6999999985098839 14.8
    endloop
  endfacet
  facet normal 0.19509054835722983 -0.9807852353811589 0
    outer loop
      vertex 81.01305261999369 0.7008555114269257 0
      vertex 81.0258819013834 0.7034074172377587 0
      vertex 81.01305261999369 0.7008555114269257 14.8
    endloop
  endfacet
  facet normal 0.32143950806452687 -0.946930114979577 0
    outer loop
      vertex 81.0258819013834 0.7034074172377587 0
      vertex 81.03826834261417 0.7076120480895043 0
      vertex 81.0258819013834 0.7034074172377587 14.8
    endloop
  endfacet
  facet normal 0.44228877486654466 -0.8968726997891344 0
    outer loop
      vertex 81.03826834261417 0.7076120480895043 0
      vertex 81.04999999701977 0.7133974611759186 0
      vertex 81.03826834261417 0.7076120480895043 14.8
    endloop
  endfacet
  facet normal 0.5555700492687295 -0.8314697350809236 0
    outer loop
      vertex 81.04999999701977 0.7133974611759186 0
      vertex 81.0608761459589 0.720664668083191 0
      vertex 81.04999999701977 0.7133974611759186 14.8
    endloop
  endfacet
  facet normal 0.6593455752726884 -0.7518400178018776 0
    outer loop
      vertex 81.0608761459589 0.720664668083191 0
      vertex 81.07071068137884 0.7292893186211586 0
      vertex 81.0608761459589 0.720664668083191 14.8
    endloop
  endfacet
  facet normal 0.7518400178018776 -0.6593455752726884 0
    outer loop
      vertex 81.07071068137884 0.7292893186211586 0
      vertex 81.07933533191681 0.7391238540410996 0
      vertex 81.07071068137884 0.7292893186211586 14.8
    endloop
  endfacet
  facet normal 0.8314697350809236 -0.5555700492687295 0
    outer loop
      vertex 81.07933533191681 0.7391238540410996 0
      vertex 81.08660253882408 0.7500000029802323 0
      vertex 81.07933533191681 0.7391238540410996 14.8
    endloop
  endfacet
  facet normal 0 0 -1
    outer loop
      vertex 75 0.6999999985098839 0
      vertex 75.10000000149012 0.9000000014901162 0
      vertex 76.89999999850988 0.9000000014901162 0
    endloop
  endfacet
  facet normal 0 0 -1
    outer loop
      vertex 75 0.6999999985098839 0
      vertex 76.89999999850988 0.9000000014901162 0
      vertex 77 0.6999999985098839 0
    endloop
  endfacet
  facet normal 0 0 -1
    outer loop
      vertex 77 0.6999999985098839 0
      vertex 76.89999999850988 0.9000000014901162 0
      vertex 77.01305261999369 0.7008555114269257 0
    endloop
  endfacet
  facet normal 0 0 -1
    outer loop
      vertex 77.0258819013834 0.7034074172377587 0
      vertex 76.89999999850988 0.9000000014901162 0
      vertex 77.03826834261417 0.7076120480895043 0
    endloop
  endfacet
  facet normal 0 0 -1
    outer loop
      vertex 77.01305261999369 0.7008555114269257 0
      vertex 76.89999999850988 0.9000000014901162 0
      vertex 77.0258819013834 0.7034074172377587 0
    endloop
  endfacet
  facet normal 0 0 -1
    outer loop
      vertex 77.03826834261417 0.7076120480895043 0
      vertex 76.89999999850988 0.9000000014901162 0
      vertex 77.04999999701977 0.7133974611759186 0
    endloop
  endfacet
  facet normal 0 0 -1
    outer loop
      vertex 77.04999999701977 0.7133974611759186 0
      vertex 76.89999999850988 0.9000000014901162 0
      vertex 77.0608761459589 0.720664668083191 0
    endloop
  endfacet
  facet normal 0 0 -1
    outer loop
      vertex 77.0608761459589 0.720664668083191 0
      vertex 76.89999999850988 0.9000000014901162 0
      vertex 77.07071068137884 0.7292893186211586 0
    endloop
  endfacet
  facet normal 0 0 -1
    outer loop
      vertex 77.07071068137884 0.7292893186211586 0
      vertex 76.89999999850988 0.9000000014901162 0
      vertex 77.07933533191681 0.7391238540410996 0
    endloop
  endfacet
  facet normal 0 0 -1
    outer loop
      vertex 77.07933533191681 0.7391238540410996 0
      vertex 76.89999999850988 0.9000000014901162 0
      vertex 77.08660253882408 0.7500000029802323 0
    endloop
  endfacet
  facet normal 0 0 -1
    outer loop
      vertex 77.08660253882408 0.7500000029802323 0
      vertex 76.89999999850988 0.9000000014901162 0
      vertex 77.0923879519105 0.7617316573858262 0
    endloop
  endfacet
  facet normal 0 0 -1
    outer loop
      vertex 77.0923879519105 0.7617316573858262 0
      vertex 76.89999999850988 0.9000000014901162 0
      vertex 77.09659258276224 0.7741180986166001 0
    endloop
  endfacet
  facet normal 0 0 -1
    outer loop
      vertex 77.09659258276224 0.7741180986166001 0
      vertex 76.89999999850988 0.9000000014901162 0
      vertex 77.09914448857307 0.7869473800063134 0
    endloop
  endfacet
  facet normal 0 0 -1
    outer loop
      vertex 77.09914448857307 0.7869473800063134 0
      vertex 76.89999999850988 0.9000000014901162 0
      vertex 77.10000000149012 0.8 0
    endloop
  endfacet
  facet normal 0 0 -1
    outer loop
      vertex 78.9741180986166 0.7034074172377587 0
      vertex 78.96173165738583 0.7076120480895043 0
      vertex 79.10000000149012 0.9000000014901162 0
    endloop
  endfacet
  facet normal 0 0 -1
    outer loop
      vertex 78.9741180986166 0.7034074172377587 0
      vertex 79.10000000149012 0.9000000014901162 0
      vertex 78.98694738000631 0.7008555114269257 0
    endloop
  endfacet
  facet normal 0 0 -1
    outer loop
      vertex 78.98694738000631 0.7008555114269257 0
      vertex 79.10000000149012 0.9000000014901162 0
      vertex 79 0.6999999985098839 0
    endloop
  endfacet
  facet normal 0 0 -1
    outer loop
      vertex 78.96173165738583 0.7076120480895043 0
      vertex 78.95000000298023 0.7133974611759186 0
      vertex 79.10000000149012 0.9000000014901162 0
    endloop
  endfacet
  facet normal 0 0 -1
    outer loop
      vertex 78.95000000298023 0.7133974611759186 0
      vertex 78.9391238540411 0.720664668083191 0
      vertex 79.10000000149012 0.9000000014901162 0
    endloop
  endfacet
  facet normal 0 0 -1
    outer loop
      vertex 78.92928931862116 0.7292893186211586 0
      vertex 79.10000000149012 0.9000000014901162 0
      vertex 78.9391238540411 0.720664668083191 0
    endloop
  endfacet
  facet normal 0 0 -1
    outer loop
      vertex 78.92928931862116 0.7292893186211586 0
      vertex 78.92066466808319 0.7391238540410996 0
      vertex 79.10000000149012 0.9000000014901162 0
    endloop
  endfacet
  facet normal 0 0 -1
    outer loop
      vertex 78.92066466808319 0.7391238540410996 0
      vertex 78.91339746117592 0.7500000029802323 0
      vertex 79.10000000149012 0.9000000014901162 0
    endloop
  endfacet
  facet normal 0 0 -1
    outer loop
      vertex 78.91339746117592 0.7500000029802323 0
      vertex 78.9076120480895 0.7617316573858262 0
      vertex 79.10000000149012 0.9000000014901162 0
    endloop
  endfacet
  facet normal 0 0 -1
    outer loop
      vertex 78.9076120480895 0.7617316573858262 0
      vertex 78.90340741723776 0.7741180986166001 0
      vertex 79.10000000149012 0.9000000014901162 0
    endloop
  endfacet
  facet normal 0 0 -1
    outer loop
      vertex 78.90340741723776 0.7741180986166001 0
      vertex 78.90085551142693 0.7869473800063134 0
      vertex 79.10000000149012 0.9000000014901162 0
    endloop
  endfacet
  facet normal 0 0 -1
    outer loop
      vertex 78.90085551142693 0.7869473800063134 0
      vertex 78.89999999850988 0.8 0
      vertex 79.10000000149012 0.9000000014901162 0
    endloop
  endfacet
  facet normal 0 0 -1
    outer loop
      vertex 79 0.6999999985098839 0
      vertex 79.10000000149012 0.9000000014901162 0
      vertex 80.89999999850988 0.9000000014901162 0
    endloop
  endfacet
  facet normal 0 0 -1
    outer loop
      vertex 79 0.6999999985098839 0
      vertex 80.89999999850988 0.9000000014901162 0
      vertex 81 0.6999999985098839 0
    endloop
  endfacet
  facet normal 0 0 -1
    outer loop
      vertex 81.0258819013834 0.7034074172377587 0
      vertex 80.89999999850988 0.9000000014901162 0
      vertex 81.03826834261417 0.7076120480895043 0
    endloop
  endfacet
  facet normal 0 0 -1
    outer loop
      vertex 81.01305261999369 0.7008555114269257 0
      vertex 80.89999999850988 0.9000000014901162 0
      vertex 81.0258819013834 0.7034074172377587 0
    endloop
  endfacet
  facet normal 0 0 -1
    outer loop
      vertex 81 0.6999999985098839 0
      vertex 80.89999999850988 0.9000000014901162 0
      vertex 81.01305261999369 0.7008555114269257 0
    endloop
  endfacet
  facet normal 0 0 -1
    outer loop
      vertex 81.03826834261417 0.7076120480895043 0
      vertex 80.89999999850988 0.9000000014901162 0
      vertex 81.04999999701977 0.7133974611759186 0
    endloop
  endfacet
  facet normal 0 0 -1
    outer loop
      vertex 81.04999999701977 0.7133974611759186 0
      vertex 80.89999999850988 0.9000000014901162 0
      vertex 81.0608761459589 0.720664668083191 0
    endloop
  endfacet
  facet normal 0 0 -1
    outer loop
      vertex 81.0608761459589 0.720664668083191 0
      vertex 80.89999999850988 0.9000000014901162 0
      vertex 81.07071068137884 0.7292893186211586 0
    endloop
  endfacet
  facet normal 0 0 -1
    outer loop
      vertex 81.07071068137884 0.7292893186211586 0
      vertex 80.89999999850988 0.9000000014901162 0
      vertex 81.07933533191681 0.7391238540410996 0
    endloop
  endfacet
  facet normal 0 0 -1
    outer loop
      vertex 81.07933533191681 0.7391238540410996 0
      vertex 80.89999999850988 0.9000000014901162 0
      vertex 81.08660253882408 0.7500000029802323 0
    endloop
  endfacet
  facet normal 0 0 -1
    outer loop
      vertex 81.08660253882408 0.7500000029802323 0
      vertex 80.89999999850988 0.9000000014901162 0
      vertex 81.0923879519105 0.7617316573858262 0
    endloop
  endfacet
  facet normal 0 0 -1
    outer loop
      vertex 81.0923879519105 0.7617316573858262 0
      vertex 80.89999999850988 0.9000000014901162 0
      vertex 81.09659258276224 0.7741180986166001 0
    endloop
  endfacet
  facet normal 0 0 -1
    outer loop
      vertex 81.09659258276224 0.7741180986166001 0
      vertex 80.89999999850988 0.9000000014901162 0
      vertex 81.09914448857307 0.7869473800063134 0
    endloop
  endfacet
  facet normal 0 0 -1
    outer loop
      vertex 81.09914448857307 0.7869473800063134 0
      vertex 80.89999999850988 0.9000000014901162 0
      vertex 81.10000000149012 0.8 0
    endloop
  endfacet
  facet normal 0 1 0
    outer loop
      vertex 75.10000000149012 0.9000000014901162 0
      vertex 76.89999999850988 0.9000000014901162 14.8
      vertex 76.89999999850988 0.9000000014901162 0
    endloop
  endfacet
  facet normal 0.8968726997891344 -0.44228877486654466 0
    outer loop
      vertex 77.08660253882408 0.7500000029802323 0
      vertex 77.0923879519105 0.7617316573858262 0
      vertex 77.08660253882408 0.7500000029802323 14.8
    endloop
  endfacet
  facet normal 0.946930114979577 -0.32143950806452687 0
    outer loop
      vertex 77.0923879519105 0.7617316573858262 0
      vertex 77.09659258276224 0.7741180986166001 0
      vertex 77.0923879519105 0.7617316573858262 14.8
    endloop
  endfacet
  facet normal 0.9807852353811589 -0.19509054835722983 0
    outer loop
      vertex 77.09659258276224 0.7741180986166001 0
      vertex 77.09914448857307 0.7869473800063134 0
      vertex 77.09659258276224 0.7741180986166001 14.8
    endloop
  endfacet
  facet normal 0.9978589282087154 -0.06540305340084453 0
    outer loop
      vertex 77.09914448857307 0.7869473800063134 0
      vertex 77.10000000149012 0.8 0
      vertex 77.09914448857307 0.7869473800063134 14.8
    endloop
  endfacet
  facet normal -0.8968726997891344 -0.44228877486654466 0
    outer loop
      vertex 78.91339746117592 0.7500000029802323 0
      vertex 78.9076120480895 0.7617316573858262 14.8
      vertex 78.9076120480895 0.7617316573858262 0
    endloop
  endfacet
  facet normal -0.946930114979577 -0.32143950806452687 0
    outer loop
      vertex 78.9076120480895 0.7617316573858262 0
      vertex 78.90340741723776 0.7741180986166001 14.8
      vertex 78.90340741723776 0.7741180986166001 0
    endloop
  endfacet
  facet normal -0.9807852353811589 -0.19509054835722983 0
    outer loop
      vertex 78.90340741723776 0.7741180986166001 0
      vertex 78.90085551142693 0.7869473800063134 14.8
      vertex 78.90085551142693 0.7869473800063134 0
    endloop
  endfacet
  facet normal -0.9978589282087154 -0.06540305340084453 0
    outer loop
      vertex 78.90085551142693 0.7869473800063134 0
      vertex 78.89999999850988 0.8 14.8
      vertex 78.89999999850988 0.8 0
    endloop
  endfacet
  facet normal 0 1 0
    outer loop
      vertex 79.10000000149012 0.9000000014901162 0
      vertex 80.89999999850988 0.9000000014901162 14.8
      vertex 80.89999999850988 0.9000000014901162 0
    endloop
  endfacet
  facet normal 0.8968726997891344 -0.44228877486654466 0
    outer loop
      vertex 81.08660253882408 0.7500000029802323 0
      vertex 81.0923879519105 0.7617316573858262 0
      vertex 81.08660253882408 0.7500000029802323 14.8
    endloop
  endfacet
  facet normal 0.946930114979577 -0.32143950806452687 0
    outer loop
      vertex 81.0923879519105 0.7617316573858262 0
      vertex 81.09659258276224 0.7741180986166001 0
      vertex 81.0923879519105 0.7617316573858262 14.8
    endloop
  endfacet
  facet normal 0.9807852353811589 -0.19509054835722983 0
    outer loop
      vertex 81.09659258276224 0.7741180986166001 0
      vertex 81.09914448857307 0.7869473800063134 0
      vertex 81.09659258276224 0.7741180986166001 14.8
    endloop
  endfacet
  facet normal 0.9978589282087154 -0.06540305340084453 0
    outer loop
      vertex 81.09914448857307 0.7869473800063134 0
      vertex 81.10000000149012 0.8 0
      vertex 81.09914448857307 0.7869473800063134 14.8
    endloop
  endfacet
  facet normal -0.7518400178018776 -0.6593455752726884 0
    outer loop
      vertex 70.92928931862116 0.7292893186211586 0
      vertex 70.92928931862116 0.7292893186211586 14.8
      vertex 70.92066466808319 0.7391238540410996 14.8
    endloop
  endfacet
  facet normal -0.8314697350809236 -0.5555700492687295 0
    outer loop
      vertex 70.92066466808319 0.7391238540410996 0
      vertex 70.92066466808319 0.7391238540410996 14.8
      vertex 70.91339746117592 0.7500000029802323 14.8
    endloop
  endfacet
  facet normal -0.19509054835722983 -0.9807852353811589 0
    outer loop
      vertex 70.98694738000631 0.7008555114269257 0
      vertex 70.98694738000631 0.7008555114269257 14.8
      vertex 70.9741180986166 0.7034074172377587 14.8
    endloop
  endfacet
  facet normal -0.06540305340084453 -0.9978589282087154 0
    outer loop
      vertex 70.98694738000631 0.7008555114269257 14.8
      vertex 71 0.6999999985098839 0
      vertex 71 0.6999999985098839 14.8
    endloop
  endfacet
  facet normal -0.32143950806452687 -0.946930114979577 0
    outer loop
      vertex 70.9741180986166 0.7034074172377587 0
      vertex 70.9741180986166 0.7034074172377587 14.8
      vertex 70.96173165738583 0.7076120480895043 14.8
    endloop
  endfacet
  facet normal -0.44228877486654466 -0.8968726997891344 0
    outer loop
      vertex 70.96173165738583 0.7076120480895043 0
      vertex 70.96173165738583 0.7076120480895043 14.8
      vertex 70.95000000298023 0.7133974611759186 14.8
    endloop
  endfacet
  facet normal -0.5555700492687295 -0.8314697350809236 0
    outer loop
      vertex 70.95000000298023 0.7133974611759186 0
      vertex 70.95000000298023 0.7133974611759186 14.8
      vertex 70.9391238540411 0.720664668083191 14.8
    endloop
  endfacet
  facet normal -0.6593455752726884 -0.7518400178018776 0
    outer loop
      vertex 70.9391238540411 0.720664668083191 0
      vertex 70.9391238540411 0.720664668083191 14.8
      vertex 70.92928931862116 0.7292893186211586 14.8
    endloop
  endfacet
  facet normal 0 -1 0
    outer loop
      vertex 73 0.6999999985098839 0
      vertex 73 0.6999999985098839 14.8
      vertex 71 0.6999999985098839 14.8
    endloop
  endfacet
  facet normal 0.06540305340084453 -0.9978589282087154 0
    outer loop
      vertex 73.01305261999369 0.7008555114269257 0
      vertex 73.01305261999369 0.7008555114269257 14.8
      vertex 73 0.6999999985098839 14.8
    endloop
  endfacet
  facet normal 0.19509054835722983 -0.9807852353811589 0
    outer loop
      vertex 73.0258819013834 0.7034074172377587 0
      vertex 73.0258819013834 0.7034074172377587 14.8
      vertex 73.01305261999369 0.7008555114269257 14.8
    endloop
  endfacet
  facet normal 0.32143950806452687 -0.946930114979577 0
    outer loop
      vertex 73.03826834261417 0.7076120480895043 0
      vertex 73.03826834261417 0.7076120480895043 14.8
      vertex 73.0258819013834 0.7034074172377587 14.8
    endloop
  endfacet
  facet normal 0.44228877486654466 -0.8968726997891344 0
    outer loop
      vertex 73.04999999701977 0.7133974611759186 0
      vertex 73.04999999701977 0.7133974611759186 14.8
      vertex 73.03826834261417 0.7076120480895043 14.8
    endloop
  endfacet
  facet normal 0.5555700492687295 -0.8314697350809236 0
    outer loop
      vertex 73.0608761459589 0.720664668083191 0
      vertex 73.0608761459589 0.720664668083191 14.8
      vertex 73.04999999701977 0.7133974611759186 14.8
    endloop
  endfacet
  facet normal 0.6593455752726884 -0.7518400178018776 0
    outer loop
      vertex 73.07071068137884 0.7292893186211586 0
      vertex 73.07071068137884 0.7292893186211586 14.8
      vertex 73.0608761459589 0.720664668083191 14.8
    endloop
  endfacet
  facet normal 0.7518400178018776 -0.6593455752726884 0
    outer loop
      vertex 73.07933533191681 0.7391238540410996 0
      vertex 73.07933533191681 0.7391238540410996 14.8
      vertex 73.07071068137884 0.7292893186211586 14.8
    endloop
  endfacet
  facet normal 0.8314697350809236 -0.5555700492687295 0
    outer loop
      vertex 73.08660253882408 0.7500000029802323 0
      vertex 73.08660253882408 0.7500000029802323 14.8
      vertex 73.07933533191681 0.7391238540410996 14.8
    endloop
  endfacet
  facet normal -0.7518400178018776 -0.6593455752726884 0
    outer loop
      vertex 74.92928931862116 0.7292893186211586 0
      vertex 74.92928931862116 0.7292893186211586 14.8
      vertex 74.92066466808319 0.7391238540410996 14.8
    endloop
  endfacet
  facet normal -0.8314697350809236 -0.5555700492687295 0
    outer loop
      vertex 74.92066466808319 0.7391238540410996 0
      vertex 74.92066466808319 0.7391238540410996 14.8
      vertex 74.91339746117592 0.7500000029802323 14.8
    endloop
  endfacet
  facet normal -0.19509054835722983 -0.9807852353811589 0
    outer loop
      vertex 74.98694738000631 0.7008555114269257 0
      vertex 74.98694738000631 0.7008555114269257 14.8
      vertex 74.9741180986166 0.7034074172377587 14.8
    endloop
  endfacet
  facet normal -0.06540305340084453 -0.9978589282087154 0
    outer loop
      vertex 75 0.6999999985098839 0
      vertex 75 0.6999999985098839 14.8
      vertex 74.98694738000631 0.7008555114269257 14.8
    endloop
  endfacet
  facet normal -0.44228877486654466 -0.8968726997891344 0
    outer loop
      vertex 74.96173165738583 0.7076120480895043 0
      vertex 74.96173165738583 0.7076120480895043 14.8
      vertex 74.95000000298023 0.7133974611759186 14.8
    endloop
  endfacet
  facet normal -0.32143950806452687 -0.946930114979577 0
    outer loop
      vertex 74.9741180986166 0.7034074172377587 0
      vertex 74.9741180986166 0.7034074172377587 14.8
      vertex 74.96173165738583 0.7076120480895043 14.8
    endloop
  endfacet
  facet normal -0.5555700492687295 -0.8314697350809236 0
    outer loop
      vertex 74.95000000298023 0.7133974611759186 0
      vertex 74.95000000298023 0.7133974611759186 14.8
      vertex 74.9391238540411 0.720664668083191 14.8
    endloop
  endfacet
  facet normal -0.6593455752726884 -0.7518400178018776 0
    outer loop
      vertex 74.9391238540411 0.720664668083191 0
      vertex 74.9391238540411 0.720664668083191 14.8
      vertex 74.92928931862116 0.7292893186211586 14.8
    endloop
  endfacet
  facet normal -0.8968726997891344 -0.44228877486654466 0
    outer loop
      vertex 70.91339746117592 0.7500000029802323 0
      vertex 70.91339746117592 0.7500000029802323 14.8
      vertex 70.9076120480895 0.7617316573858262 14.8
    endloop
  endfacet
  facet normal -0.946930114979577 -0.32143950806452687 0
    outer loop
      vertex 70.9076120480895 0.7617316573858262 0
      vertex 70.9076120480895 0.7617316573858262 14.8
      vertex 70.90340741723776 0.7741180986166001 14.8
    endloop
  endfacet
  facet normal -0.9807852353811589 -0.19509054835722983 0
    outer loop
      vertex 70.90340741723776 0.7741180986166001 0
      vertex 70.90340741723776 0.7741180986166001 14.8
      vertex 70.90085551142693 0.7869473800063134 14.8
    endloop
  endfacet
  facet normal -0.9978589282087154 -0.06540305340084453 0
    outer loop
      vertex 70.90085551142693 0.7869473800063134 0
      vertex 70.90085551142693 0.7869473800063134 14.8
      vertex 70.89999999850988 0.8 14.8
    endloop
  endfacet
  facet normal 0 1 0
    outer loop
      vertex 71.10000000149012 0.9000000014901162 0
      vertex 71.10000000149012 0.9000000014901162 14.8
      vertex 72.89999999850988 0.9000000014901162 14.8
    endloop
  endfacet
  facet normal 0.8968726997891344 -0.44228877486654466 0
    outer loop
      vertex 73.0923879519105 0.7617316573858262 0
      vertex 73.0923879519105 0.7617316573858262 14.8
      vertex 73.08660253882408 0.7500000029802323 14.8
    endloop
  endfacet
  facet normal 0.946930114979577 -0.32143950806452687 0
    outer loop
      vertex 73.09659258276224 0.7741180986166001 0
      vertex 73.09659258276224 0.7741180986166001 14.8
      vertex 73.0923879519105 0.7617316573858262 14.8
    endloop
  endfacet
  facet normal 0.9807852353811589 -0.19509054835722983 0
    outer loop
      vertex 73.09914448857307 0.7869473800063134 0
      vertex 73.09914448857307 0.7869473800063134 14.8
      vertex 73.09659258276224 0.7741180986166001 14.8
    endloop
  endfacet
  facet normal 0.9978589282087154 -0.06540305340084453 0
    outer loop
      vertex 73.10000000149012 0.8 0
      vertex 73.10000000149012 0.8 14.8
      vertex 73.09914448857307 0.7869473800063134 14.8
    endloop
  endfacet
  facet normal -0.8968726997891344 -0.44228877486654466 0
    outer loop
      vertex 74.91339746117592 0.7500000029802323 0
      vertex 74.91339746117592 0.7500000029802323 14.8
      vertex 74.9076120480895 0.7617316573858262 14.8
    endloop
  endfacet
  facet normal -0.946930114979577 -0.32143950806452687 0
    outer loop
      vertex 74.9076120480895 0.7617316573858262 0
      vertex 74.9076120480895 0.7617316573858262 14.8
      vertex 74.90340741723776 0.7741180986166001 14.8
    endloop
  endfacet
  facet normal -0.9807852353811589 -0.19509054835722983 0
    outer loop
      vertex 74.90340741723776 0.7741180986166001 0
      vertex 74.90340741723776 0.7741180986166001 14.8
      vertex 74.90085551142693 0.7869473800063134 14.8
    endloop
  endfacet
  facet normal -0.9978589282087154 -0.06540305340084453 0
    outer loop
      vertex 74.90085551142693 0.7869473800063134 0
      vertex 74.90085551142693 0.7869473800063134 14.8
      vertex 74.89999999850988 0.8 14.8
    endloop
  endfacet
  facet normal 0 0 1
    outer loop
      vertex 70.9741180986166 0.7034074172377587 14.8
      vertex 70.98694738000631 0.7008555114269257 14.8
      vertex 71.10000000149012 0.9000000014901162 14.8
    endloop
  endfacet
  facet normal 0 0 1
    outer loop
      vertex 70.96173165738583 0.7076120480895043 14.8
      vertex 70.9741180986166 0.7034074172377587 14.8
      vertex 71.10000000149012 0.9000000014901162 14.8
    endloop
  endfacet
  facet normal 0 0 1
    outer loop
      vertex 70.98694738000631 0.7008555114269257 14.8
      vertex 71 0.6999999985098839 14.8
      vertex 71.10000000149012 0.9000000014901162 14.8
    endloop
  endfacet
  facet normal 0 0 1
    outer loop
      vertex 70.95000000298023 0.7133974611759186 14.8
      vertex 71.10000000149012 0.9000000014901162 14.8
      vertex 70.9391238540411 0.720664668083191 14.8
    endloop
  endfacet
  facet normal 0 0 1
    outer loop
      vertex 70.9391238540411 0.720664668083191 14.8
      vertex 71.10000000149012 0.9000000014901162 14.8
      vertex 70.92928931862116 0.7292893186211586 14.8
    endloop
  endfacet
  facet normal 0 0 1
    outer loop
      vertex 70.96173165738583 0.7076120480895043 14.8
      vertex 71.10000000149012 0.9000000014901162 14.8
      vertex 70.95000000298023 0.7133974611759186 14.8
    endloop
  endfacet
  facet normal 0 0 1
    outer loop
      vertex 70.92928931862116 0.7292893186211586 14.8
      vertex 71.10000000149012 0.9000000014901162 14.8
      vertex 70.92066466808319 0.7391238540410996 14.8
    endloop
  endfacet
  facet normal 0 0 1
    outer loop
      vertex 70.92066466808319 0.7391238540410996 14.8
      vertex 71.10000000149012 0.9000000014901162 14.8
      vertex 70.91339746117592 0.7500000029802323 14.8
    endloop
  endfacet
  facet normal 0 0 1
    outer loop
      vertex 70.91339746117592 0.7500000029802323 14.8
      vertex 71.10000000149012 0.9000000014901162 14.8
      vertex 70.9076120480895 0.7617316573858262 14.8
    endloop
  endfacet
  facet normal 0 0 1
    outer loop
      vertex 70.9076120480895 0.7617316573858262 14.8
      vertex 71.10000000149012 0.9000000014901162 14.8
      vertex 70.90340741723776 0.7741180986166001 14.8
    endloop
  endfacet
  facet normal 0 0 1
    outer loop
      vertex 70.90340741723776 0.7741180986166001 14.8
      vertex 71.10000000149012 0.9000000014901162 14.8
      vertex 70.90085551142693 0.7869473800063134 14.8
    endloop
  endfacet
  facet normal 0 0 1
    outer loop
      vertex 70.90085551142693 0.7869473800063134 14.8
      vertex 71.10000000149012 0.9000000014901162 14.8
      vertex 70.89999999850988 0.8 14.8
    endloop
  endfacet
  facet normal 0 0 1
    outer loop
      vertex 71 0.6999999985098839 14.8
      vertex 72.89999999850988 0.9000000014901162 14.8
      vertex 71.10000000149012 0.9000000014901162 14.8
    endloop
  endfacet
  facet normal 0 0 1
    outer loop
      vertex 71 0.6999999985098839 14.8
      vertex 73 0.6999999985098839 14.8
      vertex 72.89999999850988 0.9000000014901162 14.8
    endloop
  endfacet
  facet normal 0 0 1
    outer loop
      vertex 73.01305261999369 0.7008555114269257 14.8
      vertex 73.0258819013834 0.7034074172377587 14.8
      vertex 72.89999999850988 0.9000000014901162 14.8
    endloop
  endfacet
  facet normal 0 0 1
    outer loop
      vertex 73 0.6999999985098839 14.8
      vertex 73.01305261999369 0.7008555114269257 14.8
      vertex 72.89999999850988 0.9000000014901162 14.8
    endloop
  endfacet
  facet normal 0 0 1
    outer loop
      vertex 73.0258819013834 0.7034074172377587 14.8
      vertex 73.03826834261417 0.7076120480895043 14.8
      vertex 72.89999999850988 0.9000000014901162 14.8
    endloop
  endfacet
  facet normal 0 0 1
    outer loop
      vertex 73.03826834261417 0.7076120480895043 14.8
      vertex 73.04999999701977 0.7133974611759186 14.8
      vertex 72.89999999850988 0.9000000014901162 14.8
    endloop
  endfacet
  facet normal 0 0 1
    outer loop
      vertex 73.04999999701977 0.7133974611759186 14.8
      vertex 73.0608761459589 0.720664668083191 14.8
      vertex 72.89999999850988 0.9000000014901162 14.8
    endloop
  endfacet
  facet normal 0 0 1
    outer loop
      vertex 73.0608761459589 0.720664668083191 14.8
      vertex 73.07071068137884 0.7292893186211586 14.8
      vertex 72.89999999850988 0.9000000014901162 14.8
    endloop
  endfacet
  facet normal 0 0 1
    outer loop
      vertex 73.07071068137884 0.7292893186211586 14.8
      vertex 73.07933533191681 0.7391238540410996 14.8
      vertex 72.89999999850988 0.9000000014901162 14.8
    endloop
  endfacet
  facet normal 0 0 1
    outer loop
      vertex 73.07933533191681 0.7391238540410996 14.8
      vertex 73.08660253882408 0.7500000029802323 14.8
      vertex 72.89999999850988 0.9000000014901162 14.8
    endloop
  endfacet
  facet normal 0 0 1
    outer loop
      vertex 73.08660253882408 0.7500000029802323 14.8
      vertex 73.0923879519105 0.7617316573858262 14.8
      vertex 72.89999999850988 0.9000000014901162 14.8
    endloop
  endfacet
  facet normal 0 0 1
    outer loop
      vertex 73.0923879519105 0.7617316573858262 14.8
      vertex 73.09659258276224 0.7741180986166001 14.8
      vertex 72.89999999850988 0.9000000014901162 14.8
    endloop
  endfacet
  facet normal 0 0 1
    outer loop
      vertex 73.09659258276224 0.7741180986166001 14.8
      vertex 73.09914448857307 0.7869473800063134 14.8
      vertex 72.89999999850988 0.9000000014901162 14.8
    endloop
  endfacet
  facet normal 0 0 1
    outer loop
      vertex 73.09914448857307 0.7869473800063134 14.8
      vertex 73.10000000149012 0.8 14.8
      vertex 72.89999999850988 0.9000000014901162 14.8
    endloop
  endfacet
  facet normal 0 0 1
    outer loop
      vertex 74.9741180986166 0.7034074172377587 14.8
      vertex 74.98694738000631 0.7008555114269257 14.8
      vertex 75.10000000149012 0.9000000014901162 14.8
    endloop
  endfacet
  facet normal 0 0 1
    outer loop
      vertex 74.96173165738583 0.7076120480895043 14.8
      vertex 74.9741180986166 0.7034074172377587 14.8
      vertex 75.10000000149012 0.9000000014901162 14.8
    endloop
  endfacet
  facet normal 0 0 1
    outer loop
      vertex 74.98694738000631 0.7008555114269257 14.8
      vertex 75 0.6999999985098839 14.8
      vertex 75.10000000149012 0.9000000014901162 14.8
    endloop
  endfacet
  facet normal 0 0 1
    outer loop
      vertex 74.96173165738583 0.7076120480895043 14.8
      vertex 75.10000000149012 0.9000000014901162 14.8
      vertex 74.95000000298023 0.7133974611759186 14.8
    endloop
  endfacet
  facet normal 0 0 1
    outer loop
      vertex 74.95000000298023 0.7133974611759186 14.8
      vertex 75.10000000149012 0.9000000014901162 14.8
      vertex 74.9391238540411 0.720664668083191 14.8
    endloop
  endfacet
  facet normal 0 0 1
    outer loop
      vertex 74.92928931862116 0.7292893186211586 14.8
      vertex 74.9391238540411 0.720664668083191 14.8
      vertex 75.10000000149012 0.9000000014901162 14.8
    endloop
  endfacet
  facet normal 0 0 1
    outer loop
      vertex 74.92928931862116 0.7292893186211586 14.8
      vertex 75.10000000149012 0.9000000014901162 14.8
      vertex 74.92066466808319 0.7391238540410996 14.8
    endloop
  endfacet
  facet normal 0 0 1
    outer loop
      vertex 74.92066466808319 0.7391238540410996 14.8
      vertex 75.10000000149012 0.9000000014901162 14.8
      vertex 74.91339746117592 0.7500000029802323 14.8
    endloop
  endfacet
  facet normal 0 0 1
    outer loop
      vertex 74.91339746117592 0.7500000029802323 14.8
      vertex 75.10000000149012 0.9000000014901162 14.8
      vertex 74.9076120480895 0.7617316573858262 14.8
    endloop
  endfacet
  facet normal 0 0 1
    outer loop
      vertex 74.9076120480895 0.7617316573858262 14.8
      vertex 75.10000000149012 0.9000000014901162 14.8
      vertex 74.90340741723776 0.7741180986166001 14.8
    endloop
  endfacet
  facet normal 0 0 1
    outer loop
      vertex 74.90340741723776 0.7741180986166001 14.8
      vertex 75.10000000149012 0.9000000014901162 14.8
      vertex 74.90085551142693 0.7869473800063134 14.8
    endloop
  endfacet
  facet normal 0 0 1
    outer loop
      vertex 74.90085551142693 0.7869473800063134 14.8
      vertex 75.10000000149012 0.9000000014901162 14.8
      vertex 74.89999999850988 0.8 14.8
    endloop
  endfacet
  facet normal 0 -1 0
    outer loop
      vertex 77 0.6999999985098839 0
      vertex 77 0.6999999985098839 14.8
      vertex 75 0.6999999985098839 14.8
    endloop
  endfacet
  facet normal 0.06540305340084453 -0.9978589282087154 0
    outer loop
      vertex 77.01305261999369 0.7008555114269257 0
      vertex 77.01305261999369 0.7008555114269257 14.8
      vertex 77 0.6999999985098839 14.8
    endloop
  endfacet
  facet normal 0.19509054835722983 -0.9807852353811589 0
    outer loop
      vertex 77.0258819013834 0.7034074172377587 0
      vertex 77.0258819013834 0.7034074172377587 14.8
      vertex 77.01305261999369 0.7008555114269257 14.8
    endloop
  endfacet
  facet normal 0.32143950806452687 -0.946930114979577 0
    outer loop
      vertex 77.03826834261417 0.7076120480895043 0
      vertex 77.03826834261417 0.7076120480895043 14.8
      vertex 77.0258819013834 0.7034074172377587 14.8
    endloop
  endfacet
  facet normal 0.44228877486654466 -0.8968726997891344 0
    outer loop
      vertex 77.04999999701977 0.7133974611759186 0
      vertex 77.04999999701977 0.7133974611759186 14.8
      vertex 77.03826834261417 0.7076120480895043 14.8
    endloop
  endfacet
  facet normal 0.5555700492687295 -0.8314697350809236 0
    outer loop
      vertex 77.0608761459589 0.720664668083191 0
      vertex 77.0608761459589 0.720664668083191 14.8
      vertex 77.04999999701977 0.7133974611759186 14.8
    endloop
  endfacet
  facet normal 0.6593455752726884 -0.7518400178018776 0
    outer loop
      vertex 77.07071068137884 0.7292893186211586 0
      vertex 77.07071068137884 0.7292893186211586 14.8
      vertex 77.0608761459589 0.720664668083191 14.8
    endloop
  endfacet
  facet normal 0.7518400178018776 -0.6593455752726884 0
    outer loop
      vertex 77.07933533191681 0.7391238540410996 0
      vertex 77.07933533191681 0.7391238540410996 14.8
      vertex 77.07071068137884 0.7292893186211586 14.8
    endloop
  endfacet
  facet normal 0.8314697350809236 -0.5555700492687295 0
    outer loop
      vertex 77.08660253882408 0.7500000029802323 0
      vertex 77.08660253882408 0.7500000029802323 14.8
      vertex 77.07933533191681 0.7391238540410996 14.8
    endloop
  endfacet
  facet normal -0.7518400178018776 -0.6593455752726884 0
    outer loop
      vertex 78.92928931862116 0.7292893186211586 0
      vertex 78.92928931862116 0.7292893186211586 14.8
      vertex 78.92066466808319 0.7391238540410996 14.8
    endloop
  endfacet
  facet normal -0.8314697350809236 -0.5555700492687295 0
    outer loop
      vertex 78.92066466808319 0.7391238540410996 0
      vertex 78.92066466808319 0.7391238540410996 14.8
      vertex 78.91339746117592 0.7500000029802323 14.8
    endloop
  endfacet
  facet normal -0.19509054835722983 -0.9807852353811589 0
    outer loop
      vertex 78.98694738000631 0.7008555114269257 0
      vertex 78.98694738000631 0.7008555114269257 14.8
      vertex 78.9741180986166 0.7034074172377587 14.8
    endloop
  endfacet
  facet normal -0.06540305340084453 -0.9978589282087154 0
    outer loop
      vertex 79 0.6999999985098839 0
      vertex 79 0.6999999985098839 14.8
      vertex 78.98694738000631 0.7008555114269257 14.8
    endloop
  endfacet
  facet normal -0.44228877486654466 -0.8968726997891344 0
    outer loop
      vertex 78.96173165738583 0.7076120480895043 0
      vertex 78.96173165738583 0.7076120480895043 14.8
      vertex 78.95000000298023 0.7133974611759186 14.8
    endloop
  endfacet
  facet normal -0.32143950806452687 -0.946930114979577 0
    outer loop
      vertex 78.9741180986166 0.7034074172377587 0
      vertex 78.9741180986166 0.7034074172377587 14.8
      vertex 78.96173165738583 0.7076120480895043 14.8
    endloop
  endfacet
  facet normal -0.5555700492687295 -0.8314697350809236 0
    outer loop
      vertex 78.95000000298023 0.7133974611759186 0
      vertex 78.95000000298023 0.7133974611759186 14.8
      vertex 78.9391238540411 0.720664668083191 14.8
    endloop
  endfacet
  facet normal -0.6593455752726884 -0.7518400178018776 0
    outer loop
      vertex 78.9391238540411 0.720664668083191 0
      vertex 78.9391238540411 0.720664668083191 14.8
      vertex 78.92928931862116 0.7292893186211586 14.8
    endloop
  endfacet
  facet normal 0 -1 0
    outer loop
      vertex 81 0.6999999985098839 0
      vertex 81 0.6999999985098839 14.8
      vertex 79 0.6999999985098839 14.8
    endloop
  endfacet
  facet normal 0.06540305340084453 -0.9978589282087154 0
    outer loop
      vertex 81.01305261999369 0.7008555114269257 0
      vertex 81.01305261999369 0.7008555114269257 14.8
      vertex 81 0.6999999985098839 14.8
    endloop
  endfacet
  facet normal 0.19509054835722983 -0.9807852353811589 0
    outer loop
      vertex 81.0258819013834 0.7034074172377587 0
      vertex 81.0258819013834 0.7034074172377587 14.8
      vertex 81.01305261999369 0.7008555114269257 14.8
    endloop
  endfacet
  facet normal 0.32143950806452687 -0.946930114979577 0
    outer loop
      vertex 81.03826834261417 0.7076120480895043 0
      vertex 81.03826834261417 0.7076120480895043 14.8
      vertex 81.0258819013834 0.7034074172377587 14.8
    endloop
  endfacet
  facet normal 0.44228877486654466 -0.8968726997891344 0
    outer loop
      vertex 81.04999999701977 0.7133974611759186 0
      vertex 81.04999999701977 0.7133974611759186 14.8
      vertex 81.03826834261417 0.7076120480895043 14.8
    endloop
  endfacet
  facet normal 0.5555700492687295 -0.8314697350809236 0
    outer loop
      vertex 81.0608761459589 0.720664668083191 0
      vertex 81.0608761459589 0.720664668083191 14.8
      vertex 81.04999999701977 0.7133974611759186 14.8
    endloop
  endfacet
  facet normal 0.6593455752726884 -0.7518400178018776 0
    outer loop
      vertex 81.07071068137884 0.7292893186211586 0
      vertex 81.07071068137884 0.7292893186211586 14.8
      vertex 81.0608761459589 0.720664668083191 14.8
    endloop
  endfacet
  facet normal 0.7518400178018776 -0.6593455752726884 0
    outer loop
      vertex 81.07933533191681 0.7391238540410996 0
      vertex 81.07933533191681 0.7391238540410996 14.8
      vertex 81.07071068137884 0.7292893186211586 14.8
    endloop
  endfacet
  facet normal 0.8314697350809236 -0.5555700492687295 0
    outer loop
      vertex 81.08660253882408 0.7500000029802323 0
      vertex 81.08660253882408 0.7500000029802323 14.8
      vertex 81.07933533191681 0.7391238540410996 14.8
    endloop
  endfacet
  facet normal 0 1 0
    outer loop
      vertex 75.10000000149012 0.9000000014901162 0
      vertex 75.10000000149012 0.9000000014901162 14.8
      vertex 76.89999999850988 0.9000000014901162 14.8
    endloop
  endfacet
  facet normal 0.8968726997891344 -0.44228877486654466 0
    outer loop
      vertex 77.0923879519105 0.7617316573858262 0
      vertex 77.0923879519105 0.7617316573858262 14.8
      vertex 77.08660253882408 0.7500000029802323 14.8
    endloop
  endfacet
  facet normal 0.946930114979577 -0.32143950806452687 0
    outer loop
      vertex 77.09659258276224 0.7741180986166001 0
      vertex 77.09659258276224 0.7741180986166001 14.8
      vertex 77.0923879519105 0.7617316573858262 14.8
    endloop
  endfacet
  facet normal 0.9807852353811589 -0.19509054835722983 0
    outer loop
      vertex 77.09914448857307 0.7869473800063134 0
      vertex 77.09914448857307 0.7869473800063134 14.8
      vertex 77.09659258276224 0.7741180986166001 14.8
    endloop
  endfacet
  facet normal 0.9978589282087154 -0.06540305340084453 0
    outer loop
      vertex 77.10000000149012 0.8 0
      vertex 77.10000000149012 0.8 14.8
      vertex 77.09914448857307 0.7869473800063134 14.8
    endloop
  endfacet
  facet normal -0.8968726997891344 -0.44228877486654466 0
    outer loop
      vertex 78.91339746117592 0.7500000029802323 0
      vertex 78.91339746117592 0.7500000029802323 14.8
      vertex 78.9076120480895 0.7617316573858262 14.8
    endloop
  endfacet
  facet normal -0.946930114979577 -0.32143950806452687 0
    outer loop
      vertex 78.9076120480895 0.7617316573858262 0
      vertex 78.9076120480895 0.7617316573858262 14.8
      vertex 78.90340741723776 0.7741180986166001 14.8
    endloop
  endfacet
  facet normal -0.9807852353811589 -0.19509054835722983 0
    outer loop
      vertex 78.90340741723776 0.7741180986166001 0
      vertex 78.90340741723776 0.7741180986166001 14.8
      vertex 78.90085551142693 0.7869473800063134 14.8
    endloop
  endfacet
  facet normal -0.9978589282087154 -0.06540305340084453 0
    outer loop
      vertex 78.90085551142693 0.7869473800063134 0
      vertex 78.90085551142693 0.7869473800063134 14.8
      vertex 78.89999999850988 0.8 14.8
    endloop
  endfacet
  facet normal 0 1 0
    outer loop
      vertex 79.10000000149012 0.9000000014901162 0
      vertex 79.10000000149012 0.9000000014901162 14.8
      vertex 80.89999999850988 0.9000000014901162 14.8
    endloop
  endfacet
  facet normal 0.8968726997891344 -0.44228877486654466 0
    outer loop
      vertex 81.0923879519105 0.7617316573858262 0
      vertex 81.0923879519105 0.7617316573858262 14.8
      vertex 81.08660253882408 0.7500000029802323 14.8
    endloop
  endfacet
  facet normal 0.946930114979577 -0.32143950806452687 0
    outer loop
      vertex 81.09659258276224 0.7741180986166001 0
      vertex 81.09659258276224 0.7741180986166001 14.8
      vertex 81.0923879519105 0.7617316573858262 14.8
    endloop
  endfacet
  facet normal 0.9807852353811589 -0.19509054835722983 0
    outer loop
      vertex 81.09914448857307 0.7869473800063134 0
      vertex 81.09914448857307 0.7869473800063134 14.8
      vertex 81.09659258276224 0.7741180986166001 14.8
    endloop
  endfacet
  facet normal 0.9978589282087154 -0.06540305340084453 0
    outer loop
      vertex 81.10000000149012 0.8 0
      vertex 81.10000000149012 0.8 14.8
      vertex 81.09914448857307 0.7869473800063134 14.8
    endloop
  endfacet
  facet normal 0 0 1
    outer loop
      vertex 75 0.6999999985098839 14.8
      vertex 76.89999999850988 0.9000000014901162 14.8
      vertex 75.10000000149012 0.9000000014901162 14.8
    endloop
  endfacet
  facet normal 0 0 1
    outer loop
      vertex 75 0.6999999985098839 14.8
      vertex 77 0.6999999985098839 14.8
      vertex 76.89999999850988 0.9000000014901162 14.8
    endloop
  endfacet
  facet normal 0 0 1
    outer loop
      vertex 77 0.6999999985098839 14.8
      vertex 77.01305261999369 0.7008555114269257 14.8
      vertex 76.89999999850988 0.9000000014901162 14.8
    endloop
  endfacet
  facet normal 0 0 1
    outer loop
      vertex 77.0258819013834 0.7034074172377587 14.8
      vertex 77.03826834261417 0.7076120480895043 14.8
      vertex 76.89999999850988 0.9000000014901162 14.8
    endloop
  endfacet
  facet normal 0 0 1
    outer loop
      vertex 77.01305261999369 0.7008555114269257 14.8
      vertex 77.0258819013834 0.7034074172377587 14.8
      vertex 76.89999999850988 0.9000000014901162 14.8
    endloop
  endfacet
  facet normal 0 0 1
    outer loop
      vertex 77.03826834261417 0.7076120480895043 14.8
      vertex 77.04999999701977 0.7133974611759186 14.8
      vertex 76.89999999850988 0.9000000014901162 14.8
    endloop
  endfacet
  facet normal 0 0 1
    outer loop
      vertex 77.04999999701977 0.7133974611759186 14.8
      vertex 77.0608761459589 0.720664668083191 14.8
      vertex 76.89999999850988 0.9000000014901162 14.8
    endloop
  endfacet
  facet normal 0 0 1
    outer loop
      vertex 77.0608761459589 0.720664668083191 14.8
      vertex 77.07071068137884 0.7292893186211586 14.8
      vertex 76.89999999850988 0.9000000014901162 14.8
    endloop
  endfacet
  facet normal 0 0 1
    outer loop
      vertex 77.07071068137884 0.7292893186211586 14.8
      vertex 77.07933533191681 0.7391238540410996 14.8
      vertex 76.89999999850988 0.9000000014901162 14.8
    endloop
  endfacet
  facet normal 0 0 1
    outer loop
      vertex 77.07933533191681 0.7391238540410996 14.8
      vertex 77.08660253882408 0.7500000029802323 14.8
      vertex 76.89999999850988 0.9000000014901162 14.8
    endloop
  endfacet
  facet normal 0 0 1
    outer loop
      vertex 77.08660253882408 0.7500000029802323 14.8
      vertex 77.0923879519105 0.7617316573858262 14.8
      vertex 76.89999999850988 0.9000000014901162 14.8
    endloop
  endfacet
  facet normal 0 0 1
    outer loop
      vertex 77.0923879519105 0.7617316573858262 14.8
      vertex 77.09659258276224 0.7741180986166001 14.8
      vertex 76.89999999850988 0.9000000014901162 14.8
    endloop
  endfacet
  facet normal 0 0 1
    outer loop
      vertex 77.09659258276224 0.7741180986166001 14.8
      vertex 77.09914448857307 0.7869473800063134 14.8
      vertex 76.89999999850988 0.9000000014901162 14.8
    endloop
  endfacet
  facet normal 0 0 1
    outer loop
      vertex 77.09914448857307 0.7869473800063134 14.8
      vertex 77.10000000149012 0.8 14.8
      vertex 76.89999999850988 0.9000000014901162 14.8
    endloop
  endfacet
  facet normal 0 0 1
    outer loop
      vertex 78.9741180986166 0.7034074172377587 14.8
      vertex 79.10000000149012 0.9000000014901162 14.8
      vertex 78.96173165738583 0.7076120480895043 14.8
    endloop
  endfacet
  facet normal 0 0 1
    outer loop
      vertex 78.9741180986166 0.7034074172377587 14.8
      vertex 78.98694738000631 0.7008555114269257 14.8
      vertex 79.10000000149012 0.9000000014901162 14.8
    endloop
  endfacet
  facet normal 0 0 1
    outer loop
      vertex 78.98694738000631 0.7008555114269257 14.8
      vertex 79 0.6999999985098839 14.8
      vertex 79.10000000149012 0.9000000014901162 14.8
    endloop
  endfacet
  facet normal 0 0 1
    outer loop
      vertex 78.96173165738583 0.7076120480895043 14.8
      vertex 79.10000000149012 0.9000000014901162 14.8
      vertex 78.95000000298023 0.7133974611759186 14.8
    endloop
  endfacet
  facet normal 0 0 1
    outer loop
      vertex 78.95000000298023 0.7133974611759186 14.8
      vertex 79.10000000149012 0.9000000014901162 14.8
      vertex 78.9391238540411 0.720664668083191 14.8
    endloop
  endfacet
  facet normal 0 0 1
    outer loop
      vertex 78.92928931862116 0.7292893186211586 14.8
      vertex 78.9391238540411 0.720664668083191 14.8
      vertex 79.10000000149012 0.9000000014901162 14.8
    endloop
  endfacet
  facet normal 0 0 1
    outer loop
      vertex 78.92928931862116 0.7292893186211586 14.8
      vertex 79.10000000149012 0.9000000014901162 14.8
      vertex 78.92066466808319 0.7391238540410996 14.8
    endloop
  endfacet
  facet normal 0 0 1
    outer loop
      vertex 78.92066466808319 0.7391238540410996 14.8
      vertex 79.10000000149012 0.9000000014901162 14.8
      vertex 78.91339746117592 0.7500000029802323 14.8
    endloop
  endfacet
  facet normal 0 0 1
    outer loop
      vertex 78.91339746117592 0.7500000029802323 14.8
      vertex 79.10000000149012 0.9000000014901162 14.8
      vertex 78.9076120480895 0.7617316573858262 14.8
    endloop
  endfacet
  facet normal 0 0 1
    outer loop
      vertex 78.9076120480895 0.7617316573858262 14.8
      vertex 79.10000000149012 0.9000000014901162 14.8
      vertex 78.90340741723776 0.7741180986166001 14.8
    endloop
  endfacet
  facet normal 0 0 1
    outer loop
      vertex 78.90340741723776 0.7741180986166001 14.8
      vertex 79.10000000149012 0.9000000014901162 14.8
      vertex 78.90085551142693 0.7869473800063134 14.8
    endloop
  endfacet
  facet normal 0 0 1
    outer loop
      vertex 78.90085551142693 0.7869473800063134 14.8
      vertex 79.10000000149012 0.9000000014901162 14.8
      vertex 78.89999999850988 0.8 14.8
    endloop
  endfacet
  facet normal 0 0 1
    outer loop
      vertex 79 0.6999999985098839 14.8
      vertex 80.89999999850988 0.9000000014901162 14.8
      vertex 79.10000000149012 0.9000000014901162 14.8
    endloop
  endfacet
  facet normal 0 0 1
    outer loop
      vertex 79 0.6999999985098839 14.8
      vertex 81 0.6999999985098839 14.8
      vertex 80.89999999850988 0.9000000014901162 14.8
    endloop
  endfacet
  facet normal 0 0 1
    outer loop
      vertex 81.0258819013834 0.7034074172377587 14.8
      vertex 81.03826834261417 0.7076120480895043 14.8
      vertex 80.89999999850988 0.9000000014901162 14.8
    endloop
  endfacet
  facet normal 0 0 1
    outer loop
      vertex 81.01305261999369 0.7008555114269257 14.8
      vertex 81.0258819013834 0.7034074172377587 14.8
      vertex 80.89999999850988 0.9000000014901162 14.8
    endloop
  endfacet
  facet normal 0 0 1
    outer loop
      vertex 81 0.6999999985098839 14.8
      vertex 81.01305261999369 0.7008555114269257 14.8
      vertex 80.89999999850988 0.9000000014901162 14.8
    endloop
  endfacet
  facet normal 0 0 1
    outer loop
      vertex 81.03826834261417 0.7076120480895043 14.8
      vertex 81.04999999701977 0.7133974611759186 14.8
      vertex 80.89999999850988 0.9000000014901162 14.8
    endloop
  endfacet
  facet normal 0 0 1
    outer loop
      vertex 81.04999999701977 0.7133974611759186 14.8
      vertex 81.0608761459589 0.720664668083191 14.8
      vertex 80.89999999850988 0.9000000014901162 14.8
    endloop
  endfacet
  facet normal 0 0 1
    outer loop
      vertex 81.0608761459589 0.720664668083191 14.8
      vertex 81.07071068137884 0.7292893186211586 14.8
      vertex 80.89999999850988 0.9000000014901162 14.8
    endloop
  endfacet
  facet normal 0 0 1
    outer loop
      vertex 81.07071068137884 0.7292893186211586 14.8
      vertex 81.07933533191681 0.7391238540410996 14.8
      vertex 80.89999999850988 0.9000000014901162 14.8
    endloop
  endfacet
  facet normal 0 0 1
    outer loop
      vertex 81.07933533191681 0.7391238540410996 14.8
      vertex 81.08660253882408 0.7500000029802323 14.8
      vertex 80.89999999850988 0.9000000014901162 14.8
    endloop
  endfacet
  facet normal 0 0 1
    outer loop
      vertex 81.08660253882408 0.7500000029802323 14.8
      vertex 81.0923879519105 0.7617316573858262 14.8
      vertex 80.89999999850988 0.9000000014901162 14.8
    endloop
  endfacet
  facet normal 0 0 1
    outer loop
      vertex 81.0923879519105 0.7617316573858262 14.8
      vertex 81.09659258276224 0.7741180986166001 14.8
      vertex 80.89999999850988 0.9000000014901162 14.8
    endloop
  endfacet
  facet normal 0 0 1
    outer loop
      vertex 81.09659258276224 0.7741180986166001 14.8
      vertex 81.09914448857307 0.7869473800063134 14.8
      vertex 80.89999999850988 0.9000000014901162 14.8
    endloop
  endfacet
  facet normal 0 0 1
    outer loop
      vertex 81.09914448857307 0.7869473800063134 14.8
      vertex 81.10000000149012 0.8 14.8
      vertex 80.89999999850988 0.9000000014901162 14.8
    endloop
  endfacet
  facet normal 0 0 -1
    outer loop
      vertex 70.89999999850988 0.8 0
      vertex 70.89999999850988 5.699999998509884 0
      vertex 71.10000000149012 0.9000000014901162 0
    endloop
  endfacet
  facet normal 0 0 -1
    outer loop
      vertex 73.10000000149012 0.8 0
      vertex 72.89999999850988 0.9000000014901162 0
      vertex 73.10000000149012 5.699999998509884 0
    endloop
  endfacet
  facet normal 0 0 -1
    outer loop
      vertex 74.89999999850988 0.8 0
      vertex 74.89999999850988 5.699999998509884 0
      vertex 75.10000000149012 0.9000000014901162 0
    endloop
  endfacet
  facet normal 1 0 0
    outer loop
      vertex 71.10000000149012 0.9000000014901162 0
      vertex 71.10000000149012 5.8 0
      vertex 71.10000000149012 0.9000000014901162 14.8
    endloop
  endfacet
  facet normal 1 0 0
    outer loop
      vertex 73.10000000149012 0.8 0
      vertex 73.10000000149012 5.699999998509884 0
      vertex 73.10000000149012 0.8 14.8
    endloop
  endfacet
  facet normal 1 0 0
    outer loop
      vertex 75.10000000149012 0.9000000014901162 0
      vertex 75.10000000149012 5.8 0
      vertex 75.10000000149012 0.9000000014901162 14.8
    endloop
  endfacet
  facet normal 0 0 -1
    outer loop
      vertex 77.10000000149012 0.8 0
      vertex 76.89999999850988 0.9000000014901162 0
      vertex 77.10000000149012 5.699999998509884 0
    endloop
  endfacet
  facet normal 0 0 -1
    outer loop
      vertex 78.89999999850988 0.8 0
      vertex 78.89999999850988 5.699999998509884 0
      vertex 79.10000000149012 0.9000000014901162 0
    endloop
  endfacet
  facet normal 0 0 -1
    outer loop
      vertex 81.10000000149012 0.8 0
      vertex 80.89999999850988 0.9000000014901162 0
      vertex 81.10000000149012 5.699999998509884 0
    endloop
  endfacet
  facet normal 1 0 0
    outer loop
      vertex 77.10000000149012 0.8 0
      vertex 77.10000000149012 5.699999998509884 0
      vertex 77.10000000149012 0.8 14.8
    endloop
  endfacet
  facet normal 1 0 0
    outer loop
      vertex 79.10000000149012 0.9000000014901162 0
      vertex 79.10000000149012 5.8 0
      vertex 79.10000000149012 0.9000000014901162 14.8
    endloop
  endfacet
  facet normal 1 0 0
    outer loop
      vertex 81.10000000149012 0.8 0
      vertex 81.10000000149012 5.699999998509884 0
      vertex 81.10000000149012 0.8 14.8
    endloop
  endfacet
  facet normal -1 0 0
    outer loop
      vertex 70.89999999850988 0.8 0
      vertex 70.89999999850988 0.8 14.8
      vertex 70.89999999850988 5.699999998509884 14.8
    endloop
  endfacet
  facet normal -1 0 0
    outer loop
      vertex 72.89999999850988 0.9000000014901162 0
      vertex 72.89999999850988 0.9000000014901162 14.8
      vertex 72.89999999850988 5.8 14.8
    endloop
  endfacet
  facet normal -1 0 0
    outer loop
      vertex 74.89999999850988 0.8 0
      vertex 74.89999999850988 0.8 14.8
      vertex 74.89999999850988 5.699999998509884 14.8
    endloop
  endfacet
  facet normal 0 0 1
    outer loop
      vertex 70.89999999850988 0.8 14.8
      vertex 71.10000000149012 0.9000000014901162 14.8
      vertex 70.89999999850988 5.699999998509884 14.8
    endloop
  endfacet
  facet normal 0 0 1
    outer loop
      vertex 73.10000000149012 0.8 14.8
      vertex 73.10000000149012 5.699999998509884 14.8
      vertex 72.89999999850988 0.9000000014901162 14.8
    endloop
  endfacet
  facet normal 0 0 1
    outer loop
      vertex 74.89999999850988 0.8 14.8
      vertex 75.10000000149012 0.9000000014901162 14.8
      vertex 74.89999999850988 5.699999998509884 14.8
    endloop
  endfacet
  facet normal -1 0 0
    outer loop
      vertex 76.89999999850988 0.9000000014901162 0
      vertex 76.89999999850988 0.9000000014901162 14.8
      vertex 76.89999999850988 5.8 14.8
    endloop
  endfacet
  facet normal -1 0 0
    outer loop
      vertex 78.89999999850988 0.8 0
      vertex 78.89999999850988 0.8 14.8
      vertex 78.89999999850988 5.699999998509884 14.8
    endloop
  endfacet
  facet normal -1 0 0
    outer loop
      vertex 80.89999999850988 0.9000000014901162 0
      vertex 80.89999999850988 0.9000000014901162 14.8
      vertex 80.89999999850988 5.8 14.8
    endloop
  endfacet
  facet normal 0 0 1
    outer loop
      vertex 77.10000000149012 0.8 14.8
      vertex 77.10000000149012 5.699999998509884 14.8
      vertex 76.89999999850988 0.9000000014901162 14.8
    endloop
  endfacet
  facet normal 0 0 1
    outer loop
      vertex 78.89999999850988 0.8 14.8
      vertex 79.10000000149012 0.9000000014901162 14.8
      vertex 78.89999999850988 5.699999998509884 14.8
    endloop
  endfacet
  facet normal 0 0 1
    outer loop
      vertex 81.10000000149012 0.8 14.8
      vertex 81.10000000149012 5.699999998509884 14.8
      vertex 80.89999999850988 0.9000000014901162 14.8
    endloop
  endfacet
  facet normal -0.6593455752726884 -0.7518400178018776 0
    outer loop
      vertex 82.9391238540411 0.720664668083191 0
      vertex 82.92928931862116 0.7292893186211586 14.8
      vertex 82.92928931862116 0.7292893186211586 0
    endloop
  endfacet
  facet normal -0.7518400178018776 -0.6593455752726884 0
    outer loop
      vertex 82.92928931862116 0.7292893186211586 0
      vertex 82.92066466808319 0.7391238540410996 14.8
      vertex 82.92066466808319 0.7391238540410996 0
    endloop
  endfacet
  facet normal -0.8314697350809236 -0.5555700492687295 0
    outer loop
      vertex 82.92066466808319 0.7391238540410996 0
      vertex 82.91339746117592 0.7500000029802323 14.8
      vertex 82.91339746117592 0.7500000029802323 0
    endloop
  endfacet
  facet normal -0.19509054835722983 -0.9807852353811589 0
    outer loop
      vertex 82.9741180986166 0.7034074172377587 0
      vertex 82.98694738000631 0.7008555114269257 0
      vertex 82.9741180986166 0.7034074172377587 14.8
    endloop
  endfacet
  facet normal -0.06540305340084453 -0.9978589282087154 0
    outer loop
      vertex 82.98694738000631 0.7008555114269257 0
      vertex 83 0.6999999985098839 0
      vertex 82.98694738000631 0.7008555114269257 14.8
    endloop
  endfacet
  facet normal -0.32143950806452687 -0.946930114979577 0
    outer loop
      vertex 82.9741180986166 0.7034074172377587 0
      vertex 82.96173165738583 0.7076120480895043 14.8
      vertex 82.96173165738583 0.7076120480895043 0
    endloop
  endfacet
  facet normal -0.44228877486654466 -0.8968726997891344 0
    outer loop
      vertex 82.95000000298023 0.7133974611759186 0
      vertex 82.96173165738583 0.7076120480895043 0
      vertex 82.95000000298023 0.7133974611759186 14.8
    endloop
  endfacet
  facet normal -0.5555700492687295 -0.8314697350809236 0
    outer loop
      vertex 82.95000000298023 0.7133974611759186 0
      vertex 82.9391238540411 0.720664668083191 14.8
      vertex 82.9391238540411 0.720664668083191 0
    endloop
  endfacet
  facet normal 0 -1 0
    outer loop
      vertex 83 0.6999999985098839 0
      vertex 85 0.6999999985098839 0
      vertex 83 0.6999999985098839 14.8
    endloop
  endfacet
  facet normal 0.06540305340084453 -0.9978589282087154 0
    outer loop
      vertex 85 0.6999999985098839 0
      vertex 85.01305261999369 0.7008555114269257 0
      vertex 85 0.6999999985098839 14.8
    endloop
  endfacet
  facet normal 0.19509054835722983 -0.9807852353811589 0
    outer loop
      vertex 85.01305261999369 0.7008555114269257 0
      vertex 85.0258819013834 0.7034074172377587 0
      vertex 85.01305261999369 0.7008555114269257 14.8
    endloop
  endfacet
  facet normal 0.32143950806452687 -0.946930114979577 0
    outer loop
      vertex 85.0258819013834 0.7034074172377587 0
      vertex 85.03826834261417 0.7076120480895043 0
      vertex 85.0258819013834 0.7034074172377587 14.8
    endloop
  endfacet
  facet normal 0.44228877486654466 -0.8968726997891344 0
    outer loop
      vertex 85.03826834261417 0.7076120480895043 0
      vertex 85.04999999701977 0.7133974611759186 0
      vertex 85.03826834261417 0.7076120480895043 14.8
    endloop
  endfacet
  facet normal 0.5555700492687295 -0.8314697350809236 0
    outer loop
      vertex 85.04999999701977 0.7133974611759186 0
      vertex 85.0608761459589 0.720664668083191 0
      vertex 85.04999999701977 0.7133974611759186 14.8
    endloop
  endfacet
  facet normal 0.6593455752726884 -0.7518400178018776 0
    outer loop
      vertex 85.0608761459589 0.720664668083191 0
      vertex 85.07071068137884 0.7292893186211586 0
      vertex 85.0608761459589 0.720664668083191 14.8
    endloop
  endfacet
  facet normal 0.7518400178018776 -0.6593455752726884 0
    outer loop
      vertex 85.07071068137884 0.7292893186211586 0
      vertex 85.07933533191681 0.7391238540410996 0
      vertex 85.07071068137884 0.7292893186211586 14.8
    endloop
  endfacet
  facet normal 0.8314697350809236 -0.5555700492687295 0
    outer loop
      vertex 85.07933533191681 0.7391238540410996 0
      vertex 85.08660253882408 0.7500000029802323 0
      vertex 85.07933533191681 0.7391238540410996 14.8
    endloop
  endfacet
  facet normal 0 0 -1
    outer loop
      vertex 82.9741180986166 0.7034074172377587 0
      vertex 83.10000000149012 0.9000000014901162 0
      vertex 82.98694738000631 0.7008555114269257 0
    endloop
  endfacet
  facet normal 0 0 -1
    outer loop
      vertex 82.9741180986166 0.7034074172377587 0
      vertex 82.96173165738583 0.7076120480895043 0
      vertex 83.10000000149012 0.9000000014901162 0
    endloop
  endfacet
  facet normal 0 0 -1
    outer loop
      vertex 82.98694738000631 0.7008555114269257 0
      vertex 83.10000000149012 0.9000000014901162 0
      vertex 83 0.6999999985098839 0
    endloop
  endfacet
  facet normal 0 0 -1
    outer loop
      vertex 82.95000000298023 0.7133974611759186 0
      vertex 83.10000000149012 0.9000000014901162 0
      vertex 82.96173165738583 0.7076120480895043 0
    endloop
  endfacet
  facet normal 0 0 -1
    outer loop
      vertex 82.95000000298023 0.7133974611759186 0
      vertex 82.9391238540411 0.720664668083191 0
      vertex 83.10000000149012 0.9000000014901162 0
    endloop
  endfacet
  facet normal 0 0 -1
    outer loop
      vertex 82.9391238540411 0.720664668083191 0
      vertex 82.92928931862116 0.7292893186211586 0
      vertex 83.10000000149012 0.9000000014901162 0
    endloop
  endfacet
  facet normal 0 0 -1
    outer loop
      vertex 82.92928931862116 0.7292893186211586 0
      vertex 82.92066466808319 0.7391238540410996 0
      vertex 83.10000000149012 0.9000000014901162 0
    endloop
  endfacet
  facet normal 0 0 -1
    outer loop
      vertex 82.92066466808319 0.7391238540410996 0
      vertex 82.91339746117592 0.7500000029802323 0
      vertex 83.10000000149012 0.9000000014901162 0
    endloop
  endfacet
  facet normal 0 0 -1
    outer loop
      vertex 82.91339746117592 0.7500000029802323 0
      vertex 82.9076120480895 0.7617316573858262 0
      vertex 83.10000000149012 0.9000000014901162 0
    endloop
  endfacet
  facet normal 0 0 -1
    outer loop
      vertex 82.9076120480895 0.7617316573858262 0
      vertex 82.90340741723776 0.7741180986166001 0
      vertex 83.10000000149012 0.9000000014901162 0
    endloop
  endfacet
  facet normal 0 0 -1
    outer loop
      vertex 82.90340741723776 0.7741180986166001 0
      vertex 82.90085551142693 0.7869473800063134 0
      vertex 83.10000000149012 0.9000000014901162 0
    endloop
  endfacet
  facet normal 0 0 -1
    outer loop
      vertex 82.90085551142693 0.7869473800063134 0
      vertex 82.89999999850988 0.8 0
      vertex 83.10000000149012 0.9000000014901162 0
    endloop
  endfacet
  facet normal 0 0 -1
    outer loop
      vertex 83 0.6999999985098839 0
      vertex 83.10000000149012 0.9000000014901162 0
      vertex 84.89999999850988 0.9000000014901162 0
    endloop
  endfacet
  facet normal 0 0 -1
    outer loop
      vertex 83 0.6999999985098839 0
      vertex 84.89999999850988 0.9000000014901162 0
      vertex 85 0.6999999985098839 0
    endloop
  endfacet
  facet normal 0 0 -1
    outer loop
      vertex 85.0258819013834 0.7034074172377587 0
      vertex 84.89999999850988 0.9000000014901162 0
      vertex 85.03826834261417 0.7076120480895043 0
    endloop
  endfacet
  facet normal 0 0 -1
    outer loop
      vertex 85.01305261999369 0.7008555114269257 0
      vertex 84.89999999850988 0.9000000014901162 0
      vertex 85.0258819013834 0.7034074172377587 0
    endloop
  endfacet
  facet normal 0 0 -1
    outer loop
      vertex 85 0.6999999985098839 0
      vertex 84.89999999850988 0.9000000014901162 0
      vertex 85.01305261999369 0.7008555114269257 0
    endloop
  endfacet
  facet normal 0 0 -1
    outer loop
      vertex 85.03826834261417 0.7076120480895043 0
      vertex 84.89999999850988 0.9000000014901162 0
      vertex 85.04999999701977 0.7133974611759186 0
    endloop
  endfacet
  facet normal 0 0 -1
    outer loop
      vertex 85.04999999701977 0.7133974611759186 0
      vertex 84.89999999850988 0.9000000014901162 0
      vertex 85.0608761459589 0.720664668083191 0
    endloop
  endfacet
  facet normal 0 0 -1
    outer loop
      vertex 85.0608761459589 0.720664668083191 0
      vertex 84.89999999850988 0.9000000014901162 0
      vertex 85.07071068137884 0.7292893186211586 0
    endloop
  endfacet
  facet normal 0 0 -1
    outer loop
      vertex 85.07071068137884 0.7292893186211586 0
      vertex 84.89999999850988 0.9000000014901162 0
      vertex 85.07933533191681 0.7391238540410996 0
    endloop
  endfacet
  facet normal 0 0 -1
    outer loop
      vertex 85.07933533191681 0.7391238540410996 0
      vertex 84.89999999850988 0.9000000014901162 0
      vertex 85.08660253882408 0.7500000029802323 0
    endloop
  endfacet
  facet normal 0 0 -1
    outer loop
      vertex 85.08660253882408 0.7500000029802323 0
      vertex 84.89999999850988 0.9000000014901162 0
      vertex 85.0923879519105 0.7617316573858262 0
    endloop
  endfacet
  facet normal 0 0 -1
    outer loop
      vertex 85.0923879519105 0.7617316573858262 0
      vertex 84.89999999850988 0.9000000014901162 0
      vertex 85.09659258276224 0.7741180986166001 0
    endloop
  endfacet
  facet normal 0 0 -1
    outer loop
      vertex 85.09659258276224 0.7741180986166001 0
      vertex 84.89999999850988 0.9000000014901162 0
      vertex 85.09914448857307 0.7869473800063134 0
    endloop
  endfacet
  facet normal 0 0 -1
    outer loop
      vertex 85.09914448857307 0.7869473800063134 0
      vertex 84.89999999850988 0.9000000014901162 0
      vertex 85.10000000149012 0.8 0
    endloop
  endfacet
  facet normal -0.8968726997891344 -0.44228877486654466 0
    outer loop
      vertex 82.91339746117592 0.7500000029802323 0
      vertex 82.9076120480895 0.7617316573858262 14.8
      vertex 82.9076120480895 0.7617316573858262 0
    endloop
  endfacet
  facet normal -0.946930114979577 -0.32143950806452687 0
    outer loop
      vertex 82.9076120480895 0.7617316573858262 0
      vertex 82.90340741723776 0.7741180986166001 14.8
      vertex 82.90340741723776 0.7741180986166001 0
    endloop
  endfacet
  facet normal -0.9807852353811589 -0.19509054835722983 0
    outer loop
      vertex 82.90340741723776 0.7741180986166001 0
      vertex 82.90085551142693 0.7869473800063134 14.8
      vertex 82.90085551142693 0.7869473800063134 0
    endloop
  endfacet
  facet normal -0.9978589282087154 -0.06540305340084453 0
    outer loop
      vertex 82.90085551142693 0.7869473800063134 0
      vertex 82.89999999850988 0.8 14.8
      vertex 82.89999999850988 0.8 0
    endloop
  endfacet
  facet normal 0 1 0
    outer loop
      vertex 83.10000000149012 0.9000000014901162 0
      vertex 84.89999999850988 0.9000000014901162 14.8
      vertex 84.89999999850988 0.9000000014901162 0
    endloop
  endfacet
  facet normal 0.8968726997891344 -0.44228877486654466 0
    outer loop
      vertex 85.08660253882408 0.7500000029802323 0
      vertex 85.0923879519105 0.7617316573858262 0
      vertex 85.08660253882408 0.7500000029802323 14.8
    endloop
  endfacet
  facet normal 0.946930114979577 -0.32143950806452687 0
    outer loop
      vertex 85.0923879519105 0.7617316573858262 0
      vertex 85.09659258276224 0.7741180986166001 0
      vertex 85.0923879519105 0.7617316573858262 14.8
    endloop
  endfacet
  facet normal 0.9807852353811589 -0.19509054835722983 0
    outer loop
      vertex 85.09659258276224 0.7741180986166001 0
      vertex 85.09914448857307 0.7869473800063134 0
      vertex 85.09659258276224 0.7741180986166001 14.8
    endloop
  endfacet
  facet normal 0.9978589282087154 -0.06540305340084453 0
    outer loop
      vertex 85.09914448857307 0.7869473800063134 0
      vertex 85.10000000149012 0.8 0
      vertex 85.09914448857307 0.7869473800063134 14.8
    endloop
  endfacet
  facet normal -0.7518400178018776 -0.6593455752726884 0
    outer loop
      vertex 82.92928931862116 0.7292893186211586 0
      vertex 82.92928931862116 0.7292893186211586 14.8
      vertex 82.92066466808319 0.7391238540410996 14.8
    endloop
  endfacet
  facet normal -0.8314697350809236 -0.5555700492687295 0
    outer loop
      vertex 82.92066466808319 0.7391238540410996 0
      vertex 82.92066466808319 0.7391238540410996 14.8
      vertex 82.91339746117592 0.7500000029802323 14.8
    endloop
  endfacet
  facet normal -0.19509054835722983 -0.9807852353811589 0
    outer loop
      vertex 82.98694738000631 0.7008555114269257 0
      vertex 82.98694738000631 0.7008555114269257 14.8
      vertex 82.9741180986166 0.7034074172377587 14.8
    endloop
  endfacet
  facet normal -0.06540305340084453 -0.9978589282087154 0
    outer loop
      vertex 83 0.6999999985098839 0
      vertex 83 0.6999999985098839 14.8
      vertex 82.98694738000631 0.7008555114269257 14.8
    endloop
  endfacet
  facet normal -0.32143950806452687 -0.946930114979577 0
    outer loop
      vertex 82.9741180986166 0.7034074172377587 0
      vertex 82.9741180986166 0.7034074172377587 14.8
      vertex 82.96173165738583 0.7076120480895043 14.8
    endloop
  endfacet
  facet normal -0.44228877486654466 -0.8968726997891344 0
    outer loop
      vertex 82.96173165738583 0.7076120480895043 0
      vertex 82.96173165738583 0.7076120480895043 14.8
      vertex 82.95000000298023 0.7133974611759186 14.8
    endloop
  endfacet
  facet normal -0.5555700492687295 -0.8314697350809236 0
    outer loop
      vertex 82.95000000298023 0.7133974611759186 0
      vertex 82.95000000298023 0.7133974611759186 14.8
      vertex 82.9391238540411 0.720664668083191 14.8
    endloop
  endfacet
  facet normal -0.6593455752726884 -0.7518400178018776 0
    outer loop
      vertex 82.9391238540411 0.720664668083191 0
      vertex 82.9391238540411 0.720664668083191 14.8
      vertex 82.92928931862116 0.7292893186211586 14.8
    endloop
  endfacet
  facet normal 0 -1 0
    outer loop
      vertex 85 0.6999999985098839 0
      vertex 85 0.6999999985098839 14.8
      vertex 83 0.6999999985098839 14.8
    endloop
  endfacet
  facet normal 0.06540305340084453 -0.9978589282087154 0
    outer loop
      vertex 85.01305261999369 0.7008555114269257 0
      vertex 85.01305261999369 0.7008555114269257 14.8
      vertex 85 0.6999999985098839 14.8
    endloop
  endfacet
  facet normal 0.19509054835722983 -0.9807852353811589 0
    outer loop
      vertex 85.0258819013834 0.7034074172377587 0
      vertex 85.0258819013834 0.7034074172377587 14.8
      vertex 85.01305261999369 0.7008555114269257 14.8
    endloop
  endfacet
  facet normal 0.32143950806452687 -0.946930114979577 0
    outer loop
      vertex 85.03826834261417 0.7076120480895043 0
      vertex 85.03826834261417 0.7076120480895043 14.8
      vertex 85.0258819013834 0.7034074172377587 14.8
    endloop
  endfacet
  facet normal 0.44228877486654466 -0.8968726997891344 0
    outer loop
      vertex 85.04999999701977 0.7133974611759186 0
      vertex 85.04999999701977 0.7133974611759186 14.8
      vertex 85.03826834261417 0.7076120480895043 14.8
    endloop
  endfacet
  facet normal 0.5555700492687295 -0.8314697350809236 0
    outer loop
      vertex 85.0608761459589 0.720664668083191 0
      vertex 85.0608761459589 0.720664668083191 14.8
      vertex 85.04999999701977 0.7133974611759186 14.8
    endloop
  endfacet
  facet normal 0.6593455752726884 -0.7518400178018776 0
    outer loop
      vertex 85.07071068137884 0.7292893186211586 0
      vertex 85.07071068137884 0.7292893186211586 14.8
      vertex 85.0608761459589 0.720664668083191 14.8
    endloop
  endfacet
  facet normal 0.7518400178018776 -0.6593455752726884 0
    outer loop
      vertex 85.07933533191681 0.7391238540410996 0
      vertex 85.07933533191681 0.7391238540410996 14.8
      vertex 85.07071068137884 0.7292893186211586 14.8
    endloop
  endfacet
  facet normal 0.8314697350809236 -0.5555700492687295 0
    outer loop
      vertex 85.08660253882408 0.7500000029802323 0
      vertex 85.08660253882408 0.7500000029802323 14.8
      vertex 85.07933533191681 0.7391238540410996 14.8
    endloop
  endfacet
  facet normal -0.8968726997891344 -0.44228877486654466 0
    outer loop
      vertex 82.91339746117592 0.7500000029802323 0
      vertex 82.91339746117592 0.7500000029802323 14.8
      vertex 82.9076120480895 0.7617316573858262 14.8
    endloop
  endfacet
  facet normal -0.946930114979577 -0.32143950806452687 0
    outer loop
      vertex 82.9076120480895 0.7617316573858262 0
      vertex 82.9076120480895 0.7617316573858262 14.8
      vertex 82.90340741723776 0.7741180986166001 14.8
    endloop
  endfacet
  facet normal -0.9807852353811589 -0.19509054835722983 0
    outer loop
      vertex 82.90340741723776 0.7741180986166001 0
      vertex 82.90340741723776 0.7741180986166001 14.8
      vertex 82.90085551142693 0.7869473800063134 14.8
    endloop
  endfacet
  facet normal -0.9978589282087154 -0.06540305340084453 0
    outer loop
      vertex 82.90085551142693 0.7869473800063134 0
      vertex 82.90085551142693 0.7869473800063134 14.8
      vertex 82.89999999850988 0.8 14.8
    endloop
  endfacet
  facet normal 0 1 0
    outer loop
      vertex 83.10000000149012 0.9000000014901162 0
      vertex 83.10000000149012 0.9000000014901162 14.8
      vertex 84.89999999850988 0.9000000014901162 14.8
    endloop
  endfacet
  facet normal 0.8968726997891344 -0.44228877486654466 0
    outer loop
      vertex 85.0923879519105 0.7617316573858262 0
      vertex 85.0923879519105 0.7617316573858262 14.8
      vertex 85.08660253882408 0.7500000029802323 14.8
    endloop
  endfacet
  facet normal 0.946930114979577 -0.32143950806452687 0
    outer loop
      vertex 85.09659258276224 0.7741180986166001 0
      vertex 85.09659258276224 0.7741180986166001 14.8
      vertex 85.0923879519105 0.7617316573858262 14.8
    endloop
  endfacet
  facet normal 0.9807852353811589 -0.19509054835722983 0
    outer loop
      vertex 85.09914448857307 0.7869473800063134 0
      vertex 85.09914448857307 0.7869473800063134 14.8
      vertex 85.09659258276224 0.7741180986166001 14.8
    endloop
  endfacet
  facet normal 0.9978589282087154 -0.06540305340084453 0
    outer loop
      vertex 85.10000000149012 0.8 0
      vertex 85.10000000149012 0.8 14.8
      vertex 85.09914448857307 0.7869473800063134 14.8
    endloop
  endfacet
  facet normal 0 0 1
    outer loop
      vertex 82.9741180986166 0.7034074172377587 14.8
      vertex 82.98694738000631 0.7008555114269257 14.8
      vertex 83.10000000149012 0.9000000014901162 14.8
    endloop
  endfacet
  facet normal 0 0 1
    outer loop
      vertex 82.9741180986166 0.7034074172377587 14.8
      vertex 83.10000000149012 0.9000000014901162 14.8
      vertex 82.96173165738583 0.7076120480895043 14.8
    endloop
  endfacet
  facet normal 0 0 1
    outer loop
      vertex 82.98694738000631 0.7008555114269257 14.8
      vertex 83 0.6999999985098839 14.8
      vertex 83.10000000149012 0.9000000014901162 14.8
    endloop
  endfacet
  facet normal 0 0 1
    outer loop
      vertex 82.95000000298023 0.7133974611759186 14.8
      vertex 82.96173165738583 0.7076120480895043 14.8
      vertex 83.10000000149012 0.9000000014901162 14.8
    endloop
  endfacet
  facet normal 0 0 1
    outer loop
      vertex 82.95000000298023 0.7133974611759186 14.8
      vertex 83.10000000149012 0.9000000014901162 14.8
      vertex 82.9391238540411 0.720664668083191 14.8
    endloop
  endfacet
  facet normal 0 0 1
    outer loop
      vertex 82.9391238540411 0.720664668083191 14.8
      vertex 83.10000000149012 0.9000000014901162 14.8
      vertex 82.92928931862116 0.7292893186211586 14.8
    endloop
  endfacet
  facet normal 0 0 1
    outer loop
      vertex 82.92928931862116 0.7292893186211586 14.8
      vertex 83.10000000149012 0.9000000014901162 14.8
      vertex 82.92066466808319 0.7391238540410996 14.8
    endloop
  endfacet
  facet normal 0 0 1
    outer loop
      vertex 82.92066466808319 0.7391238540410996 14.8
      vertex 83.10000000149012 0.9000000014901162 14.8
      vertex 82.91339746117592 0.7500000029802323 14.8
    endloop
  endfacet
  facet normal 0 0 1
    outer loop
      vertex 82.91339746117592 0.7500000029802323 14.8
      vertex 83.10000000149012 0.9000000014901162 14.8
      vertex 82.9076120480895 0.7617316573858262 14.8
    endloop
  endfacet
  facet normal 0 0 1
    outer loop
      vertex 82.9076120480895 0.7617316573858262 14.8
      vertex 83.10000000149012 0.9000000014901162 14.8
      vertex 82.90340741723776 0.7741180986166001 14.8
    endloop
  endfacet
  facet normal 0 0 1
    outer loop
      vertex 82.90340741723776 0.7741180986166001 14.8
      vertex 83.10000000149012 0.9000000014901162 14.8
      vertex 82.90085551142693 0.7869473800063134 14.8
    endloop
  endfacet
  facet normal 0 0 1
    outer loop
      vertex 82.90085551142693 0.7869473800063134 14.8
      vertex 83.10000000149012 0.9000000014901162 14.8
      vertex 82.89999999850988 0.8 14.8
    endloop
  endfacet
  facet normal 0 0 1
    outer loop
      vertex 83 0.6999999985098839 14.8
      vertex 84.89999999850988 0.9000000014901162 14.8
      vertex 83.10000000149012 0.9000000014901162 14.8
    endloop
  endfacet
  facet normal 0 0 1
    outer loop
      vertex 83 0.6999999985098839 14.8
      vertex 85 0.6999999985098839 14.8
      vertex 84.89999999850988 0.9000000014901162 14.8
    endloop
  endfacet
  facet normal 0 0 1
    outer loop
      vertex 85.0258819013834 0.7034074172377587 14.8
      vertex 85.03826834261417 0.7076120480895043 14.8
      vertex 84.89999999850988 0.9000000014901162 14.8
    endloop
  endfacet
  facet normal 0 0 1
    outer loop
      vertex 85.01305261999369 0.7008555114269257 14.8
      vertex 85.0258819013834 0.7034074172377587 14.8
      vertex 84.89999999850988 0.9000000014901162 14.8
    endloop
  endfacet
  facet normal 0 0 1
    outer loop
      vertex 85 0.6999999985098839 14.8
      vertex 85.01305261999369 0.7008555114269257 14.8
      vertex 84.89999999850988 0.9000000014901162 14.8
    endloop
  endfacet
  facet normal 0 0 1
    outer loop
      vertex 85.03826834261417 0.7076120480895043 14.8
      vertex 85.04999999701977 0.7133974611759186 14.8
      vertex 84.89999999850988 0.9000000014901162 14.8
    endloop
  endfacet
  facet normal 0 0 1
    outer loop
      vertex 85.04999999701977 0.7133974611759186 14.8
      vertex 85.0608761459589 0.720664668083191 14.8
      vertex 84.89999999850988 0.9000000014901162 14.8
    endloop
  endfacet
  facet normal 0 0 1
    outer loop
      vertex 85.0608761459589 0.720664668083191 14.8
      vertex 85.07071068137884 0.7292893186211586 14.8
      vertex 84.89999999850988 0.9000000014901162 14.8
    endloop
  endfacet
  facet normal 0 0 1
    outer loop
      vertex 85.07071068137884 0.7292893186211586 14.8
      vertex 85.07933533191681 0.7391238540410996 14.8
      vertex 84.89999999850988 0.9000000014901162 14.8
    endloop
  endfacet
  facet normal 0 0 1
    outer loop
      vertex 85.07933533191681 0.7391238540410996 14.8
      vertex 85.08660253882408 0.7500000029802323 14.8
      vertex 84.89999999850988 0.9000000014901162 14.8
    endloop
  endfacet
  facet normal 0 0 1
    outer loop
      vertex 85.08660253882408 0.7500000029802323 14.8
      vertex 85.0923879519105 0.7617316573858262 14.8
      vertex 84.89999999850988 0.9000000014901162 14.8
    endloop
  endfacet
  facet normal 0 0 1
    outer loop
      vertex 85.0923879519105 0.7617316573858262 14.8
      vertex 85.09659258276224 0.7741180986166001 14.8
      vertex 84.89999999850988 0.9000000014901162 14.8
    endloop
  endfacet
  facet normal 0 0 1
    outer loop
      vertex 85.09659258276224 0.7741180986166001 14.8
      vertex 85.09914448857307 0.7869473800063134 14.8
      vertex 84.89999999850988 0.9000000014901162 14.8
    endloop
  endfacet
  facet normal 0 0 1
    outer loop
      vertex 85.09914448857307 0.7869473800063134 14.8
      vertex 85.10000000149012 0.8 14.8
      vertex 84.89999999850988 0.9000000014901162 14.8
    endloop
  endfacet
  facet normal 0 0 -1
    outer loop
      vertex 82.89999999850988 0.8 0
      vertex 82.89999999850988 5.699999998509884 0
      vertex 83.10000000149012 0.9000000014901162 0
    endloop
  endfacet
  facet normal 0 0 -1
    outer loop
      vertex 85.10000000149012 0.8 0
      vertex 84.89999999850988 0.9000000014901162 0
      vertex 85.10000000149012 5.900000001490116 0
    endloop
  endfacet
  facet normal 1 0 0
    outer loop
      vertex 83.10000000149012 0.9000000014901162 0
      vertex 83.10000000149012 5.8 0
      vertex 83.10000000149012 0.9000000014901162 14.8
    endloop
  endfacet
  facet normal 1 0 0
    outer loop
      vertex 85.10000000149012 0.8 0
      vertex 85.10000000149012 5.900000001490116 0
      vertex 85.10000000149012 0.8 14.8
    endloop
  endfacet
  facet normal -1 0 0
    outer loop
      vertex 82.89999999850988 0.8 0
      vertex 82.89999999850988 0.8 14.8
      vertex 82.89999999850988 5.699999998509884 14.8
    endloop
  endfacet
  facet normal -1 0 0
    outer loop
      vertex 84.89999999850988 0.9000000014901162 0
      vertex 84.89999999850988 0.9000000014901162 14.8
      vertex 84.89999999850988 5.900000001490116 14.8
    endloop
  endfacet
  facet normal 0 0 1
    outer loop
      vertex 82.89999999850988 0.8 14.8
      vertex 83.10000000149012 0.9000000014901162 14.8
      vertex 82.89999999850988 5.699999998509884 14.8
    endloop
  endfacet
  facet normal 0 0 1
    outer loop
      vertex 85.10000000149012 0.8 14.8
      vertex 85.10000000149012 5.900000001490116 14.8
      vertex 84.89999999850988 0.9000000014901162 14.8
    endloop
  endfacet
  facet normal 0 0 -1
    outer loop
      vertex 70.89999999850988 5.699999998509884 0
      vertex 71.10000000149012 5.8 0
      vertex 71.10000000149012 0.9000000014901162 0
    endloop
  endfacet
  facet normal 0 0 -1
    outer loop
      vertex 72.89999999850988 0.9000000014901162 0
      vertex 72.89999999850988 5.8 0
      vertex 73.10000000149012 5.699999998509884 0
    endloop
  endfacet
  facet normal 0 0 -1
    outer loop
      vertex 75.10000000149012 0.9000000014901162 0
      vertex 74.89999999850988 5.699999998509884 0
      vertex 75.10000000149012 5.8 0
    endloop
  endfacet
  facet normal -1 0 0
    outer loop
      vertex 70.89999999850988 0.8 0
      vertex 70.89999999850988 5.699999998509884 14.8
      vertex 70.89999999850988 5.699999998509884 0
    endloop
  endfacet
  facet normal -1 0 0
    outer loop
      vertex 74.89999999850988 0.8 0
      vertex 74.89999999850988 5.699999998509884 14.8
      vertex 74.89999999850988 5.699999998509884 0
    endloop
  endfacet
  facet normal -1 0 0
    outer loop
      vertex 72.89999999850988 0.9000000014901162 0
      vertex 72.89999999850988 5.8 14.8
      vertex 72.89999999850988 5.8 0
    endloop
  endfacet
  facet normal 0 0 -1
    outer loop
      vertex 76.89999999850988 0.9000000014901162 0
      vertex 76.89999999850988 5.8 0
      vertex 77.10000000149012 5.699999998509884 0
    endloop
  endfacet
  facet normal 0 0 -1
    outer loop
      vertex 79.10000000149012 0.9000000014901162 0
      vertex 78.89999999850988 5.699999998509884 0
      vertex 79.10000000149012 5.8 0
    endloop
  endfacet
  facet normal 0 0 -1
    outer loop
      vertex 80.89999999850988 0.9000000014901162 0
      vertex 80.89999999850988 5.8 0
      vertex 81.10000000149012 5.699999998509884 0
    endloop
  endfacet
  facet normal -1 0 0
    outer loop
      vertex 76.89999999850988 0.9000000014901162 0
      vertex 76.89999999850988 5.8 14.8
      vertex 76.89999999850988 5.8 0
    endloop
  endfacet
  facet normal -1 0 0
    outer loop
      vertex 78.89999999850988 0.8 0
      vertex 78.89999999850988 5.699999998509884 14.8
      vertex 78.89999999850988 5.699999998509884 0
    endloop
  endfacet
  facet normal -1 0 0
    outer loop
      vertex 80.89999999850988 0.9000000014901162 0
      vertex 80.89999999850988 5.8 14.8
      vertex 80.89999999850988 5.8 0
    endloop
  endfacet
  facet normal 1 0 0
    outer loop
      vertex 71.10000000149012 0.9000000014901162 14.8
      vertex 71.10000000149012 5.8 0
      vertex 71.10000000149012 5.8 14.8
    endloop
  endfacet
  facet normal 1 0 0
    outer loop
      vertex 73.10000000149012 0.8 14.8
      vertex 73.10000000149012 5.699999998509884 0
      vertex 73.10000000149012 5.699999998509884 14.8
    endloop
  endfacet
  facet normal 1 0 0
    outer loop
      vertex 75.10000000149012 0.9000000014901162 14.8
      vertex 75.10000000149012 5.8 0
      vertex 75.10000000149012 5.8 14.8
    endloop
  endfacet
  facet normal 0 0 1
    outer loop
      vertex 70.89999999850988 5.699999998509884 14.8
      vertex 71.10000000149012 0.9000000014901162 14.8
      vertex 71.10000000149012 5.8 14.8
    endloop
  endfacet
  facet normal 0 0 1
    outer loop
      vertex 72.89999999850988 0.9000000014901162 14.8
      vertex 73.10000000149012 5.699999998509884 14.8
      vertex 72.89999999850988 5.8 14.8
    endloop
  endfacet
  facet normal 0 0 1
    outer loop
      vertex 75.10000000149012 0.9000000014901162 14.8
      vertex 75.10000000149012 5.8 14.8
      vertex 74.89999999850988 5.699999998509884 14.8
    endloop
  endfacet
  facet normal 1 0 0
    outer loop
      vertex 77.10000000149012 0.8 14.8
      vertex 77.10000000149012 5.699999998509884 0
      vertex 77.10000000149012 5.699999998509884 14.8
    endloop
  endfacet
  facet normal 1 0 0
    outer loop
      vertex 81.10000000149012 0.8 14.8
      vertex 81.10000000149012 5.699999998509884 0
      vertex 81.10000000149012 5.699999998509884 14.8
    endloop
  endfacet
  facet normal 1 0 0
    outer loop
      vertex 79.10000000149012 0.9000000014901162 14.8
      vertex 79.10000000149012 5.8 0
      vertex 79.10000000149012 5.8 14.8
    endloop
  endfacet
  facet normal 0 0 1
    outer loop
      vertex 76.89999999850988 0.9000000014901162 14.8
      vertex 77.10000000149012 5.699999998509884 14.8
      vertex 76.89999999850988 5.8 14.8
    endloop
  endfacet
  facet normal 0 0 1
    outer loop
      vertex 79.10000000149012 0.9000000014901162 14.8
      vertex 79.10000000149012 5.8 14.8
      vertex 78.89999999850988 5.699999998509884 14.8
    endloop
  endfacet
  facet normal 0 0 1
    outer loop
      vertex 80.89999999850988 0.9000000014901162 14.8
      vertex 81.10000000149012 5.699999998509884 14.8
      vertex 80.89999999850988 5.8 14.8
    endloop
  endfacet
  facet normal 0 0 -1
    outer loop
      vertex 69.10000000149012 5.699999998509884 0
      vertex 71 5.900000001490116 0
      vertex 70.89999999850988 5.699999998509884 0
    endloop
  endfacet
  facet normal 0 0 -1
    outer loop
      vertex 70.89999999850988 5.699999998509884 0
      vertex 71.09914448857307 5.8130526199936865 0
      vertex 71.10000000149012 5.8 0
    endloop
  endfacet
  facet normal 0 0 -1
    outer loop
      vertex 70.89999999850988 5.699999998509884 0
      vertex 71.09659258276224 5.8258819013834 0
      vertex 71.09914448857307 5.8130526199936865 0
    endloop
  endfacet
  facet normal 0 0 -1
    outer loop
      vertex 70.89999999850988 5.699999998509884 0
      vertex 71.0923879519105 5.838268342614174 0
      vertex 71.09659258276224 5.8258819013834 0
    endloop
  endfacet
  facet normal 0 0 -1
    outer loop
      vertex 70.89999999850988 5.699999998509884 0
      vertex 71.07071068137884 5.870710681378841 0
      vertex 71.07933533191681 5.8608761459589 0
    endloop
  endfacet
  facet normal 0 0 -1
    outer loop
      vertex 70.89999999850988 5.699999998509884 0
      vertex 71.08660253882408 5.849999997019768 0
      vertex 71.0923879519105 5.838268342614174 0
    endloop
  endfacet
  facet normal 0 0 -1
    outer loop
      vertex 70.89999999850988 5.699999998509884 0
      vertex 71.07933533191681 5.8608761459589 0
      vertex 71.08660253882408 5.849999997019768 0
    endloop
  endfacet
  facet normal 0 0 -1
    outer loop
      vertex 70.89999999850988 5.699999998509884 0
      vertex 71.0608761459589 5.879335331916809 0
      vertex 71.07071068137884 5.870710681378841 0
    endloop
  endfacet
  facet normal 0 0 -1
    outer loop
      vertex 70.89999999850988 5.699999998509884 0
      vertex 71.04999999701977 5.886602538824081 0
      vertex 71.0608761459589 5.879335331916809 0
    endloop
  endfacet
  facet normal 0 0 -1
    outer loop
      vertex 70.89999999850988 5.699999998509884 0
      vertex 71.03826834261417 5.892387951910496 0
      vertex 71.04999999701977 5.886602538824081 0
    endloop
  endfacet
  facet normal 0 0 -1
    outer loop
      vertex 70.89999999850988 5.699999998509884 0
      vertex 71 5.900000001490116 0
      vertex 71.01305261999369 5.899144488573074 0
    endloop
  endfacet
  facet normal 0 0 -1
    outer loop
      vertex 70.89999999850988 5.699999998509884 0
      vertex 71.01305261999369 5.899144488573074 0
      vertex 71.0258819013834 5.896592582762241 0
    endloop
  endfacet
  facet normal 0 0 -1
    outer loop
      vertex 70.89999999850988 5.699999998509884 0
      vertex 71.0258819013834 5.896592582762241 0
      vertex 71.03826834261417 5.892387951910496 0
    endloop
  endfacet
  facet normal 0 0 -1
    outer loop
      vertex 73.10000000149012 5.699999998509884 0
      vertex 72.89999999850988 5.8 0
      vertex 72.90085551142693 5.8130526199936865 0
    endloop
  endfacet
  facet normal 0 0 -1
    outer loop
      vertex 73.10000000149012 5.699999998509884 0
      vertex 72.90085551142693 5.8130526199936865 0
      vertex 72.90340741723776 5.8258819013834 0
    endloop
  endfacet
  facet normal 0 0 -1
    outer loop
      vertex 73.10000000149012 5.699999998509884 0
      vertex 72.90340741723776 5.8258819013834 0
      vertex 72.9076120480895 5.838268342614174 0
    endloop
  endfacet
  facet normal 0 0 -1
    outer loop
      vertex 73.10000000149012 5.699999998509884 0
      vertex 72.9076120480895 5.838268342614174 0
      vertex 72.91339746117592 5.849999997019768 0
    endloop
  endfacet
  facet normal 0 0 -1
    outer loop
      vertex 73.10000000149012 5.699999998509884 0
      vertex 72.91339746117592 5.849999997019768 0
      vertex 72.92066466808319 5.8608761459589 0
    endloop
  endfacet
  facet normal 0 0 -1
    outer loop
      vertex 73.10000000149012 5.699999998509884 0
      vertex 72.92066466808319 5.8608761459589 0
      vertex 72.92928931862116 5.870710681378841 0
    endloop
  endfacet
  facet normal 0 0 -1
    outer loop
      vertex 73.10000000149012 5.699999998509884 0
      vertex 73 5.900000001490116 0
      vertex 74.89999999850988 5.699999998509884 0
    endloop
  endfacet
  facet normal 0 0 -1
    outer loop
      vertex 73.10000000149012 5.699999998509884 0
      vertex 72.92928931862116 5.870710681378841 0
      vertex 72.9391238540411 5.879335331916809 0
    endloop
  endfacet
  facet normal 0 0 -1
    outer loop
      vertex 73.10000000149012 5.699999998509884 0
      vertex 72.9391238540411 5.879335331916809 0
      vertex 72.95000000298023 5.886602538824081 0
    endloop
  endfacet
  facet normal 0 0 -1
    outer loop
      vertex 73.10000000149012 5.699999998509884 0
      vertex 72.95000000298023 5.886602538824081 0
      vertex 72.96173165738583 5.892387951910496 0
    endloop
  endfacet
  facet normal 0 0 -1
    outer loop
      vertex 73.10000000149012 5.699999998509884 0
      vertex 72.9741180986166 5.896592582762241 0
      vertex 72.98694738000631 5.899144488573074 0
    endloop
  endfacet
  facet normal 0 0 -1
    outer loop
      vertex 73.10000000149012 5.699999998509884 0
      vertex 72.96173165738583 5.892387951910496 0
      vertex 72.9741180986166 5.896592582762241 0
    endloop
  endfacet
  facet normal 0 0 -1
    outer loop
      vertex 73.10000000149012 5.699999998509884 0
      vertex 72.98694738000631 5.899144488573074 0
      vertex 73 5.900000001490116 0
    endloop
  endfacet
  facet normal 0 0 -1
    outer loop
      vertex 74.89999999850988 5.699999998509884 0
      vertex 75.09914448857307 5.8130526199936865 0
      vertex 75.10000000149012 5.8 0
    endloop
  endfacet
  facet normal 0 0 -1
    outer loop
      vertex 74.89999999850988 5.699999998509884 0
      vertex 75.09659258276224 5.8258819013834 0
      vertex 75.09914448857307 5.8130526199936865 0
    endloop
  endfacet
  facet normal 0 0 -1
    outer loop
      vertex 74.89999999850988 5.699999998509884 0
      vertex 75.0923879519105 5.838268342614174 0
      vertex 75.09659258276224 5.8258819013834 0
    endloop
  endfacet
  facet normal 0 0 -1
    outer loop
      vertex 74.89999999850988 5.699999998509884 0
      vertex 75.07071068137884 5.870710681378841 0
      vertex 75.07933533191681 5.8608761459589 0
    endloop
  endfacet
  facet normal 0 0 -1
    outer loop
      vertex 74.89999999850988 5.699999998509884 0
      vertex 75.07933533191681 5.8608761459589 0
      vertex 75.08660253882408 5.849999997019768 0
    endloop
  endfacet
  facet normal 0 0 -1
    outer loop
      vertex 74.89999999850988 5.699999998509884 0
      vertex 75.08660253882408 5.849999997019768 0
      vertex 75.0923879519105 5.838268342614174 0
    endloop
  endfacet
  facet normal 0 0 -1
    outer loop
      vertex 73 5.900000001490116 0
      vertex 75 5.900000001490116 0
      vertex 74.89999999850988 5.699999998509884 0
    endloop
  endfacet
  facet normal 0 0 -1
    outer loop
      vertex 74.89999999850988 5.699999998509884 0
      vertex 75.0608761459589 5.879335331916809 0
      vertex 75.07071068137884 5.870710681378841 0
    endloop
  endfacet
  facet normal 0 0 -1
    outer loop
      vertex 74.89999999850988 5.699999998509884 0
      vertex 75.04999999701977 5.886602538824081 0
      vertex 75.0608761459589 5.879335331916809 0
    endloop
  endfacet
  facet normal 0 0 -1
    outer loop
      vertex 74.89999999850988 5.699999998509884 0
      vertex 75.03826834261417 5.892387951910496 0
      vertex 75.04999999701977 5.886602538824081 0
    endloop
  endfacet
  facet normal 0 0 -1
    outer loop
      vertex 74.89999999850988 5.699999998509884 0
      vertex 75.0258819013834 5.896592582762241 0
      vertex 75.03826834261417 5.892387951910496 0
    endloop
  endfacet
  facet normal 0 0 -1
    outer loop
      vertex 74.89999999850988 5.699999998509884 0
      vertex 75.01305261999369 5.899144488573074 0
      vertex 75.0258819013834 5.896592582762241 0
    endloop
  endfacet
  facet normal 0 0 -1
    outer loop
      vertex 74.89999999850988 5.699999998509884 0
      vertex 75 5.900000001490116 0
      vertex 75.01305261999369 5.899144488573074 0
    endloop
  endfacet
  facet normal 0.9978589282087154 0.06540305340084453 0
    outer loop
      vertex 71.10000000149012 5.8 0
      vertex 71.09914448857307 5.8130526199936865 0
      vertex 71.10000000149012 5.8 14.8
    endloop
  endfacet
  facet normal 0 1 0
    outer loop
      vertex 69 5.900000001490116 0
      vertex 71 5.900000001490116 14.8
      vertex 71 5.900000001490116 0
    endloop
  endfacet
  facet normal 0.9807852353811589 0.19509054835722983 0
    outer loop
      vertex 71.09914448857307 5.8130526199936865 0
      vertex 71.09659258276224 5.8258819013834 0
      vertex 71.09914448857307 5.8130526199936865 14.8
    endloop
  endfacet
  facet normal 0.946930114979577 0.32143950806452687 0
    outer loop
      vertex 71.09659258276224 5.8258819013834 0
      vertex 71.0923879519105 5.838268342614174 0
      vertex 71.09659258276224 5.8258819013834 14.8
    endloop
  endfacet
  facet normal 0.8968726997891344 0.44228877486654466 0
    outer loop
      vertex 71.0923879519105 5.838268342614174 0
      vertex 71.08660253882408 5.849999997019768 0
      vertex 71.0923879519105 5.838268342614174 14.8
    endloop
  endfacet
  facet normal 0.8314697350809236 0.5555700492687295 0
    outer loop
      vertex 71.08660253882408 5.849999997019768 0
      vertex 71.07933533191681 5.8608761459589 0
      vertex 71.08660253882408 5.849999997019768 14.8
    endloop
  endfacet
  facet normal 0.7518400178018776 0.6593455752726884 0
    outer loop
      vertex 71.07933533191681 5.8608761459589 0
      vertex 71.07071068137884 5.870710681378841 0
      vertex 71.07933533191681 5.8608761459589 14.8
    endloop
  endfacet
  facet normal 0.6593455752726884 0.7518400178018776 0
    outer loop
      vertex 71.07071068137884 5.870710681378841 0
      vertex 71.0608761459589 5.879335331916809 0
      vertex 71.07071068137884 5.870710681378841 14.8
    endloop
  endfacet
  facet normal 0.5555700492687295 0.8314697350809236 0
    outer loop
      vertex 71.0608761459589 5.879335331916809 0
      vertex 71.04999999701977 5.886602538824081 0
      vertex 71.0608761459589 5.879335331916809 14.8
    endloop
  endfacet
  facet normal 0.19509054835722983 0.9807852353811589 0
    outer loop
      vertex 71.0258819013834 5.896592582762241 0
      vertex 71.01305261999369 5.899144488573074 0
      vertex 71.0258819013834 5.896592582762241 14.8
    endloop
  endfacet
  facet normal 0.06540305340084453 0.9978589282087154 0
    outer loop
      vertex 71.01305261999369 5.899144488573074 0
      vertex 71 5.900000001490116 0
      vertex 71.01305261999369 5.899144488573074 14.8
    endloop
  endfacet
  facet normal 0.44228877486654466 0.8968726997891344 0
    outer loop
      vertex 71.04999999701977 5.886602538824081 0
      vertex 71.03826834261417 5.892387951910496 0
      vertex 71.04999999701977 5.886602538824081 14.8
    endloop
  endfacet
  facet normal 0.32143950806452687 0.946930114979577 0
    outer loop
      vertex 71.0258819013834 5.896592582762241 0
      vertex 71.03826834261417 5.892387951910496 14.8
      vertex 71.03826834261417 5.892387951910496 0
    endloop
  endfacet
  facet normal -0.9978589282087154 0.06540305340084453 0
    outer loop
      vertex 72.89999999850988 5.8 0
      vertex 72.90085551142693 5.8130526199936865 14.8
      vertex 72.90085551142693 5.8130526199936865 0
    endloop
  endfacet
  facet normal 0 -1 0
    outer loop
      vertex 73.10000000149012 5.699999998509884 0
      vertex 74.89999999850988 5.699999998509884 0
      vertex 73.10000000149012 5.699999998509884 14.8
    endloop
  endfacet
  facet normal -0.9807852353811589 0.19509054835722983 0
    outer loop
      vertex 72.90085551142693 5.8130526199936865 0
      vertex 72.90340741723776 5.8258819013834 14.8
      vertex 72.90340741723776 5.8258819013834 0
    endloop
  endfacet
  facet normal -0.946930114979577 0.32143950806452687 0
    outer loop
      vertex 72.90340741723776 5.8258819013834 0
      vertex 72.9076120480895 5.838268342614174 14.8
      vertex 72.9076120480895 5.838268342614174 0
    endloop
  endfacet
  facet normal -0.8968726997891344 0.44228877486654466 0
    outer loop
      vertex 72.9076120480895 5.838268342614174 0
      vertex 72.91339746117592 5.849999997019768 14.8
      vertex 72.91339746117592 5.849999997019768 0
    endloop
  endfacet
  facet normal -0.8314697350809236 0.5555700492687295 0
    outer loop
      vertex 72.91339746117592 5.849999997019768 0
      vertex 72.92066466808319 5.8608761459589 14.8
      vertex 72.92066466808319 5.8608761459589 0
    endloop
  endfacet
  facet normal -0.7518400178018776 0.6593455752726884 0
    outer loop
      vertex 72.92066466808319 5.8608761459589 0
      vertex 72.92928931862116 5.870710681378841 14.8
      vertex 72.92928931862116 5.870710681378841 0
    endloop
  endfacet
  facet normal -0.6593455752726884 0.7518400178018776 0
    outer loop
      vertex 72.92928931862116 5.870710681378841 0
      vertex 72.9391238540411 5.879335331916809 14.8
      vertex 72.9391238540411 5.879335331916809 0
    endloop
  endfacet
  facet normal -0.5555700492687295 0.8314697350809236 0
    outer loop
      vertex 72.9391238540411 5.879335331916809 0
      vertex 72.95000000298023 5.886602538824081 14.8
      vertex 72.95000000298023 5.886602538824081 0
    endloop
  endfacet
  facet normal -0.44228877486654466 0.8968726997891344 0
    outer loop
      vertex 72.95000000298023 5.886602538824081 0
      vertex 72.96173165738583 5.892387951910496 14.8
      vertex 72.96173165738583 5.892387951910496 0
    endloop
  endfacet
  facet normal -0.19509054835722983 0.9807852353811589 0
    outer loop
      vertex 72.9741180986166 5.896592582762241 0
      vertex 72.98694738000631 5.899144488573074 14.8
      vertex 72.98694738000631 5.899144488573074 0
    endloop
  endfacet
  facet normal -0.32143950806452687 0.946930114979577 0
    outer loop
      vertex 72.96173165738583 5.892387951910496 0
      vertex 72.9741180986166 5.896592582762241 14.8
      vertex 72.9741180986166 5.896592582762241 0
    endloop
  endfacet
  facet normal -0.06540305340084453 0.9978589282087154 0
    outer loop
      vertex 73 5.900000001490116 0
      vertex 72.98694738000631 5.899144488573074 0
      vertex 73 5.900000001490116 14.8
    endloop
  endfacet
  facet normal 0.9978589282087154 0.06540305340084453 0
    outer loop
      vertex 75.10000000149012 5.8 0
      vertex 75.09914448857307 5.8130526199936865 0
      vertex 75.10000000149012 5.8 14.8
    endloop
  endfacet
  facet normal 0 1 0
    outer loop
      vertex 73 5.900000001490116 0
      vertex 75 5.900000001490116 14.8
      vertex 75 5.900000001490116 0
    endloop
  endfacet
  facet normal 0.9807852353811589 0.19509054835722983 0
    outer loop
      vertex 75.09914448857307 5.8130526199936865 0
      vertex 75.09659258276224 5.8258819013834 0
      vertex 75.09914448857307 5.8130526199936865 14.8
    endloop
  endfacet
  facet normal 0.946930114979577 0.32143950806452687 0
    outer loop
      vertex 75.09659258276224 5.8258819013834 0
      vertex 75.0923879519105 5.838268342614174 0
      vertex 75.09659258276224 5.8258819013834 14.8
    endloop
  endfacet
  facet normal 0.8968726997891344 0.44228877486654466 0
    outer loop
      vertex 75.0923879519105 5.838268342614174 0
      vertex 75.08660253882408 5.849999997019768 0
      vertex 75.0923879519105 5.838268342614174 14.8
    endloop
  endfacet
  facet normal 0.8314697350809236 0.5555700492687295 0
    outer loop
      vertex 75.08660253882408 5.849999997019768 0
      vertex 75.07933533191681 5.8608761459589 0
      vertex 75.08660253882408 5.849999997019768 14.8
    endloop
  endfacet
  facet normal 0.7518400178018776 0.6593455752726884 0
    outer loop
      vertex 75.07071068137884 5.870710681378841 0
      vertex 75.07933533191681 5.8608761459589 14.8
      vertex 75.07933533191681 5.8608761459589 0
    endloop
  endfacet
  facet normal 0.6593455752726884 0.7518400178018776 0
    outer loop
      vertex 75.07071068137884 5.870710681378841 0
      vertex 75.0608761459589 5.879335331916809 0
      vertex 75.07071068137884 5.870710681378841 14.8
    endloop
  endfacet
  facet normal 0.5555700492687295 0.8314697350809236 0
    outer loop
      vertex 75.0608761459589 5.879335331916809 0
      vertex 75.04999999701977 5.886602538824081 0
      vertex 75.0608761459589 5.879335331916809 14.8
    endloop
  endfacet
  facet normal 0.06540305340084453 0.9978589282087154 0
    outer loop
      vertex 75.01305261999369 5.899144488573074 0
      vertex 75 5.900000001490116 0
      vertex 75.01305261999369 5.899144488573074 14.8
    endloop
  endfacet
  facet normal 0.19509054835722983 0.9807852353811589 0
    outer loop
      vertex 75.01305261999369 5.899144488573074 0
      vertex 75.0258819013834 5.896592582762241 14.8
      vertex 75.0258819013834 5.896592582762241 0
    endloop
  endfacet
  facet normal 0.44228877486654466 0.8968726997891344 0
    outer loop
      vertex 75.04999999701977 5.886602538824081 0
      vertex 75.03826834261417 5.892387951910496 0
      vertex 75.04999999701977 5.886602538824081 14.8
    endloop
  endfacet
  facet normal 0.32143950806452687 0.946930114979577 0
    outer loop
      vertex 75.03826834261417 5.892387951910496 0
      vertex 75.0258819013834 5.896592582762241 0
      vertex 75.03826834261417 5.892387951910496 14.8
    endloop
  endfacet
  facet normal 0 0 -1
    outer loop
      vertex 77.10000000149012 5.699999998509884 0
      vertex 76.89999999850988 5.8 0
      vertex 76.90085551142693 5.8130526199936865 0
    endloop
  endfacet
  facet normal 0 0 -1
    outer loop
      vertex 77.10000000149012 5.699999998509884 0
      vertex 76.90085551142693 5.8130526199936865 0
      vertex 76.90340741723776 5.8258819013834 0
    endloop
  endfacet
  facet normal 0 0 -1
    outer loop
      vertex 77.10000000149012 5.699999998509884 0
      vertex 76.90340741723776 5.8258819013834 0
      vertex 76.9076120480895 5.838268342614174 0
    endloop
  endfacet
  facet normal 0 0 -1
    outer loop
      vertex 77.10000000149012 5.699999998509884 0
      vertex 76.9076120480895 5.838268342614174 0
      vertex 76.91339746117592 5.849999997019768 0
    endloop
  endfacet
  facet normal 0 0 -1
    outer loop
      vertex 77.10000000149012 5.699999998509884 0
      vertex 76.91339746117592 5.849999997019768 0
      vertex 76.92066466808319 5.8608761459589 0
    endloop
  endfacet
  facet normal 0 0 -1
    outer loop
      vertex 77.10000000149012 5.699999998509884 0
      vertex 76.92066466808319 5.8608761459589 0
      vertex 76.92928931862116 5.870710681378841 0
    endloop
  endfacet
  facet normal 0 0 -1
    outer loop
      vertex 77.10000000149012 5.699999998509884 0
      vertex 76.92928931862116 5.870710681378841 0
      vertex 76.9391238540411 5.879335331916809 0
    endloop
  endfacet
  facet normal 0 0 -1
    outer loop
      vertex 77.10000000149012 5.699999998509884 0
      vertex 76.9391238540411 5.879335331916809 0
      vertex 76.95000000298023 5.886602538824081 0
    endloop
  endfacet
  facet normal 0 0 -1
    outer loop
      vertex 77.10000000149012 5.699999998509884 0
      vertex 76.95000000298023 5.886602538824081 0
      vertex 76.96173165738583 5.892387951910496 0
    endloop
  endfacet
  facet normal 0 0 -1
    outer loop
      vertex 77.10000000149012 5.699999998509884 0
      vertex 76.9741180986166 5.896592582762241 0
      vertex 76.98694738000631 5.899144488573074 0
    endloop
  endfacet
  facet normal 0 0 -1
    outer loop
      vertex 77.10000000149012 5.699999998509884 0
      vertex 76.96173165738583 5.892387951910496 0
      vertex 76.9741180986166 5.896592582762241 0
    endloop
  endfacet
  facet normal 0 0 -1
    outer loop
      vertex 77.10000000149012 5.699999998509884 0
      vertex 76.98694738000631 5.899144488573074 0
      vertex 77 5.900000001490116 0
    endloop
  endfacet
  facet normal 0 0 -1
    outer loop
      vertex 77.10000000149012 5.699999998509884 0
      vertex 77 5.900000001490116 0
      vertex 78.89999999850988 5.699999998509884 0
    endloop
  endfacet
  facet normal 0 0 -1
    outer loop
      vertex 77 5.900000001490116 0
      vertex 79 5.900000001490116 0
      vertex 78.89999999850988 5.699999998509884 0
    endloop
  endfacet
  facet normal 0 0 -1
    outer loop
      vertex 78.89999999850988 5.699999998509884 0
      vertex 79.09914448857307 5.8130526199936865 0
      vertex 79.10000000149012 5.8 0
    endloop
  endfacet
  facet normal 0 0 -1
    outer loop
      vertex 78.89999999850988 5.699999998509884 0
      vertex 79.09659258276224 5.8258819013834 0
      vertex 79.09914448857307 5.8130526199936865 0
    endloop
  endfacet
  facet normal 0 0 -1
    outer loop
      vertex 78.89999999850988 5.699999998509884 0
      vertex 79.0923879519105 5.838268342614174 0
      vertex 79.09659258276224 5.8258819013834 0
    endloop
  endfacet
  facet normal 0 0 -1
    outer loop
      vertex 78.89999999850988 5.699999998509884 0
      vertex 79.07933533191681 5.8608761459589 0
      vertex 79.08660253882408 5.849999997019768 0
    endloop
  endfacet
  facet normal 0 0 -1
    outer loop
      vertex 78.89999999850988 5.699999998509884 0
      vertex 79.07071068137884 5.870710681378841 0
      vertex 79.07933533191681 5.8608761459589 0
    endloop
  endfacet
  facet normal 0 0 -1
    outer loop
      vertex 78.89999999850988 5.699999998509884 0
      vertex 79.08660253882408 5.849999997019768 0
      vertex 79.0923879519105 5.838268342614174 0
    endloop
  endfacet
  facet normal 0 0 -1
    outer loop
      vertex 78.89999999850988 5.699999998509884 0
      vertex 79.0608761459589 5.879335331916809 0
      vertex 79.07071068137884 5.870710681378841 0
    endloop
  endfacet
  facet normal 0 0 -1
    outer loop
      vertex 78.89999999850988 5.699999998509884 0
      vertex 79.04999999701977 5.886602538824081 0
      vertex 79.0608761459589 5.879335331916809 0
    endloop
  endfacet
  facet normal 0 0 -1
    outer loop
      vertex 78.89999999850988 5.699999998509884 0
      vertex 79.01305261999369 5.899144488573074 0
      vertex 79.0258819013834 5.896592582762241 0
    endloop
  endfacet
  facet normal 0 0 -1
    outer loop
      vertex 78.89999999850988 5.699999998509884 0
      vertex 79 5.900000001490116 0
      vertex 79.01305261999369 5.899144488573074 0
    endloop
  endfacet
  facet normal 0 0 -1
    outer loop
      vertex 78.89999999850988 5.699999998509884 0
      vertex 79.03826834261417 5.892387951910496 0
      vertex 79.04999999701977 5.886602538824081 0
    endloop
  endfacet
  facet normal 0 0 -1
    outer loop
      vertex 78.89999999850988 5.699999998509884 0
      vertex 79.0258819013834 5.896592582762241 0
      vertex 79.03826834261417 5.892387951910496 0
    endloop
  endfacet
  facet normal 0 0 -1
    outer loop
      vertex 81.10000000149012 5.699999998509884 0
      vertex 80.89999999850988 5.8 0
      vertex 80.90085551142693 5.8130526199936865 0
    endloop
  endfacet
  facet normal 0 0 -1
    outer loop
      vertex 81.10000000149012 5.699999998509884 0
      vertex 80.90085551142693 5.8130526199936865 0
      vertex 80.90340741723776 5.8258819013834 0
    endloop
  endfacet
  facet normal 0 0 -1
    outer loop
      vertex 81.10000000149012 5.699999998509884 0
      vertex 80.90340741723776 5.8258819013834 0
      vertex 80.9076120480895 5.838268342614174 0
    endloop
  endfacet
  facet normal 0 0 -1
    outer loop
      vertex 81.10000000149012 5.699999998509884 0
      vertex 80.9076120480895 5.838268342614174 0
      vertex 80.91339746117592 5.849999997019768 0
    endloop
  endfacet
  facet normal 0 0 -1
    outer loop
      vertex 81.10000000149012 5.699999998509884 0
      vertex 80.91339746117592 5.849999997019768 0
      vertex 80.92066466808319 5.8608761459589 0
    endloop
  endfacet
  facet normal 0 0 -1
    outer loop
      vertex 81.10000000149012 5.699999998509884 0
      vertex 80.92066466808319 5.8608761459589 0
      vertex 80.92928931862116 5.870710681378841 0
    endloop
  endfacet
  facet normal 0 0 -1
    outer loop
      vertex 81.10000000149012 5.699999998509884 0
      vertex 80.92928931862116 5.870710681378841 0
      vertex 80.9391238540411 5.879335331916809 0
    endloop
  endfacet
  facet normal 0 0 -1
    outer loop
      vertex 81.10000000149012 5.699999998509884 0
      vertex 80.9391238540411 5.879335331916809 0
      vertex 80.95000000298023 5.886602538824081 0
    endloop
  endfacet
  facet normal 0 0 -1
    outer loop
      vertex 81.10000000149012 5.699999998509884 0
      vertex 80.95000000298023 5.886602538824081 0
      vertex 80.96173165738583 5.892387951910496 0
    endloop
  endfacet
  facet normal 0 0 -1
    outer loop
      vertex 81.10000000149012 5.699999998509884 0
      vertex 80.9741180986166 5.896592582762241 0
      vertex 80.98694738000631 5.899144488573074 0
    endloop
  endfacet
  facet normal 0 0 -1
    outer loop
      vertex 81.10000000149012 5.699999998509884 0
      vertex 80.96173165738583 5.892387951910496 0
      vertex 80.9741180986166 5.896592582762241 0
    endloop
  endfacet
  facet normal 0 0 -1
    outer loop
      vertex 81.10000000149012 5.699999998509884 0
      vertex 80.98694738000631 5.899144488573074 0
      vertex 81 5.900000001490116 0
    endloop
  endfacet
  facet normal -0.9978589282087154 0.06540305340084453 0
    outer loop
      vertex 76.89999999850988 5.8 0
      vertex 76.90085551142693 5.8130526199936865 14.8
      vertex 76.90085551142693 5.8130526199936865 0
    endloop
  endfacet
  facet normal -0.9807852353811589 0.19509054835722983 0
    outer loop
      vertex 76.90085551142693 5.8130526199936865 0
      vertex 76.90340741723776 5.8258819013834 14.8
      vertex 76.90340741723776 5.8258819013834 0
    endloop
  endfacet
  facet normal -0.946930114979577 0.32143950806452687 0
    outer loop
      vertex 76.90340741723776 5.8258819013834 0
      vertex 76.9076120480895 5.838268342614174 14.8
      vertex 76.9076120480895 5.838268342614174 0
    endloop
  endfacet
  facet normal -0.8968726997891344 0.44228877486654466 0
    outer loop
      vertex 76.9076120480895 5.838268342614174 0
      vertex 76.91339746117592 5.849999997019768 14.8
      vertex 76.91339746117592 5.849999997019768 0
    endloop
  endfacet
  facet normal -0.8314697350809236 0.5555700492687295 0
    outer loop
      vertex 76.91339746117592 5.849999997019768 0
      vertex 76.92066466808319 5.8608761459589 14.8
      vertex 76.92066466808319 5.8608761459589 0
    endloop
  endfacet
  facet normal -0.7518400178018776 0.6593455752726884 0
    outer loop
      vertex 76.92066466808319 5.8608761459589 0
      vertex 76.92928931862116 5.870710681378841 14.8
      vertex 76.92928931862116 5.870710681378841 0
    endloop
  endfacet
  facet normal -0.6593455752726884 0.7518400178018776 0
    outer loop
      vertex 76.92928931862116 5.870710681378841 0
      vertex 76.9391238540411 5.879335331916809 14.8
      vertex 76.9391238540411 5.879335331916809 0
    endloop
  endfacet
  facet normal -0.5555700492687295 0.8314697350809236 0
    outer loop
      vertex 76.9391238540411 5.879335331916809 0
      vertex 76.95000000298023 5.886602538824081 14.8
      vertex 76.95000000298023 5.886602538824081 0
    endloop
  endfacet
  facet normal -0.44228877486654466 0.8968726997891344 0
    outer loop
      vertex 76.95000000298023 5.886602538824081 0
      vertex 76.96173165738583 5.892387951910496 14.8
      vertex 76.96173165738583 5.892387951910496 0
    endloop
  endfacet
  facet normal -0.32143950806452687 0.946930114979577 0
    outer loop
      vertex 76.96173165738583 5.892387951910496 0
      vertex 76.9741180986166 5.896592582762241 14.8
      vertex 76.9741180986166 5.896592582762241 0
    endloop
  endfacet
  facet normal -0.06540305340084453 0.9978589282087154 0
    outer loop
      vertex 77 5.900000001490116 0
      vertex 76.98694738000631 5.899144488573074 0
      vertex 77 5.900000001490116 14.8
    endloop
  endfacet
  facet normal -0.19509054835722983 0.9807852353811589 0
    outer loop
      vertex 76.9741180986166 5.896592582762241 0
      vertex 76.98694738000631 5.899144488573074 14.8
      vertex 76.98694738000631 5.899144488573074 0
    endloop
  endfacet
  facet normal 0 -1 0
    outer loop
      vertex 77.10000000149012 5.699999998509884 0
      vertex 78.89999999850988 5.699999998509884 0
      vertex 77.10000000149012 5.699999998509884 14.8
    endloop
  endfacet
  facet normal 0 1 0
    outer loop
      vertex 77 5.900000001490116 0
      vertex 79 5.900000001490116 14.8
      vertex 79 5.900000001490116 0
    endloop
  endfacet
  facet normal 0.9978589282087154 0.06540305340084453 0
    outer loop
      vertex 79.10000000149012 5.8 0
      vertex 79.09914448857307 5.8130526199936865 0
      vertex 79.10000000149012 5.8 14.8
    endloop
  endfacet
  facet normal 0.9807852353811589 0.19509054835722983 0
    outer loop
      vertex 79.09914448857307 5.8130526199936865 0
      vertex 79.09659258276224 5.8258819013834 0
      vertex 79.09914448857307 5.8130526199936865 14.8
    endloop
  endfacet
  facet normal 0.946930114979577 0.32143950806452687 0
    outer loop
      vertex 79.0923879519105 5.838268342614174 0
      vertex 79.09659258276224 5.8258819013834 14.8
      vertex 79.09659258276224 5.8258819013834 0
    endloop
  endfacet
  facet normal 0.8968726997891344 0.44228877486654466 0
    outer loop
      vertex 79.0923879519105 5.838268342614174 0
      vertex 79.08660253882408 5.849999997019768 0
      vertex 79.0923879519105 5.838268342614174 14.8
    endloop
  endfacet
  facet normal 0.8314697350809236 0.5555700492687295 0
    outer loop
      vertex 79.08660253882408 5.849999997019768 0
      vertex 79.07933533191681 5.8608761459589 0
      vertex 79.08660253882408 5.849999997019768 14.8
    endloop
  endfacet
  facet normal 0.7518400178018776 0.6593455752726884 0
    outer loop
      vertex 79.07933533191681 5.8608761459589 0
      vertex 79.07071068137884 5.870710681378841 0
      vertex 79.07933533191681 5.8608761459589 14.8
    endloop
  endfacet
  facet normal 0.6593455752726884 0.7518400178018776 0
    outer loop
      vertex 79.0608761459589 5.879335331916809 0
      vertex 79.07071068137884 5.870710681378841 14.8
      vertex 79.07071068137884 5.870710681378841 0
    endloop
  endfacet
  facet normal 0.5555700492687295 0.8314697350809236 0
    outer loop
      vertex 79.0608761459589 5.879335331916809 0
      vertex 79.04999999701977 5.886602538824081 0
      vertex 79.0608761459589 5.879335331916809 14.8
    endloop
  endfacet
  facet normal 0.06540305340084453 0.9978589282087154 0
    outer loop
      vertex 79.01305261999369 5.899144488573074 0
      vertex 79 5.900000001490116 0
      vertex 79.01305261999369 5.899144488573074 14.8
    endloop
  endfacet
  facet normal 0.19509054835722983 0.9807852353811589 0
    outer loop
      vertex 79.01305261999369 5.899144488573074 0
      vertex 79.0258819013834 5.896592582762241 14.8
      vertex 79.0258819013834 5.896592582762241 0
    endloop
  endfacet
  facet normal 0.32143950806452687 0.946930114979577 0
    outer loop
      vertex 79.03826834261417 5.892387951910496 0
      vertex 79.0258819013834 5.896592582762241 0
      vertex 79.03826834261417 5.892387951910496 14.8
    endloop
  endfacet
  facet normal 0.44228877486654466 0.8968726997891344 0
    outer loop
      vertex 79.03826834261417 5.892387951910496 0
      vertex 79.04999999701977 5.886602538824081 14.8
      vertex 79.04999999701977 5.886602538824081 0
    endloop
  endfacet
  facet normal -0.9978589282087154 0.06540305340084453 0
    outer loop
      vertex 80.89999999850988 5.8 0
      vertex 80.90085551142693 5.8130526199936865 14.8
      vertex 80.90085551142693 5.8130526199936865 0
    endloop
  endfacet
  facet normal -0.9807852353811589 0.19509054835722983 0
    outer loop
      vertex 80.90085551142693 5.8130526199936865 0
      vertex 80.90340741723776 5.8258819013834 14.8
      vertex 80.90340741723776 5.8258819013834 0
    endloop
  endfacet
  facet normal -0.946930114979577 0.32143950806452687 0
    outer loop
      vertex 80.90340741723776 5.8258819013834 0
      vertex 80.9076120480895 5.838268342614174 14.8
      vertex 80.9076120480895 5.838268342614174 0
    endloop
  endfacet
  facet normal -0.8968726997891344 0.44228877486654466 0
    outer loop
      vertex 80.9076120480895 5.838268342614174 0
      vertex 80.91339746117592 5.849999997019768 14.8
      vertex 80.91339746117592 5.849999997019768 0
    endloop
  endfacet
  facet normal -0.8314697350809236 0.5555700492687295 0
    outer loop
      vertex 80.91339746117592 5.849999997019768 0
      vertex 80.92066466808319 5.8608761459589 14.8
      vertex 80.92066466808319 5.8608761459589 0
    endloop
  endfacet
  facet normal -0.7518400178018776 0.6593455752726884 0
    outer loop
      vertex 80.92066466808319 5.8608761459589 0
      vertex 80.92928931862116 5.870710681378841 14.8
      vertex 80.92928931862116 5.870710681378841 0
    endloop
  endfacet
  facet normal -0.6593455752726884 0.7518400178018776 0
    outer loop
      vertex 80.92928931862116 5.870710681378841 0
      vertex 80.9391238540411 5.879335331916809 14.8
      vertex 80.9391238540411 5.879335331916809 0
    endloop
  endfacet
  facet normal -0.5555700492687295 0.8314697350809236 0
    outer loop
      vertex 80.9391238540411 5.879335331916809 0
      vertex 80.95000000298023 5.886602538824081 14.8
      vertex 80.95000000298023 5.886602538824081 0
    endloop
  endfacet
  facet normal -0.44228877486654466 0.8968726997891344 0
    outer loop
      vertex 80.95000000298023 5.886602538824081 0
      vertex 80.96173165738583 5.892387951910496 14.8
      vertex 80.96173165738583 5.892387951910496 0
    endloop
  endfacet
  facet normal -0.06540305340084453 0.9978589282087154 0
    outer loop
      vertex 80.98694738000631 5.899144488573074 0
      vertex 81 5.900000001490116 14.8
      vertex 81 5.900000001490116 0
    endloop
  endfacet
  facet normal -0.19509054835722983 0.9807852353811589 0
    outer loop
      vertex 80.98694738000631 5.899144488573074 0
      vertex 80.9741180986166 5.896592582762241 0
      vertex 80.98694738000631 5.899144488573074 14.8
    endloop
  endfacet
  facet normal -0.32143950806452687 0.946930114979577 0
    outer loop
      vertex 80.96173165738583 5.892387951910496 0
      vertex 80.9741180986166 5.896592582762241 14.8
      vertex 80.9741180986166 5.896592582762241 0
    endloop
  endfacet
  facet normal 0 -1 0
    outer loop
      vertex 70.89999999850988 5.699999998509884 0
      vertex 70.89999999850988 5.699999998509884 14.8
      vertex 69.10000000149012 5.699999998509884 14.8
    endloop
  endfacet
  facet normal 0.9978589282087154 0.06540305340084453 0
    outer loop
      vertex 71.09914448857307 5.8130526199936865 0
      vertex 71.09914448857307 5.8130526199936865 14.8
      vertex 71.10000000149012 5.8 14.8
    endloop
  endfacet
  facet normal 0.9807852353811589 0.19509054835722983 0
    outer loop
      vertex 71.09659258276224 5.8258819013834 0
      vertex 71.09659258276224 5.8258819013834 14.8
      vertex 71.09914448857307 5.8130526199936865 14.8
    endloop
  endfacet
  facet normal 0.946930114979577 0.32143950806452687 0
    outer loop
      vertex 71.0923879519105 5.838268342614174 0
      vertex 71.0923879519105 5.838268342614174 14.8
      vertex 71.09659258276224 5.8258819013834 14.8
    endloop
  endfacet
  facet normal 0.8968726997891344 0.44228877486654466 0
    outer loop
      vertex 71.08660253882408 5.849999997019768 0
      vertex 71.08660253882408 5.849999997019768 14.8
      vertex 71.0923879519105 5.838268342614174 14.8
    endloop
  endfacet
  facet normal 0.8314697350809236 0.5555700492687295 0
    outer loop
      vertex 71.07933533191681 5.8608761459589 0
      vertex 71.07933533191681 5.8608761459589 14.8
      vertex 71.08660253882408 5.849999997019768 14.8
    endloop
  endfacet
  facet normal 0.7518400178018776 0.6593455752726884 0
    outer loop
      vertex 71.07071068137884 5.870710681378841 0
      vertex 71.07071068137884 5.870710681378841 14.8
      vertex 71.07933533191681 5.8608761459589 14.8
    endloop
  endfacet
  facet normal 0.6593455752726884 0.7518400178018776 0
    outer loop
      vertex 71.0608761459589 5.879335331916809 0
      vertex 71.0608761459589 5.879335331916809 14.8
      vertex 71.07071068137884 5.870710681378841 14.8
    endloop
  endfacet
  facet normal 0.19509054835722983 0.9807852353811589 0
    outer loop
      vertex 71.01305261999369 5.899144488573074 0
      vertex 71.01305261999369 5.899144488573074 14.8
      vertex 71.0258819013834 5.896592582762241 14.8
    endloop
  endfacet
  facet normal 0.06540305340084453 0.9978589282087154 0
    outer loop
      vertex 71 5.900000001490116 0
      vertex 71 5.900000001490116 14.8
      vertex 71.01305261999369 5.899144488573074 14.8
    endloop
  endfacet
  facet normal 0.5555700492687295 0.8314697350809236 0
    outer loop
      vertex 71.04999999701977 5.886602538824081 0
      vertex 71.04999999701977 5.886602538824081 14.8
      vertex 71.0608761459589 5.879335331916809 14.8
    endloop
  endfacet
  facet normal 0.44228877486654466 0.8968726997891344 0
    outer loop
      vertex 71.03826834261417 5.892387951910496 0
      vertex 71.03826834261417 5.892387951910496 14.8
      vertex 71.04999999701977 5.886602538824081 14.8
    endloop
  endfacet
  facet normal 0.32143950806452687 0.946930114979577 0
    outer loop
      vertex 71.0258819013834 5.896592582762241 0
      vertex 71.0258819013834 5.896592582762241 14.8
      vertex 71.03826834261417 5.892387951910496 14.8
    endloop
  endfacet
  facet normal -0.9978589282087154 0.06540305340084453 0
    outer loop
      vertex 72.89999999850988 5.8 0
      vertex 72.89999999850988 5.8 14.8
      vertex 72.90085551142693 5.8130526199936865 14.8
    endloop
  endfacet
  facet normal -0.9807852353811589 0.19509054835722983 0
    outer loop
      vertex 72.90085551142693 5.8130526199936865 0
      vertex 72.90085551142693 5.8130526199936865 14.8
      vertex 72.90340741723776 5.8258819013834 14.8
    endloop
  endfacet
  facet normal -0.946930114979577 0.32143950806452687 0
    outer loop
      vertex 72.90340741723776 5.8258819013834 0
      vertex 72.90340741723776 5.8258819013834 14.8
      vertex 72.9076120480895 5.838268342614174 14.8
    endloop
  endfacet
  facet normal -0.8968726997891344 0.44228877486654466 0
    outer loop
      vertex 72.9076120480895 5.838268342614174 0
      vertex 72.9076120480895 5.838268342614174 14.8
      vertex 72.91339746117592 5.849999997019768 14.8
    endloop
  endfacet
  facet normal -0.8314697350809236 0.5555700492687295 0
    outer loop
      vertex 72.91339746117592 5.849999997019768 0
      vertex 72.91339746117592 5.849999997019768 14.8
      vertex 72.92066466808319 5.8608761459589 14.8
    endloop
  endfacet
  facet normal -0.7518400178018776 0.6593455752726884 0
    outer loop
      vertex 72.92066466808319 5.8608761459589 0
      vertex 72.92066466808319 5.8608761459589 14.8
      vertex 72.92928931862116 5.870710681378841 14.8
    endloop
  endfacet
  facet normal -0.6593455752726884 0.7518400178018776 0
    outer loop
      vertex 72.92928931862116 5.870710681378841 0
      vertex 72.92928931862116 5.870710681378841 14.8
      vertex 72.9391238540411 5.879335331916809 14.8
    endloop
  endfacet
  facet normal -0.5555700492687295 0.8314697350809236 0
    outer loop
      vertex 72.9391238540411 5.879335331916809 0
      vertex 72.9391238540411 5.879335331916809 14.8
      vertex 72.95000000298023 5.886602538824081 14.8
    endloop
  endfacet
  facet normal -0.44228877486654466 0.8968726997891344 0
    outer loop
      vertex 72.95000000298023 5.886602538824081 0
      vertex 72.95000000298023 5.886602538824081 14.8
      vertex 72.96173165738583 5.892387951910496 14.8
    endloop
  endfacet
  facet normal -0.32143950806452687 0.946930114979577 0
    outer loop
      vertex 72.96173165738583 5.892387951910496 0
      vertex 72.96173165738583 5.892387951910496 14.8
      vertex 72.9741180986166 5.896592582762241 14.8
    endloop
  endfacet
  facet normal -0.19509054835722983 0.9807852353811589 0
    outer loop
      vertex 72.9741180986166 5.896592582762241 0
      vertex 72.9741180986166 5.896592582762241 14.8
      vertex 72.98694738000631 5.899144488573074 14.8
    endloop
  endfacet
  facet normal -0.06540305340084453 0.9978589282087154 0
    outer loop
      vertex 72.98694738000631 5.899144488573074 0
      vertex 72.98694738000631 5.899144488573074 14.8
      vertex 73 5.900000001490116 14.8
    endloop
  endfacet
  facet normal 0 1 0
    outer loop
      vertex 73 5.900000001490116 0
      vertex 73 5.900000001490116 14.8
      vertex 75 5.900000001490116 14.8
    endloop
  endfacet
  facet normal 0 -1 0
    outer loop
      vertex 74.89999999850988 5.699999998509884 0
      vertex 74.89999999850988 5.699999998509884 14.8
      vertex 73.10000000149012 5.699999998509884 14.8
    endloop
  endfacet
  facet normal 0.9978589282087154 0.06540305340084453 0
    outer loop
      vertex 75.09914448857307 5.8130526199936865 0
      vertex 75.09914448857307 5.8130526199936865 14.8
      vertex 75.10000000149012 5.8 14.8
    endloop
  endfacet
  facet normal 0.9807852353811589 0.19509054835722983 0
    outer loop
      vertex 75.09659258276224 5.8258819013834 0
      vertex 75.09659258276224 5.8258819013834 14.8
      vertex 75.09914448857307 5.8130526199936865 14.8
    endloop
  endfacet
  facet normal 0.946930114979577 0.32143950806452687 0
    outer loop
      vertex 75.0923879519105 5.838268342614174 0
      vertex 75.0923879519105 5.838268342614174 14.8
      vertex 75.09659258276224 5.8258819013834 14.8
    endloop
  endfacet
  facet normal 0.8968726997891344 0.44228877486654466 0
    outer loop
      vertex 75.08660253882408 5.849999997019768 0
      vertex 75.08660253882408 5.849999997019768 14.8
      vertex 75.0923879519105 5.838268342614174 14.8
    endloop
  endfacet
  facet normal 0.8314697350809236 0.5555700492687295 0
    outer loop
      vertex 75.07933533191681 5.8608761459589 0
      vertex 75.07933533191681 5.8608761459589 14.8
      vertex 75.08660253882408 5.849999997019768 14.8
    endloop
  endfacet
  facet normal 0.7518400178018776 0.6593455752726884 0
    outer loop
      vertex 75.07071068137884 5.870710681378841 0
      vertex 75.07071068137884 5.870710681378841 14.8
      vertex 75.07933533191681 5.8608761459589 14.8
    endloop
  endfacet
  facet normal 0.6593455752726884 0.7518400178018776 0
    outer loop
      vertex 75.0608761459589 5.879335331916809 0
      vertex 75.0608761459589 5.879335331916809 14.8
      vertex 75.07071068137884 5.870710681378841 14.8
    endloop
  endfacet
  facet normal 0.19509054835722983 0.9807852353811589 0
    outer loop
      vertex 75.01305261999369 5.899144488573074 0
      vertex 75.01305261999369 5.899144488573074 14.8
      vertex 75.0258819013834 5.896592582762241 14.8
    endloop
  endfacet
  facet normal 0.06540305340084453 0.9978589282087154 0
    outer loop
      vertex 75 5.900000001490116 0
      vertex 75 5.900000001490116 14.8
      vertex 75.01305261999369 5.899144488573074 14.8
    endloop
  endfacet
  facet normal 0.5555700492687295 0.8314697350809236 0
    outer loop
      vertex 75.04999999701977 5.886602538824081 0
      vertex 75.04999999701977 5.886602538824081 14.8
      vertex 75.0608761459589 5.879335331916809 14.8
    endloop
  endfacet
  facet normal 0.44228877486654466 0.8968726997891344 0
    outer loop
      vertex 75.03826834261417 5.892387951910496 0
      vertex 75.03826834261417 5.892387951910496 14.8
      vertex 75.04999999701977 5.886602538824081 14.8
    endloop
  endfacet
  facet normal 0.32143950806452687 0.946930114979577 0
    outer loop
      vertex 75.0258819013834 5.896592582762241 0
      vertex 75.0258819013834 5.896592582762241 14.8
      vertex 75.03826834261417 5.892387951910496 14.8
    endloop
  endfacet
  facet normal 0 0 1
    outer loop
      vertex 69.10000000149012 5.699999998509884 14.8
      vertex 70.89999999850988 5.699999998509884 14.8
      vertex 71 5.900000001490116 14.8
    endloop
  endfacet
  facet normal 0 0 1
    outer loop
      vertex 70.89999999850988 5.699999998509884 14.8
      vertex 71.10000000149012 5.8 14.8
      vertex 71.09914448857307 5.8130526199936865 14.8
    endloop
  endfacet
  facet normal 0 0 1
    outer loop
      vertex 70.89999999850988 5.699999998509884 14.8
      vertex 71.09914448857307 5.8130526199936865 14.8
      vertex 71.09659258276224 5.8258819013834 14.8
    endloop
  endfacet
  facet normal 0 0 1
    outer loop
      vertex 70.89999999850988 5.699999998509884 14.8
      vertex 71.09659258276224 5.8258819013834 14.8
      vertex 71.0923879519105 5.838268342614174 14.8
    endloop
  endfacet
  facet normal 0 0 1
    outer loop
      vertex 70.89999999850988 5.699999998509884 14.8
      vertex 71.07933533191681 5.8608761459589 14.8
      vertex 71.07071068137884 5.870710681378841 14.8
    endloop
  endfacet
  facet normal 0 0 1
    outer loop
      vertex 70.89999999850988 5.699999998509884 14.8
      vertex 71.0923879519105 5.838268342614174 14.8
      vertex 71.08660253882408 5.849999997019768 14.8
    endloop
  endfacet
  facet normal 0 0 1
    outer loop
      vertex 70.89999999850988 5.699999998509884 14.8
      vertex 71.08660253882408 5.849999997019768 14.8
      vertex 71.07933533191681 5.8608761459589 14.8
    endloop
  endfacet
  facet normal 0 0 1
    outer loop
      vertex 70.89999999850988 5.699999998509884 14.8
      vertex 71.07071068137884 5.870710681378841 14.8
      vertex 71.0608761459589 5.879335331916809 14.8
    endloop
  endfacet
  facet normal 0 0 1
    outer loop
      vertex 70.89999999850988 5.699999998509884 14.8
      vertex 71.0608761459589 5.879335331916809 14.8
      vertex 71.04999999701977 5.886602538824081 14.8
    endloop
  endfacet
  facet normal 0 0 1
    outer loop
      vertex 70.89999999850988 5.699999998509884 14.8
      vertex 71.04999999701977 5.886602538824081 14.8
      vertex 71.03826834261417 5.892387951910496 14.8
    endloop
  endfacet
  facet normal 0 0 1
    outer loop
      vertex 70.89999999850988 5.699999998509884 14.8
      vertex 71.01305261999369 5.899144488573074 14.8
      vertex 71 5.900000001490116 14.8
    endloop
  endfacet
  facet normal 0 0 1
    outer loop
      vertex 70.89999999850988 5.699999998509884 14.8
      vertex 71.0258819013834 5.896592582762241 14.8
      vertex 71.01305261999369 5.899144488573074 14.8
    endloop
  endfacet
  facet normal 0 0 1
    outer loop
      vertex 70.89999999850988 5.699999998509884 14.8
      vertex 71.03826834261417 5.892387951910496 14.8
      vertex 71.0258819013834 5.896592582762241 14.8
    endloop
  endfacet
  facet normal 0 0 1
    outer loop
      vertex 73.10000000149012 5.699999998509884 14.8
      vertex 72.90085551142693 5.8130526199936865 14.8
      vertex 72.89999999850988 5.8 14.8
    endloop
  endfacet
  facet normal 0 0 1
    outer loop
      vertex 73.10000000149012 5.699999998509884 14.8
      vertex 72.90340741723776 5.8258819013834 14.8
      vertex 72.90085551142693 5.8130526199936865 14.8
    endloop
  endfacet
  facet normal 0 0 1
    outer loop
      vertex 73.10000000149012 5.699999998509884 14.8
      vertex 72.9076120480895 5.838268342614174 14.8
      vertex 72.90340741723776 5.8258819013834 14.8
    endloop
  endfacet
  facet normal 0 0 1
    outer loop
      vertex 73.10000000149012 5.699999998509884 14.8
      vertex 72.91339746117592 5.849999997019768 14.8
      vertex 72.9076120480895 5.838268342614174 14.8
    endloop
  endfacet
  facet normal 0 0 1
    outer loop
      vertex 73.10000000149012 5.699999998509884 14.8
      vertex 72.92066466808319 5.8608761459589 14.8
      vertex 72.91339746117592 5.849999997019768 14.8
    endloop
  endfacet
  facet normal 0 0 1
    outer loop
      vertex 73.10000000149012 5.699999998509884 14.8
      vertex 72.92928931862116 5.870710681378841 14.8
      vertex 72.92066466808319 5.8608761459589 14.8
    endloop
  endfacet
  facet normal 0 0 1
    outer loop
      vertex 73.10000000149012 5.699999998509884 14.8
      vertex 74.89999999850988 5.699999998509884 14.8
      vertex 73 5.900000001490116 14.8
    endloop
  endfacet
  facet normal 0 0 1
    outer loop
      vertex 73.10000000149012 5.699999998509884 14.8
      vertex 72.9391238540411 5.879335331916809 14.8
      vertex 72.92928931862116 5.870710681378841 14.8
    endloop
  endfacet
  facet normal 0 0 1
    outer loop
      vertex 73.10000000149012 5.699999998509884 14.8
      vertex 72.95000000298023 5.886602538824081 14.8
      vertex 72.9391238540411 5.879335331916809 14.8
    endloop
  endfacet
  facet normal 0 0 1
    outer loop
      vertex 73.10000000149012 5.699999998509884 14.8
      vertex 72.96173165738583 5.892387951910496 14.8
      vertex 72.95000000298023 5.886602538824081 14.8
    endloop
  endfacet
  facet normal 0 0 1
    outer loop
      vertex 73.10000000149012 5.699999998509884 14.8
      vertex 72.98694738000631 5.899144488573074 14.8
      vertex 72.9741180986166 5.896592582762241 14.8
    endloop
  endfacet
  facet normal 0 0 1
    outer loop
      vertex 73.10000000149012 5.699999998509884 14.8
      vertex 72.9741180986166 5.896592582762241 14.8
      vertex 72.96173165738583 5.892387951910496 14.8
    endloop
  endfacet
  facet normal 0 0 1
    outer loop
      vertex 73.10000000149012 5.699999998509884 14.8
      vertex 73 5.900000001490116 14.8
      vertex 72.98694738000631 5.899144488573074 14.8
    endloop
  endfacet
  facet normal 0 0 1
    outer loop
      vertex 74.89999999850988 5.699999998509884 14.8
      vertex 75.10000000149012 5.8 14.8
      vertex 75.09914448857307 5.8130526199936865 14.8
    endloop
  endfacet
  facet normal 0 0 1
    outer loop
      vertex 74.89999999850988 5.699999998509884 14.8
      vertex 75.09914448857307 5.8130526199936865 14.8
      vertex 75.09659258276224 5.8258819013834 14.8
    endloop
  endfacet
  facet normal 0 0 1
    outer loop
      vertex 74.89999999850988 5.699999998509884 14.8
      vertex 75.09659258276224 5.8258819013834 14.8
      vertex 75.0923879519105 5.838268342614174 14.8
    endloop
  endfacet
  facet normal 0 0 1
    outer loop
      vertex 74.89999999850988 5.699999998509884 14.8
      vertex 75.07933533191681 5.8608761459589 14.8
      vertex 75.07071068137884 5.870710681378841 14.8
    endloop
  endfacet
  facet normal 0 0 1
    outer loop
      vertex 74.89999999850988 5.699999998509884 14.8
      vertex 75.08660253882408 5.849999997019768 14.8
      vertex 75.07933533191681 5.8608761459589 14.8
    endloop
  endfacet
  facet normal 0 0 1
    outer loop
      vertex 74.89999999850988 5.699999998509884 14.8
      vertex 75.0923879519105 5.838268342614174 14.8
      vertex 75.08660253882408 5.849999997019768 14.8
    endloop
  endfacet
  facet normal 0 0 1
    outer loop
      vertex 73 5.900000001490116 14.8
      vertex 74.89999999850988 5.699999998509884 14.8
      vertex 75 5.900000001490116 14.8
    endloop
  endfacet
  facet normal 0 0 1
    outer loop
      vertex 74.89999999850988 5.699999998509884 14.8
      vertex 75.07071068137884 5.870710681378841 14.8
      vertex 75.0608761459589 5.879335331916809 14.8
    endloop
  endfacet
  facet normal 0 0 1
    outer loop
      vertex 74.89999999850988 5.699999998509884 14.8
      vertex 75.0608761459589 5.879335331916809 14.8
      vertex 75.04999999701977 5.886602538824081 14.8
    endloop
  endfacet
  facet normal 0 0 1
    outer loop
      vertex 74.89999999850988 5.699999998509884 14.8
      vertex 75.04999999701977 5.886602538824081 14.8
      vertex 75.03826834261417 5.892387951910496 14.8
    endloop
  endfacet
  facet normal 0 0 1
    outer loop
      vertex 74.89999999850988 5.699999998509884 14.8
      vertex 75.03826834261417 5.892387951910496 14.8
      vertex 75.0258819013834 5.896592582762241 14.8
    endloop
  endfacet
  facet normal 0 0 1
    outer loop
      vertex 74.89999999850988 5.699999998509884 14.8
      vertex 75.0258819013834 5.896592582762241 14.8
      vertex 75.01305261999369 5.899144488573074 14.8
    endloop
  endfacet
  facet normal 0 0 1
    outer loop
      vertex 74.89999999850988 5.699999998509884 14.8
      vertex 75.01305261999369 5.899144488573074 14.8
      vertex 75 5.900000001490116 14.8
    endloop
  endfacet
  facet normal -0.9978589282087154 0.06540305340084453 0
    outer loop
      vertex 76.89999999850988 5.8 0
      vertex 76.89999999850988 5.8 14.8
      vertex 76.90085551142693 5.8130526199936865 14.8
    endloop
  endfacet
  facet normal -0.9807852353811589 0.19509054835722983 0
    outer loop
      vertex 76.90085551142693 5.8130526199936865 0
      vertex 76.90085551142693 5.8130526199936865 14.8
      vertex 76.90340741723776 5.8258819013834 14.8
    endloop
  endfacet
  facet normal -0.946930114979577 0.32143950806452687 0
    outer loop
      vertex 76.90340741723776 5.8258819013834 0
      vertex 76.90340741723776 5.8258819013834 14.8
      vertex 76.9076120480895 5.838268342614174 14.8
    endloop
  endfacet
  facet normal -0.8968726997891344 0.44228877486654466 0
    outer loop
      vertex 76.9076120480895 5.838268342614174 0
      vertex 76.9076120480895 5.838268342614174 14.8
      vertex 76.91339746117592 5.849999997019768 14.8
    endloop
  endfacet
  facet normal -0.8314697350809236 0.5555700492687295 0
    outer loop
      vertex 76.91339746117592 5.849999997019768 0
      vertex 76.91339746117592 5.849999997019768 14.8
      vertex 76.92066466808319 5.8608761459589 14.8
    endloop
  endfacet
  facet normal -0.7518400178018776 0.6593455752726884 0
    outer loop
      vertex 76.92066466808319 5.8608761459589 0
      vertex 76.92066466808319 5.8608761459589 14.8
      vertex 76.92928931862116 5.870710681378841 14.8
    endloop
  endfacet
  facet normal -0.6593455752726884 0.7518400178018776 0
    outer loop
      vertex 76.92928931862116 5.870710681378841 0
      vertex 76.92928931862116 5.870710681378841 14.8
      vertex 76.9391238540411 5.879335331916809 14.8
    endloop
  endfacet
  facet normal -0.5555700492687295 0.8314697350809236 0
    outer loop
      vertex 76.9391238540411 5.879335331916809 0
      vertex 76.9391238540411 5.879335331916809 14.8
      vertex 76.95000000298023 5.886602538824081 14.8
    endloop
  endfacet
  facet normal -0.44228877486654466 0.8968726997891344 0
    outer loop
      vertex 76.95000000298023 5.886602538824081 0
      vertex 76.95000000298023 5.886602538824081 14.8
      vertex 76.96173165738583 5.892387951910496 14.8
    endloop
  endfacet
  facet normal -0.32143950806452687 0.946930114979577 0
    outer loop
      vertex 76.96173165738583 5.892387951910496 0
      vertex 76.96173165738583 5.892387951910496 14.8
      vertex 76.9741180986166 5.896592582762241 14.8
    endloop
  endfacet
  facet normal -0.06540305340084453 0.9978589282087154 0
    outer loop
      vertex 76.98694738000631 5.899144488573074 0
      vertex 76.98694738000631 5.899144488573074 14.8
      vertex 77 5.900000001490116 14.8
    endloop
  endfacet
  facet normal -0.19509054835722983 0.9807852353811589 0
    outer loop
      vertex 76.9741180986166 5.896592582762241 0
      vertex 76.9741180986166 5.896592582762241 14.8
      vertex 76.98694738000631 5.899144488573074 14.8
    endloop
  endfacet
  facet normal 0 -1 0
    outer loop
      vertex 78.89999999850988 5.699999998509884 0
      vertex 78.89999999850988 5.699999998509884 14.8
      vertex 77.10000000149012 5.699999998509884 14.8
    endloop
  endfacet
  facet normal 0 1 0
    outer loop
      vertex 77 5.900000001490116 0
      vertex 77 5.900000001490116 14.8
      vertex 79 5.900000001490116 14.8
    endloop
  endfacet
  facet normal 0.9978589282087154 0.06540305340084453 0
    outer loop
      vertex 79.09914448857307 5.8130526199936865 0
      vertex 79.09914448857307 5.8130526199936865 14.8
      vertex 79.10000000149012 5.8 14.8
    endloop
  endfacet
  facet normal 0.9807852353811589 0.19509054835722983 0
    outer loop
      vertex 79.09659258276224 5.8258819013834 0
      vertex 79.09659258276224 5.8258819013834 14.8
      vertex 79.09914448857307 5.8130526199936865 14.8
    endloop
  endfacet
  facet normal 0.946930114979577 0.32143950806452687 0
    outer loop
      vertex 79.0923879519105 5.838268342614174 0
      vertex 79.0923879519105 5.838268342614174 14.8
      vertex 79.09659258276224 5.8258819013834 14.8
    endloop
  endfacet
  facet normal 0.8968726997891344 0.44228877486654466 0
    outer loop
      vertex 79.08660253882408 5.849999997019768 0
      vertex 79.08660253882408 5.849999997019768 14.8
      vertex 79.0923879519105 5.838268342614174 14.8
    endloop
  endfacet
  facet normal 0.8314697350809236 0.5555700492687295 0
    outer loop
      vertex 79.07933533191681 5.8608761459589 0
      vertex 79.07933533191681 5.8608761459589 14.8
      vertex 79.08660253882408 5.849999997019768 14.8
    endloop
  endfacet
  facet normal 0.7518400178018776 0.6593455752726884 0
    outer loop
      vertex 79.07071068137884 5.870710681378841 0
      vertex 79.07071068137884 5.870710681378841 14.8
      vertex 79.07933533191681 5.8608761459589 14.8
    endloop
  endfacet
  facet normal 0.6593455752726884 0.7518400178018776 0
    outer loop
      vertex 79.0608761459589 5.879335331916809 0
      vertex 79.0608761459589 5.879335331916809 14.8
      vertex 79.07071068137884 5.870710681378841 14.8
    endloop
  endfacet
  facet normal 0.06540305340084453 0.9978589282087154 0
    outer loop
      vertex 79 5.900000001490116 0
      vertex 79 5.900000001490116 14.8
      vertex 79.01305261999369 5.899144488573074 14.8
    endloop
  endfacet
  facet normal 0.19509054835722983 0.9807852353811589 0
    outer loop
      vertex 79.01305261999369 5.899144488573074 0
      vertex 79.01305261999369 5.899144488573074 14.8
      vertex 79.0258819013834 5.896592582762241 14.8
    endloop
  endfacet
  facet normal 0.5555700492687295 0.8314697350809236 0
    outer loop
      vertex 79.04999999701977 5.886602538824081 0
      vertex 79.04999999701977 5.886602538824081 14.8
      vertex 79.0608761459589 5.879335331916809 14.8
    endloop
  endfacet
  facet normal 0.44228877486654466 0.8968726997891344 0
    outer loop
      vertex 79.03826834261417 5.892387951910496 0
      vertex 79.03826834261417 5.892387951910496 14.8
      vertex 79.04999999701977 5.886602538824081 14.8
    endloop
  endfacet
  facet normal 0.32143950806452687 0.946930114979577 0
    outer loop
      vertex 79.0258819013834 5.896592582762241 0
      vertex 79.0258819013834 5.896592582762241 14.8
      vertex 79.03826834261417 5.892387951910496 14.8
    endloop
  endfacet
  facet normal -0.9978589282087154 0.06540305340084453 0
    outer loop
      vertex 80.89999999850988 5.8 0
      vertex 80.89999999850988 5.8 14.8
      vertex 80.90085551142693 5.8130526199936865 14.8
    endloop
  endfacet
  facet normal -0.9807852353811589 0.19509054835722983 0
    outer loop
      vertex 80.90085551142693 5.8130526199936865 0
      vertex 80.90085551142693 5.8130526199936865 14.8
      vertex 80.90340741723776 5.8258819013834 14.8
    endloop
  endfacet
  facet normal -0.946930114979577 0.32143950806452687 0
    outer loop
      vertex 80.90340741723776 5.8258819013834 0
      vertex 80.90340741723776 5.8258819013834 14.8
      vertex 80.9076120480895 5.838268342614174 14.8
    endloop
  endfacet
  facet normal -0.8968726997891344 0.44228877486654466 0
    outer loop
      vertex 80.9076120480895 5.838268342614174 0
      vertex 80.9076120480895 5.838268342614174 14.8
      vertex 80.91339746117592 5.849999997019768 14.8
    endloop
  endfacet
  facet normal -0.8314697350809236 0.5555700492687295 0
    outer loop
      vertex 80.91339746117592 5.849999997019768 0
      vertex 80.91339746117592 5.849999997019768 14.8
      vertex 80.92066466808319 5.8608761459589 14.8
    endloop
  endfacet
  facet normal -0.7518400178018776 0.6593455752726884 0
    outer loop
      vertex 80.92066466808319 5.8608761459589 0
      vertex 80.92066466808319 5.8608761459589 14.8
      vertex 80.92928931862116 5.870710681378841 14.8
    endloop
  endfacet
  facet normal -0.6593455752726884 0.7518400178018776 0
    outer loop
      vertex 80.92928931862116 5.870710681378841 0
      vertex 80.92928931862116 5.870710681378841 14.8
      vertex 80.9391238540411 5.879335331916809 14.8
    endloop
  endfacet
  facet normal -0.5555700492687295 0.8314697350809236 0
    outer loop
      vertex 80.9391238540411 5.879335331916809 0
      vertex 80.9391238540411 5.879335331916809 14.8
      vertex 80.95000000298023 5.886602538824081 14.8
    endloop
  endfacet
  facet normal -0.44228877486654466 0.8968726997891344 0
    outer loop
      vertex 80.95000000298023 5.886602538824081 0
      vertex 80.95000000298023 5.886602538824081 14.8
      vertex 80.96173165738583 5.892387951910496 14.8
    endloop
  endfacet
  facet normal -0.32143950806452687 0.946930114979577 0
    outer loop
      vertex 80.96173165738583 5.892387951910496 0
      vertex 80.96173165738583 5.892387951910496 14.8
      vertex 80.9741180986166 5.896592582762241 14.8
    endloop
  endfacet
  facet normal -0.06540305340084453 0.9978589282087154 0
    outer loop
      vertex 80.98694738000631 5.899144488573074 0
      vertex 80.98694738000631 5.899144488573074 14.8
      vertex 81 5.900000001490116 14.8
    endloop
  endfacet
  facet normal -0.19509054835722983 0.9807852353811589 0
    outer loop
      vertex 80.9741180986166 5.896592582762241 0
      vertex 80.9741180986166 5.896592582762241 14.8
      vertex 80.98694738000631 5.899144488573074 14.8
    endloop
  endfacet
  facet normal 0 0 1
    outer loop
      vertex 77.10000000149012 5.699999998509884 14.8
      vertex 76.90085551142693 5.8130526199936865 14.8
      vertex 76.89999999850988 5.8 14.8
    endloop
  endfacet
  facet normal 0 0 1
    outer loop
      vertex 77.10000000149012 5.699999998509884 14.8
      vertex 76.90340741723776 5.8258819013834 14.8
      vertex 76.90085551142693 5.8130526199936865 14.8
    endloop
  endfacet
  facet normal 0 0 1
    outer loop
      vertex 77.10000000149012 5.699999998509884 14.8
      vertex 76.9076120480895 5.838268342614174 14.8
      vertex 76.90340741723776 5.8258819013834 14.8
    endloop
  endfacet
  facet normal 0 0 1
    outer loop
      vertex 77.10000000149012 5.699999998509884 14.8
      vertex 76.91339746117592 5.849999997019768 14.8
      vertex 76.9076120480895 5.838268342614174 14.8
    endloop
  endfacet
  facet normal 0 0 1
    outer loop
      vertex 77.10000000149012 5.699999998509884 14.8
      vertex 76.92066466808319 5.8608761459589 14.8
      vertex 76.91339746117592 5.849999997019768 14.8
    endloop
  endfacet
  facet normal 0 0 1
    outer loop
      vertex 77.10000000149012 5.699999998509884 14.8
      vertex 76.92928931862116 5.870710681378841 14.8
      vertex 76.92066466808319 5.8608761459589 14.8
    endloop
  endfacet
  facet normal 0 0 1
    outer loop
      vertex 77.10000000149012 5.699999998509884 14.8
      vertex 76.9391238540411 5.879335331916809 14.8
      vertex 76.92928931862116 5.870710681378841 14.8
    endloop
  endfacet
  facet normal 0 0 1
    outer loop
      vertex 77.10000000149012 5.699999998509884 14.8
      vertex 76.95000000298023 5.886602538824081 14.8
      vertex 76.9391238540411 5.879335331916809 14.8
    endloop
  endfacet
  facet normal 0 0 1
    outer loop
      vertex 77.10000000149012 5.699999998509884 14.8
      vertex 76.96173165738583 5.892387951910496 14.8
      vertex 76.95000000298023 5.886602538824081 14.8
    endloop
  endfacet
  facet normal 0 0 1
    outer loop
      vertex 77.10000000149012 5.699999998509884 14.8
      vertex 76.98694738000631 5.899144488573074 14.8
      vertex 76.9741180986166 5.896592582762241 14.8
    endloop
  endfacet
  facet normal 0 0 1
    outer loop
      vertex 77.10000000149012 5.699999998509884 14.8
      vertex 76.9741180986166 5.896592582762241 14.8
      vertex 76.96173165738583 5.892387951910496 14.8
    endloop
  endfacet
  facet normal 0 0 1
    outer loop
      vertex 77.10000000149012 5.699999998509884 14.8
      vertex 77 5.900000001490116 14.8
      vertex 76.98694738000631 5.899144488573074 14.8
    endloop
  endfacet
  facet normal 0 0 1
    outer loop
      vertex 77.10000000149012 5.699999998509884 14.8
      vertex 78.89999999850988 5.699999998509884 14.8
      vertex 77 5.900000001490116 14.8
    endloop
  endfacet
  facet normal 0 0 1
    outer loop
      vertex 77 5.900000001490116 14.8
      vertex 78.89999999850988 5.699999998509884 14.8
      vertex 79 5.900000001490116 14.8
    endloop
  endfacet
  facet normal 0 0 1
    outer loop
      vertex 78.89999999850988 5.699999998509884 14.8
      vertex 79.10000000149012 5.8 14.8
      vertex 79.09914448857307 5.8130526199936865 14.8
    endloop
  endfacet
  facet normal 0 0 1
    outer loop
      vertex 78.89999999850988 5.699999998509884 14.8
      vertex 79.09914448857307 5.8130526199936865 14.8
      vertex 79.09659258276224 5.8258819013834 14.8
    endloop
  endfacet
  facet normal 0 0 1
    outer loop
      vertex 78.89999999850988 5.699999998509884 14.8
      vertex 79.09659258276224 5.8258819013834 14.8
      vertex 79.0923879519105 5.838268342614174 14.8
    endloop
  endfacet
  facet normal 0 0 1
    outer loop
      vertex 78.89999999850988 5.699999998509884 14.8
      vertex 79.08660253882408 5.849999997019768 14.8
      vertex 79.07933533191681 5.8608761459589 14.8
    endloop
  endfacet
  facet normal 0 0 1
    outer loop
      vertex 78.89999999850988 5.699999998509884 14.8
      vertex 79.07933533191681 5.8608761459589 14.8
      vertex 79.07071068137884 5.870710681378841 14.8
    endloop
  endfacet
  facet normal 0 0 1
    outer loop
      vertex 78.89999999850988 5.699999998509884 14.8
      vertex 79.0923879519105 5.838268342614174 14.8
      vertex 79.08660253882408 5.849999997019768 14.8
    endloop
  endfacet
  facet normal 0 0 1
    outer loop
      vertex 78.89999999850988 5.699999998509884 14.8
      vertex 79.07071068137884 5.870710681378841 14.8
      vertex 79.0608761459589 5.879335331916809 14.8
    endloop
  endfacet
  facet normal 0 0 1
    outer loop
      vertex 78.89999999850988 5.699999998509884 14.8
      vertex 79.0608761459589 5.879335331916809 14.8
      vertex 79.04999999701977 5.886602538824081 14.8
    endloop
  endfacet
  facet normal 0 0 1
    outer loop
      vertex 78.89999999850988 5.699999998509884 14.8
      vertex 79.0258819013834 5.896592582762241 14.8
      vertex 79.01305261999369 5.899144488573074 14.8
    endloop
  endfacet
  facet normal 0 0 1
    outer loop
      vertex 78.89999999850988 5.699999998509884 14.8
      vertex 79.01305261999369 5.899144488573074 14.8
      vertex 79 5.900000001490116 14.8
    endloop
  endfacet
  facet normal 0 0 1
    outer loop
      vertex 78.89999999850988 5.699999998509884 14.8
      vertex 79.04999999701977 5.886602538824081 14.8
      vertex 79.03826834261417 5.892387951910496 14.8
    endloop
  endfacet
  facet normal 0 0 1
    outer loop
      vertex 78.89999999850988 5.699999998509884 14.8
      vertex 79.03826834261417 5.892387951910496 14.8
      vertex 79.0258819013834 5.896592582762241 14.8
    endloop
  endfacet
  facet normal 0 0 1
    outer loop
      vertex 81.10000000149012 5.699999998509884 14.8
      vertex 80.90085551142693 5.8130526199936865 14.8
      vertex 80.89999999850988 5.8 14.8
    endloop
  endfacet
  facet normal 0 0 1
    outer loop
      vertex 81.10000000149012 5.699999998509884 14.8
      vertex 80.90340741723776 5.8258819013834 14.8
      vertex 80.90085551142693 5.8130526199936865 14.8
    endloop
  endfacet
  facet normal 0 0 1
    outer loop
      vertex 81.10000000149012 5.699999998509884 14.8
      vertex 80.9076120480895 5.838268342614174 14.8
      vertex 80.90340741723776 5.8258819013834 14.8
    endloop
  endfacet
  facet normal 0 0 1
    outer loop
      vertex 81.10000000149012 5.699999998509884 14.8
      vertex 80.91339746117592 5.849999997019768 14.8
      vertex 80.9076120480895 5.838268342614174 14.8
    endloop
  endfacet
  facet normal 0 0 1
    outer loop
      vertex 81.10000000149012 5.699999998509884 14.8
      vertex 80.92066466808319 5.8608761459589 14.8
      vertex 80.91339746117592 5.849999997019768 14.8
    endloop
  endfacet
  facet normal 0 0 1
    outer loop
      vertex 81.10000000149012 5.699999998509884 14.8
      vertex 80.92928931862116 5.870710681378841 14.8
      vertex 80.92066466808319 5.8608761459589 14.8
    endloop
  endfacet
  facet normal 0 0 1
    outer loop
      vertex 81.10000000149012 5.699999998509884 14.8
      vertex 80.9391238540411 5.879335331916809 14.8
      vertex 80.92928931862116 5.870710681378841 14.8
    endloop
  endfacet
  facet normal 0 0 1
    outer loop
      vertex 81.10000000149012 5.699999998509884 14.8
      vertex 80.95000000298023 5.886602538824081 14.8
      vertex 80.9391238540411 5.879335331916809 14.8
    endloop
  endfacet
  facet normal 0 0 1
    outer loop
      vertex 81.10000000149012 5.699999998509884 14.8
      vertex 80.96173165738583 5.892387951910496 14.8
      vertex 80.95000000298023 5.886602538824081 14.8
    endloop
  endfacet
  facet normal 0 0 1
    outer loop
      vertex 81.10000000149012 5.699999998509884 14.8
      vertex 80.98694738000631 5.899144488573074 14.8
      vertex 80.9741180986166 5.896592582762241 14.8
    endloop
  endfacet
  facet normal 0 0 1
    outer loop
      vertex 81.10000000149012 5.699999998509884 14.8
      vertex 80.9741180986166 5.896592582762241 14.8
      vertex 80.96173165738583 5.892387951910496 14.8
    endloop
  endfacet
  facet normal 0 0 1
    outer loop
      vertex 81.10000000149012 5.699999998509884 14.8
      vertex 81 5.900000001490116 14.8
      vertex 80.98694738000631 5.899144488573074 14.8
    endloop
  endfacet
  facet normal 0 0 -1
    outer loop
      vertex 83.10000000149012 0.9000000014901162 0
      vertex 82.89999999850988 5.699999998509884 0
      vertex 83.10000000149012 5.8 0
    endloop
  endfacet
  facet normal 0 0 -1
    outer loop
      vertex 84.89999999850988 0.9000000014901162 0
      vertex 84.89999999850988 5.900000001490116 0
      vertex 85.10000000149012 5.900000001490116 0
    endloop
  endfacet
  facet normal -1 0 0
    outer loop
      vertex 82.89999999850988 0.8 0
      vertex 82.89999999850988 5.699999998509884 14.8
      vertex 82.89999999850988 5.699999998509884 0
    endloop
  endfacet
  facet normal -1 0 0
    outer loop
      vertex 84.89999999850988 0.9000000014901162 0
      vertex 84.89999999850988 5.900000001490116 14.8
      vertex 84.89999999850988 5.900000001490116 0
    endloop
  endfacet
  facet normal 1 0 0
    outer loop
      vertex 83.10000000149012 0.9000000014901162 14.8
      vertex 83.10000000149012 5.8 0
      vertex 83.10000000149012 5.8 14.8
    endloop
  endfacet
  facet normal 1 0 0
    outer loop
      vertex 85.10000000149012 0.8 14.8
      vertex 85.10000000149012 5.900000001490116 0
      vertex 85.10000000149012 5.900000001490116 14.8
    endloop
  endfacet
  facet normal 0 0 1
    outer loop
      vertex 83.10000000149012 0.9000000014901162 14.8
      vertex 83.10000000149012 5.8 14.8
      vertex 82.89999999850988 5.699999998509884 14.8
    endloop
  endfacet
  facet normal 0 0 1
    outer loop
      vertex 84.89999999850988 0.9000000014901162 14.8
      vertex 85.10000000149012 5.900000001490116 14.8
      vertex 84.89999999850988 5.900000001490116 14.8
    endloop
  endfacet
  facet normal 0 0 -1
    outer loop
      vertex 81.10000000149012 5.699999998509884 0
      vertex 81 5.900000001490116 0
      vertex 82.89999999850988 5.699999998509884 0
    endloop
  endfacet
  facet normal 0 0 -1
    outer loop
      vertex 81 5.900000001490116 0
      vertex 83 5.900000001490116 0
      vertex 82.89999999850988 5.699999998509884 0
    endloop
  endfacet
  facet normal 0 0 -1
    outer loop
      vertex 82.89999999850988 5.699999998509884 0
      vertex 83.09914448857307 5.8130526199936865 0
      vertex 83.10000000149012 5.8 0
    endloop
  endfacet
  facet normal 0 0 -1
    outer loop
      vertex 82.89999999850988 5.699999998509884 0
      vertex 83.09659258276224 5.8258819013834 0
      vertex 83.09914448857307 5.8130526199936865 0
    endloop
  endfacet
  facet normal 0 0 -1
    outer loop
      vertex 82.89999999850988 5.699999998509884 0
      vertex 83.0923879519105 5.838268342614174 0
      vertex 83.09659258276224 5.8258819013834 0
    endloop
  endfacet
  facet normal 0 0 -1
    outer loop
      vertex 82.89999999850988 5.699999998509884 0
      vertex 83.07933533191681 5.8608761459589 0
      vertex 83.08660253882408 5.849999997019768 0
    endloop
  endfacet
  facet normal 0 0 -1
    outer loop
      vertex 82.89999999850988 5.699999998509884 0
      vertex 83.07071068137884 5.870710681378841 0
      vertex 83.07933533191681 5.8608761459589 0
    endloop
  endfacet
  facet normal 0 0 -1
    outer loop
      vertex 82.89999999850988 5.699999998509884 0
      vertex 83.08660253882408 5.849999997019768 0
      vertex 83.0923879519105 5.838268342614174 0
    endloop
  endfacet
  facet normal 0 0 -1
    outer loop
      vertex 82.89999999850988 5.699999998509884 0
      vertex 83.0608761459589 5.879335331916809 0
      vertex 83.07071068137884 5.870710681378841 0
    endloop
  endfacet
  facet normal 0 0 -1
    outer loop
      vertex 82.89999999850988 5.699999998509884 0
      vertex 83.04999999701977 5.886602538824081 0
      vertex 83.0608761459589 5.879335331916809 0
    endloop
  endfacet
  facet normal 0 0 -1
    outer loop
      vertex 82.89999999850988 5.699999998509884 0
      vertex 83.03826834261417 5.892387951910496 0
      vertex 83.04999999701977 5.886602538824081 0
    endloop
  endfacet
  facet normal 0 0 -1
    outer loop
      vertex 82.89999999850988 5.699999998509884 0
      vertex 83 5.900000001490116 0
      vertex 83.01305261999369 5.899144488573074 0
    endloop
  endfacet
  facet normal 0 0 -1
    outer loop
      vertex 82.89999999850988 5.699999998509884 0
      vertex 83.0258819013834 5.896592582762241 0
      vertex 83.03826834261417 5.892387951910496 0
    endloop
  endfacet
  facet normal 0 0 -1
    outer loop
      vertex 82.89999999850988 5.699999998509884 0
      vertex 83.01305261999369 5.899144488573074 0
      vertex 83.0258819013834 5.896592582762241 0
    endloop
  endfacet
  facet normal 0 -1 0
    outer loop
      vertex 81.10000000149012 5.699999998509884 0
      vertex 82.89999999850988 5.699999998509884 0
      vertex 81.10000000149012 5.699999998509884 14.8
    endloop
  endfacet
  facet normal 0 1 0
    outer loop
      vertex 81 5.900000001490116 0
      vertex 83 5.900000001490116 14.8
      vertex 83 5.900000001490116 0
    endloop
  endfacet
  facet normal 0.9978589282087154 0.06540305340084453 0
    outer loop
      vertex 83.10000000149012 5.8 0
      vertex 83.09914448857307 5.8130526199936865 0
      vertex 83.10000000149012 5.8 14.8
    endloop
  endfacet
  facet normal 0.9807852353811589 0.19509054835722983 0
    outer loop
      vertex 83.09914448857307 5.8130526199936865 0
      vertex 83.09659258276224 5.8258819013834 0
      vertex 83.09914448857307 5.8130526199936865 14.8
    endloop
  endfacet
  facet normal 0.946930114979577 0.32143950806452687 0
    outer loop
      vertex 83.09659258276224 5.8258819013834 0
      vertex 83.0923879519105 5.838268342614174 0
      vertex 83.09659258276224 5.8258819013834 14.8
    endloop
  endfacet
  facet normal 0.8968726997891344 0.44228877486654466 0
    outer loop
      vertex 83.0923879519105 5.838268342614174 0
      vertex 83.08660253882408 5.849999997019768 0
      vertex 83.0923879519105 5.838268342614174 14.8
    endloop
  endfacet
  facet normal 0.8314697350809236 0.5555700492687295 0
    outer loop
      vertex 83.08660253882408 5.849999997019768 0
      vertex 83.07933533191681 5.8608761459589 0
      vertex 83.08660253882408 5.849999997019768 14.8
    endloop
  endfacet
  facet normal 0.7518400178018776 0.6593455752726884 0
    outer loop
      vertex 83.07933533191681 5.8608761459589 0
      vertex 83.07071068137884 5.870710681378841 0
      vertex 83.07933533191681 5.8608761459589 14.8
    endloop
  endfacet
  facet normal 0.6593455752726884 0.7518400178018776 0
    outer loop
      vertex 83.0608761459589 5.879335331916809 0
      vertex 83.07071068137884 5.870710681378841 14.8
      vertex 83.07071068137884 5.870710681378841 0
    endloop
  endfacet
  facet normal 0.5555700492687295 0.8314697350809236 0
    outer loop
      vertex 83.0608761459589 5.879335331916809 0
      vertex 83.04999999701977 5.886602538824081 0
      vertex 83.0608761459589 5.879335331916809 14.8
    endloop
  endfacet
  facet normal 0.19509054835722983 0.9807852353811589 0
    outer loop
      vertex 83.0258819013834 5.896592582762241 0
      vertex 83.01305261999369 5.899144488573074 0
      vertex 83.0258819013834 5.896592582762241 14.8
    endloop
  endfacet
  facet normal 0.06540305340084453 0.9978589282087154 0
    outer loop
      vertex 83 5.900000001490116 0
      vertex 83.01305261999369 5.899144488573074 14.8
      vertex 83.01305261999369 5.899144488573074 0
    endloop
  endfacet
  facet normal 0.44228877486654466 0.8968726997891344 0
    outer loop
      vertex 83.04999999701977 5.886602538824081 0
      vertex 83.03826834261417 5.892387951910496 0
      vertex 83.04999999701977 5.886602538824081 14.8
    endloop
  endfacet
  facet normal 0.32143950806452687 0.946930114979577 0
    outer loop
      vertex 83.0258819013834 5.896592582762241 0
      vertex 83.03826834261417 5.892387951910496 14.8
      vertex 83.03826834261417 5.892387951910496 0
    endloop
  endfacet
  facet normal 0 1 0
    outer loop
      vertex 84.89999999850988 5.900000001490116 0
      vertex 85.10000000149012 5.900000001490116 14.8
      vertex 85.10000000149012 5.900000001490116 0
    endloop
  endfacet
  facet normal 0 -1 0
    outer loop
      vertex 82.89999999850988 5.699999998509884 0
      vertex 82.89999999850988 5.699999998509884 14.8
      vertex 81.10000000149012 5.699999998509884 14.8
    endloop
  endfacet
  facet normal 0 1 0
    outer loop
      vertex 81 5.900000001490116 0
      vertex 81 5.900000001490116 14.8
      vertex 83 5.900000001490116 14.8
    endloop
  endfacet
  facet normal 0.9978589282087154 0.06540305340084453 0
    outer loop
      vertex 83.09914448857307 5.8130526199936865 0
      vertex 83.09914448857307 5.8130526199936865 14.8
      vertex 83.10000000149012 5.8 14.8
    endloop
  endfacet
  facet normal 0.9807852353811589 0.19509054835722983 0
    outer loop
      vertex 83.09659258276224 5.8258819013834 0
      vertex 83.09659258276224 5.8258819013834 14.8
      vertex 83.09914448857307 5.8130526199936865 14.8
    endloop
  endfacet
  facet normal 0.946930114979577 0.32143950806452687 0
    outer loop
      vertex 83.0923879519105 5.838268342614174 0
      vertex 83.0923879519105 5.838268342614174 14.8
      vertex 83.09659258276224 5.8258819013834 14.8
    endloop
  endfacet
  facet normal 0.8968726997891344 0.44228877486654466 0
    outer loop
      vertex 83.08660253882408 5.849999997019768 0
      vertex 83.08660253882408 5.849999997019768 14.8
      vertex 83.0923879519105 5.838268342614174 14.8
    endloop
  endfacet
  facet normal 0.8314697350809236 0.5555700492687295 0
    outer loop
      vertex 83.07933533191681 5.8608761459589 0
      vertex 83.07933533191681 5.8608761459589 14.8
      vertex 83.08660253882408 5.849999997019768 14.8
    endloop
  endfacet
  facet normal 0.7518400178018776 0.6593455752726884 0
    outer loop
      vertex 83.07071068137884 5.870710681378841 0
      vertex 83.07071068137884 5.870710681378841 14.8
      vertex 83.07933533191681 5.8608761459589 14.8
    endloop
  endfacet
  facet normal 0.6593455752726884 0.7518400178018776 0
    outer loop
      vertex 83.0608761459589 5.879335331916809 0
      vertex 83.0608761459589 5.879335331916809 14.8
      vertex 83.07071068137884 5.870710681378841 14.8
    endloop
  endfacet
  facet normal 0.06540305340084453 0.9978589282087154 0
    outer loop
      vertex 83 5.900000001490116 0
      vertex 83 5.900000001490116 14.8
      vertex 83.01305261999369 5.899144488573074 14.8
    endloop
  endfacet
  facet normal 0.19509054835722983 0.9807852353811589 0
    outer loop
      vertex 83.01305261999369 5.899144488573074 0
      vertex 83.01305261999369 5.899144488573074 14.8
      vertex 83.0258819013834 5.896592582762241 14.8
    endloop
  endfacet
  facet normal 0.5555700492687295 0.8314697350809236 0
    outer loop
      vertex 83.04999999701977 5.886602538824081 0
      vertex 83.04999999701977 5.886602538824081 14.8
      vertex 83.0608761459589 5.879335331916809 14.8
    endloop
  endfacet
  facet normal 0.44228877486654466 0.8968726997891344 0
    outer loop
      vertex 83.03826834261417 5.892387951910496 0
      vertex 83.03826834261417 5.892387951910496 14.8
      vertex 83.04999999701977 5.886602538824081 14.8
    endloop
  endfacet
  facet normal 0.32143950806452687 0.946930114979577 0
    outer loop
      vertex 83.0258819013834 5.896592582762241 0
      vertex 83.0258819013834 5.896592582762241 14.8
      vertex 83.03826834261417 5.892387951910496 14.8
    endloop
  endfacet
  facet normal 0 1 0
    outer loop
      vertex 84.89999999850988 5.900000001490116 0
      vertex 84.89999999850988 5.900000001490116 14.8
      vertex 85.10000000149012 5.900000001490116 14.8
    endloop
  endfacet
  facet normal 0 0 1
    outer loop
      vertex 81.10000000149012 5.699999998509884 14.8
      vertex 82.89999999850988 5.699999998509884 14.8
      vertex 81 5.900000001490116 14.8
    endloop
  endfacet
  facet normal 0 0 1
    outer loop
      vertex 81 5.900000001490116 14.8
      vertex 82.89999999850988 5.699999998509884 14.8
      vertex 83 5.900000001490116 14.8
    endloop
  endfacet
  facet normal 0 0 1
    outer loop
      vertex 82.89999999850988 5.699999998509884 14.8
      vertex 83.10000000149012 5.8 14.8
      vertex 83.09914448857307 5.8130526199936865 14.8
    endloop
  endfacet
  facet normal 0 0 1
    outer loop
      vertex 82.89999999850988 5.699999998509884 14.8
      vertex 83.09914448857307 5.8130526199936865 14.8
      vertex 83.09659258276224 5.8258819013834 14.8
    endloop
  endfacet
  facet normal 0 0 1
    outer loop
      vertex 82.89999999850988 5.699999998509884 14.8
      vertex 83.09659258276224 5.8258819013834 14.8
      vertex 83.0923879519105 5.838268342614174 14.8
    endloop
  endfacet
  facet normal 0 0 1
    outer loop
      vertex 82.89999999850988 5.699999998509884 14.8
      vertex 83.08660253882408 5.849999997019768 14.8
      vertex 83.07933533191681 5.8608761459589 14.8
    endloop
  endfacet
  facet normal 0 0 1
    outer loop
      vertex 82.89999999850988 5.699999998509884 14.8
      vertex 83.07933533191681 5.8608761459589 14.8
      vertex 83.07071068137884 5.870710681378841 14.8
    endloop
  endfacet
  facet normal 0 0 1
    outer loop
      vertex 82.89999999850988 5.699999998509884 14.8
      vertex 83.0923879519105 5.838268342614174 14.8
      vertex 83.08660253882408 5.849999997019768 14.8
    endloop
  endfacet
  facet normal 0 0 1
    outer loop
      vertex 82.89999999850988 5.699999998509884 14.8
      vertex 83.07071068137884 5.870710681378841 14.8
      vertex 83.0608761459589 5.879335331916809 14.8
    endloop
  endfacet
  facet normal 0 0 1
    outer loop
      vertex 82.89999999850988 5.699999998509884 14.8
      vertex 83.0608761459589 5.879335331916809 14.8
      vertex 83.04999999701977 5.886602538824081 14.8
    endloop
  endfacet
  facet normal 0 0 1
    outer loop
      vertex 82.89999999850988 5.699999998509884 14.8
      vertex 83.04999999701977 5.886602538824081 14.8
      vertex 83.03826834261417 5.892387951910496 14.8
    endloop
  endfacet
  facet normal 0 0 1
    outer loop
      vertex 82.89999999850988 5.699999998509884 14.8
      vertex 83.01305261999369 5.899144488573074 14.8
      vertex 83 5.900000001490116 14.8
    endloop
  endfacet
  facet normal 0 0 1
    outer loop
      vertex 82.89999999850988 5.699999998509884 14.8
      vertex 83.03826834261417 5.892387951910496 14.8
      vertex 83.0258819013834 5.896592582762241 14.8
    endloop
  endfacet
  facet normal 0 0 1
    outer loop
      vertex 82.89999999850988 5.699999998509884 14.8
      vertex 83.0258819013834 5.896592582762241 14.8
      vertex 83.01305261999369 5.899144488573074 14.8
    endloop
  endfacet
endsolid OpenSCAD_Model
